Modified or unmodified,Cross-linked or uncross-linked,Adsorbent dosage (g/L) ,Reactor temperature (℃),Initial P concentration (mg/L),Reaction time (min),Solution pH,Pore volume (cm³/g),BET surface area (m²/g),P adsorption capacity (mg/g),Modified material type_1,Modified material type_2,Modified material type_3,Modified material type_4,Modified material type_5,Modified material type_6,Modified material type_7,Modified material type_8,Modified material type_9,Modified material type_10,Modified material type_11,Modified material type_12,Modified material type_13,Modified material type_14,Modified material type_15,Modified material type_16,Modified material type_17,Modified material type_18,Modified material type_19,Modified material type_20,Modified material type_21,Modified material type_22,Modified material type_23,Modified material type_24,Modified material type_25,Modified material type_26,Modified material type_27,Modified material type_28,Modified material type_29,Modified material type_30
1,1,1.0,25.0,50.0,120.0,5.3,0.412,105.53,3.65,True,False,False,False,False,False,False,False,False,False,False,False,False,False,False,False,False,False,False,False,False,False,False,False,False,False,False,False,False,False
1,1,1.0,25.0,50.0,400.0,5.3,0.412,105.53,4.5,True,False,False,False,False,False,False,False,False,False,False,False,False,False,False,False,False,False,False,False,False,False,False,False,False,False,False,False,False,False
1,1,1.0,25.0,100.0,400.0,5.3,0.412,105.53,8.5,True,False,False,False,False,False,False,False,False,False,False,False,False,False,False,False,False,False,False,False,False,False,False,False,False,False,False,False,False,False
1,1,1.0,25.0,200.0,400.0,5.3,0.412,105.53,15.2,True,False,False,False,False,False,False,False,False,False,False,False,False,False,False,False,False,False,False,False,False,False,False,False,False,False,False,False,False,False
1,1,1.0,25.0,300.0,400.0,5.3,0.412,105.53,20.8,True,False,False,False,False,False,False,False,False,False,False,False,False,False,False,False,False,False,False,False,False,False,False,False,False,False,False,False,False,False
1,1,1.0,25.0,400.0,400.0,5.3,0.412,105.53,23.5,True,False,False,False,False,False,False,False,False,False,False,False,False,False,False,False,False,False,False,False,False,False,False,False,False,False,False,False,False,False
1,1,1.0,25.0,500.0,400.0,5.3,0.412,105.53,24.2,True,False,False,False,False,False,False,False,False,False,False,False,False,False,False,False,False,False,False,False,False,False,False,False,False,False,False,False,False,False
1,1,1.0,35.0,50.0,400.0,5.3,0.412,105.53,5.2,True,False,False,False,False,False,False,False,False,False,False,False,False,False,False,False,False,False,False,False,False,False,False,False,False,False,False,False,False,False
1,1,1.0,35.0,100.0,400.0,5.3,0.412,105.53,10.5,True,False,False,False,False,False,False,False,False,False,False,False,False,False,False,False,False,False,False,False,False,False,False,False,False,False,False,False,False,False
1,1,1.0,35.0,200.0,400.0,5.3,0.412,105.53,18.8,True,False,False,False,False,False,False,False,False,False,False,False,False,False,False,False,False,False,False,False,False,False,False,False,False,False,False,False,False,False
1,1,1.0,35.0,300.0,400.0,5.3,0.412,105.53,24.5,True,False,False,False,False,False,False,False,False,False,False,False,False,False,False,False,False,False,False,False,False,False,False,False,False,False,False,False,False,False
1,1,1.0,35.0,400.0,400.0,5.3,0.412,105.53,26.8,True,False,False,False,False,False,False,False,False,False,False,False,False,False,False,False,False,False,False,False,False,False,False,False,False,False,False,False,False,False
1,1,1.0,35.0,500.0,400.0,5.3,0.412,105.53,27.5,True,False,False,False,False,False,False,False,False,False,False,False,False,False,False,False,False,False,False,False,False,False,False,False,False,False,False,False,False,False
1,1,1.0,45.0,50.0,400.0,5.3,0.412,105.53,6.1,True,False,False,False,False,False,False,False,False,False,False,False,False,False,False,False,False,False,False,False,False,False,False,False,False,False,False,False,False,False
1,1,1.0,45.0,100.0,400.0,5.3,0.412,105.53,12.2,True,False,False,False,False,False,False,False,False,False,False,False,False,False,False,False,False,False,False,False,False,False,False,False,False,False,False,False,False,False
1,1,1.0,45.0,200.0,400.0,5.3,0.412,105.53,21.5,True,False,False,False,False,False,False,False,False,False,False,False,False,False,False,False,False,False,False,False,False,False,False,False,False,False,False,False,False,False
1,1,1.0,45.0,300.0,400.0,5.3,0.412,105.53,28.2,True,False,False,False,False,False,False,False,False,False,False,False,False,False,False,False,False,False,False,False,False,False,False,False,False,False,False,False,False,False
1,1,1.0,45.0,400.0,400.0,5.3,0.412,105.53,30.5,True,False,False,False,False,False,False,False,False,False,False,False,False,False,False,False,False,False,False,False,False,False,False,False,False,False,False,False,False,False
1,1,1.0,45.0,500.0,400.0,5.3,0.412,105.53,31.2,True,False,False,False,False,False,False,False,False,False,False,False,False,False,False,False,False,False,False,False,False,False,False,False,False,False,False,False,False,False
1,1,1.0,25.0,100.0,720.0,5.4,9.223,114.4,20.3,True,False,False,False,False,False,False,False,False,False,False,False,False,False,False,False,False,False,False,False,False,False,False,False,False,False,False,False,False,False
1,1,1.0,25.0,50.0,720.0,5.4,9.223,114.4,25.0,True,False,False,False,False,False,False,False,False,False,False,False,False,False,False,False,False,False,False,False,False,False,False,False,False,False,False,False,False,False
1,1,1.0,35.0,100.0,720.0,5.4,9.223,114.4,22.5,True,False,False,False,False,False,False,False,False,False,False,False,False,False,False,False,False,False,False,False,False,False,False,False,False,False,False,False,False,False
1,1,1.0,45.0,100.0,720.0,5.4,9.223,114.4,24.0,True,False,False,False,False,False,False,False,False,False,False,False,False,False,False,False,False,False,False,False,False,False,False,False,False,False,False,False,False,False
1,1,1.0,25.0,50.0,30.0,5.3,0.523,108.18,35.2,False,True,False,False,False,False,False,False,False,False,False,False,False,False,False,False,False,False,False,False,False,False,False,False,False,False,False,False,False,False
1,1,1.0,25.0,50.0,60.0,5.3,0.523,108.18,52.8,False,True,False,False,False,False,False,False,False,False,False,False,False,False,False,False,False,False,False,False,False,False,False,False,False,False,False,False,False,False
1,1,1.0,25.0,50.0,120.0,5.3,0.523,108.18,83.0,False,True,False,False,False,False,False,False,False,False,False,False,False,False,False,False,False,False,False,False,False,False,False,False,False,False,False,False,False,False
1,1,1.0,25.0,50.0,200.0,5.3,0.523,108.18,95.5,False,True,False,False,False,False,False,False,False,False,False,False,False,False,False,False,False,False,False,False,False,False,False,False,False,False,False,False,False,False
1,1,1.0,25.0,50.0,300.0,5.3,0.523,108.18,101.2,False,True,False,False,False,False,False,False,False,False,False,False,False,False,False,False,False,False,False,False,False,False,False,False,False,False,False,False,False,False
1,1,1.0,25.0,50.0,400.0,5.3,0.523,108.18,104.26,False,True,False,False,False,False,False,False,False,False,False,False,False,False,False,False,False,False,False,False,False,False,False,False,False,False,False,False,False,False
1,1,1.0,25.0,50.0,600.0,5.3,0.523,108.18,105.5,False,True,False,False,False,False,False,False,False,False,False,False,False,False,False,False,False,False,False,False,False,False,False,False,False,False,False,False,False,False
1,1,1.0,25.0,50.0,800.0,5.3,0.523,108.18,106.0,False,True,False,False,False,False,False,False,False,False,False,False,False,False,False,False,False,False,False,False,False,False,False,False,False,False,False,False,False,False
1,1,1.0,25.0,50.0,1400.0,5.3,0.523,108.18,106.5,False,True,False,False,False,False,False,False,False,False,False,False,False,False,False,False,False,False,False,False,False,False,False,False,False,False,False,False,False,False
1,1,1.0,25.0,100.0,400.0,5.3,0.523,108.18,75.5,False,True,False,False,False,False,False,False,False,False,False,False,False,False,False,False,False,False,False,False,False,False,False,False,False,False,False,False,False,False
1,1,1.0,25.0,200.0,400.0,5.3,0.523,108.18,88.2,False,True,False,False,False,False,False,False,False,False,False,False,False,False,False,False,False,False,False,False,False,False,False,False,False,False,False,False,False,False
1,1,1.0,25.0,300.0,400.0,5.3,0.523,108.18,92.5,False,True,False,False,False,False,False,False,False,False,False,False,False,False,False,False,False,False,False,False,False,False,False,False,False,False,False,False,False,False
1,1,1.0,25.0,400.0,400.0,5.3,0.523,108.18,96.8,False,True,False,False,False,False,False,False,False,False,False,False,False,False,False,False,False,False,False,False,False,False,False,False,False,False,False,False,False,False
1,1,1.0,25.0,500.0,400.0,5.3,0.523,108.18,102.5,False,True,False,False,False,False,False,False,False,False,False,False,False,False,False,False,False,False,False,False,False,False,False,False,False,False,False,False,False,False
1,1,1.0,25.0,50.0,400.0,2.0,0.523,108.18,48.33,False,True,False,False,False,False,False,False,False,False,False,False,False,False,False,False,False,False,False,False,False,False,False,False,False,False,False,False,False,False
1,1,1.0,25.0,50.0,400.0,3.0,0.523,108.18,43.26,False,True,False,False,False,False,False,False,False,False,False,False,False,False,False,False,False,False,False,False,False,False,False,False,False,False,False,False,False,False
1,1,1.0,25.0,50.0,400.0,4.0,0.523,108.18,41.15,False,True,False,False,False,False,False,False,False,False,False,False,False,False,False,False,False,False,False,False,False,False,False,False,False,False,False,False,False,False
1,1,1.0,25.0,50.0,400.0,5.0,0.523,108.18,39.5,False,True,False,False,False,False,False,False,False,False,False,False,False,False,False,False,False,False,False,False,False,False,False,False,False,False,False,False,False,False
1,1,1.0,25.0,50.0,400.0,6.0,0.523,108.18,38.2,False,True,False,False,False,False,False,False,False,False,False,False,False,False,False,False,False,False,False,False,False,False,False,False,False,False,False,False,False,False
1,1,1.0,25.0,50.0,400.0,7.0,0.523,108.18,33.8,False,True,False,False,False,False,False,False,False,False,False,False,False,False,False,False,False,False,False,False,False,False,False,False,False,False,False,False,False,False
1,1,1.0,25.0,50.0,400.0,8.0,0.523,108.18,30.5,False,True,False,False,False,False,False,False,False,False,False,False,False,False,False,False,False,False,False,False,False,False,False,False,False,False,False,False,False,False
1,1,1.0,25.0,50.0,400.0,9.0,0.523,108.18,26.8,False,True,False,False,False,False,False,False,False,False,False,False,False,False,False,False,False,False,False,False,False,False,False,False,False,False,False,False,False,False
1,1,1.0,25.0,50.0,400.0,10.0,0.523,108.18,20.1,False,True,False,False,False,False,False,False,False,False,False,False,False,False,False,False,False,False,False,False,False,False,False,False,False,False,False,False,False,False
1,1,1.0,25.0,50.0,400.0,11.0,0.523,108.18,16.5,False,True,False,False,False,False,False,False,False,False,False,False,False,False,False,False,False,False,False,False,False,False,False,False,False,False,False,False,False,False
1,1,1.0,25.0,50.0,400.0,12.0,0.523,108.18,11.8,False,True,False,False,False,False,False,False,False,False,False,False,False,False,False,False,False,False,False,False,False,False,False,False,False,False,False,False,False,False
1,1,1.0,25.0,50.0,400.0,5.3,0.523,108.18,104.26,False,True,False,False,False,False,False,False,False,False,False,False,False,False,False,False,False,False,False,False,False,False,False,False,False,False,False,False,False,False
1,1,1.0,35.0,50.0,400.0,5.3,0.523,108.18,114.1,False,True,False,False,False,False,False,False,False,False,False,False,False,False,False,False,False,False,False,False,False,False,False,False,False,False,False,False,False,False
1,1,1.0,35.0,100.0,400.0,5.3,0.523,108.18,92.5,False,True,False,False,False,False,False,False,False,False,False,False,False,False,False,False,False,False,False,False,False,False,False,False,False,False,False,False,False,False
1,1,1.0,35.0,200.0,400.0,5.3,0.523,108.18,102.8,False,True,False,False,False,False,False,False,False,False,False,False,False,False,False,False,False,False,False,False,False,False,False,False,False,False,False,False,False,False
1,1,1.0,35.0,300.0,400.0,5.3,0.523,108.18,108.5,False,True,False,False,False,False,False,False,False,False,False,False,False,False,False,False,False,False,False,False,False,False,False,False,False,False,False,False,False,False
1,1,1.0,35.0,400.0,400.0,5.3,0.523,108.18,112.2,False,True,False,False,False,False,False,False,False,False,False,False,False,False,False,False,False,False,False,False,False,False,False,False,False,False,False,False,False,False
1,1,1.0,35.0,500.0,400.0,5.3,0.523,108.18,114.1,False,True,False,False,False,False,False,False,False,False,False,False,False,False,False,False,False,False,False,False,False,False,False,False,False,False,False,False,False,False
1,1,1.0,45.0,50.0,400.0,5.3,0.523,108.18,120.04,False,True,False,False,False,False,False,False,False,False,False,False,False,False,False,False,False,False,False,False,False,False,False,False,False,False,False,False,False,False
1,1,1.0,45.0,100.0,400.0,5.3,0.523,108.18,98.5,False,True,False,False,False,False,False,False,False,False,False,False,False,False,False,False,False,False,False,False,False,False,False,False,False,False,False,False,False,False
1,1,1.0,45.0,200.0,400.0,5.3,0.523,108.18,108.2,False,True,False,False,False,False,False,False,False,False,False,False,False,False,False,False,False,False,False,False,False,False,False,False,False,False,False,False,False,False
1,1,1.0,45.0,300.0,400.0,5.3,0.523,108.18,114.8,False,True,False,False,False,False,False,False,False,False,False,False,False,False,False,False,False,False,False,False,False,False,False,False,False,False,False,False,False,False
1,1,1.0,45.0,400.0,400.0,5.3,0.523,108.18,118.5,False,True,False,False,False,False,False,False,False,False,False,False,False,False,False,False,False,False,False,False,False,False,False,False,False,False,False,False,False,False
1,1,1.0,45.0,500.0,400.0,5.3,0.523,108.18,120.04,False,True,False,False,False,False,False,False,False,False,False,False,False,False,False,False,False,False,False,False,False,False,False,False,False,False,False,False,False,False
1,1,1.0,25.0,18.95,30.0,7.0,0.523,108.18,8.5,False,True,False,False,False,False,False,False,False,False,False,False,False,False,False,False,False,False,False,False,False,False,False,False,False,False,False,False,False,False
1,1,1.0,25.0,18.95,60.0,7.0,0.523,108.18,15.2,False,True,False,False,False,False,False,False,False,False,False,False,False,False,False,False,False,False,False,False,False,False,False,False,False,False,False,False,False,False
1,1,1.0,25.0,18.95,120.0,7.0,0.523,108.18,22.5,False,True,False,False,False,False,False,False,False,False,False,False,False,False,False,False,False,False,False,False,False,False,False,False,False,False,False,False,False,False
1,1,1.0,25.0,18.95,200.0,7.0,0.523,108.18,26.8,False,True,False,False,False,False,False,False,False,False,False,False,False,False,False,False,False,False,False,False,False,False,False,False,False,False,False,False,False,False
1,1,1.0,25.0,18.95,300.0,7.0,0.523,108.18,28.5,False,True,False,False,False,False,False,False,False,False,False,False,False,False,False,False,False,False,False,False,False,False,False,False,False,False,False,False,False,False
1,1,1.0,25.0,18.95,400.0,7.0,0.523,108.18,29.2,False,True,False,False,False,False,False,False,False,False,False,False,False,False,False,False,False,False,False,False,False,False,False,False,False,False,False,False,False,False
1,1,1.0,25.0,18.95,600.0,7.0,0.523,108.18,29.5,False,True,False,False,False,False,False,False,False,False,False,False,False,False,False,False,False,False,False,False,False,False,False,False,False,False,False,False,False,False
1,1,0.5,25.0,18.95,300.0,7.0,0.523,108.18,30.0,False,True,False,False,False,False,False,False,False,False,False,False,False,False,False,False,False,False,False,False,False,False,False,False,False,False,False,False,False,False
1,1,1.0,25.0,18.95,300.0,7.0,0.523,108.18,19.0,False,True,False,False,False,False,False,False,False,False,False,False,False,False,False,False,False,False,False,False,False,False,False,False,False,False,False,False,False,False
1,1,1.5,25.0,18.95,300.0,7.0,0.523,108.18,13.0,False,True,False,False,False,False,False,False,False,False,False,False,False,False,False,False,False,False,False,False,False,False,False,False,False,False,False,False,False,False
1,1,1.0,25.0,50.0,400.0,5.3,0.523,108.18,43.26,False,True,False,False,False,False,False,False,False,False,False,False,False,False,False,False,False,False,False,False,False,False,False,False,False,False,False,False,False,False
1,1,1.0,25.0,50.0,400.0,5.3,0.523,108.18,38.5,False,True,False,False,False,False,False,False,False,False,False,False,False,False,False,False,False,False,False,False,False,False,False,False,False,False,False,False,False,False
1,1,1.0,25.0,50.0,400.0,5.3,0.523,108.18,34.2,False,True,False,False,False,False,False,False,False,False,False,False,False,False,False,False,False,False,False,False,False,False,False,False,False,False,False,False,False,False
1,1,1.0,25.0,50.0,400.0,5.3,0.523,108.18,31.5,False,True,False,False,False,False,False,False,False,False,False,False,False,False,False,False,False,False,False,False,False,False,False,False,False,False,False,False,False,False
1,1,1.0,25.0,50.0,400.0,5.3,0.523,108.18,28.76,False,True,False,False,False,False,False,False,False,False,False,False,False,False,False,False,False,False,False,False,False,False,False,False,False,False,False,False,False,False
1,1,1.0,25.0,50.0,120.0,2.0,0.0469,22.1,46.68,False,True,False,False,False,False,False,False,False,False,False,False,False,False,False,False,False,False,False,False,False,False,False,False,False,False,False,False,False,False
1,1,1.0,25.0,50.0,120.0,3.0,0.0469,22.1,50.84,False,True,False,False,False,False,False,False,False,False,False,False,False,False,False,False,False,False,False,False,False,False,False,False,False,False,False,False,False,False
1,1,1.0,25.0,50.0,120.0,4.0,0.0469,22.1,39.0,False,True,False,False,False,False,False,False,False,False,False,False,False,False,False,False,False,False,False,False,False,False,False,False,False,False,False,False,False,False
1,1,1.0,25.0,50.0,120.0,5.0,0.0469,22.1,37.0,False,True,False,False,False,False,False,False,False,False,False,False,False,False,False,False,False,False,False,False,False,False,False,False,False,False,False,False,False,False
1,1,1.0,25.0,50.0,120.0,6.0,0.0469,22.1,35.0,False,True,False,False,False,False,False,False,False,False,False,False,False,False,False,False,False,False,False,False,False,False,False,False,False,False,False,False,False,False
1,1,1.0,25.0,50.0,120.0,7.0,0.0469,22.1,33.0,False,True,False,False,False,False,False,False,False,False,False,False,False,False,False,False,False,False,False,False,False,False,False,False,False,False,False,False,False,False
1,1,1.0,25.0,50.0,120.0,8.0,0.0469,22.1,27.0,False,True,False,False,False,False,False,False,False,False,False,False,False,False,False,False,False,False,False,False,False,False,False,False,False,False,False,False,False,False
1,1,1.0,25.0,50.0,120.0,9.0,0.0469,22.1,25.0,False,True,False,False,False,False,False,False,False,False,False,False,False,False,False,False,False,False,False,False,False,False,False,False,False,False,False,False,False,False
1,1,1.0,25.0,50.0,120.0,10.0,0.0469,22.1,18.0,False,True,False,False,False,False,False,False,False,False,False,False,False,False,False,False,False,False,False,False,False,False,False,False,False,False,False,False,False,False
1,1,1.0,25.0,50.0,120.0,11.0,0.0469,22.1,16.0,False,True,False,False,False,False,False,False,False,False,False,False,False,False,False,False,False,False,False,False,False,False,False,False,False,False,False,False,False,False
1,1,1.0,25.0,50.0,120.0,12.0,0.0469,22.1,16.38,False,True,False,False,False,False,False,False,False,False,False,False,False,False,False,False,False,False,False,False,False,False,False,False,False,False,False,False,False,False
1,1,0.25,25.0,100.0,120.0,5.3,0.0469,22.1,44.0,False,True,False,False,False,False,False,False,False,False,False,False,False,False,False,False,False,False,False,False,False,False,False,False,False,False,False,False,False,False
1,1,0.5,25.0,100.0,120.0,5.3,0.0469,22.1,51.0,False,True,False,False,False,False,False,False,False,False,False,False,False,False,False,False,False,False,False,False,False,False,False,False,False,False,False,False,False,False
1,1,0.75,25.0,100.0,120.0,5.3,0.0469,22.1,51.0,False,True,False,False,False,False,False,False,False,False,False,False,False,False,False,False,False,False,False,False,False,False,False,False,False,False,False,False,False,False
1,1,1.0,25.0,100.0,120.0,5.3,0.0469,22.1,53.2,False,True,False,False,False,False,False,False,False,False,False,False,False,False,False,False,False,False,False,False,False,False,False,False,False,False,False,False,False,False
1,1,1.25,25.0,100.0,120.0,5.3,0.0469,22.1,50.0,False,True,False,False,False,False,False,False,False,False,False,False,False,False,False,False,False,False,False,False,False,False,False,False,False,False,False,False,False,False
1,1,1.5,25.0,100.0,120.0,5.3,0.0469,22.1,46.0,False,True,False,False,False,False,False,False,False,False,False,False,False,False,False,False,False,False,False,False,False,False,False,False,False,False,False,False,False,False
1,1,1.75,25.0,100.0,120.0,5.3,0.0469,22.1,45.0,False,True,False,False,False,False,False,False,False,False,False,False,False,False,False,False,False,False,False,False,False,False,False,False,False,False,False,False,False,False
1,1,2.0,25.0,100.0,120.0,5.3,0.0469,22.1,45.0,False,True,False,False,False,False,False,False,False,False,False,False,False,False,False,False,False,False,False,False,False,False,False,False,False,False,False,False,False,False
1,1,1.0,25.0,50.0,10.0,5.3,0.0469,22.1,35.0,False,True,False,False,False,False,False,False,False,False,False,False,False,False,False,False,False,False,False,False,False,False,False,False,False,False,False,False,False,False
1,1,1.0,25.0,50.0,20.0,5.3,0.0469,22.1,40.0,False,True,False,False,False,False,False,False,False,False,False,False,False,False,False,False,False,False,False,False,False,False,False,False,False,False,False,False,False,False
1,1,1.0,25.0,50.0,30.0,5.3,0.0469,22.1,42.0,False,True,False,False,False,False,False,False,False,False,False,False,False,False,False,False,False,False,False,False,False,False,False,False,False,False,False,False,False,False
1,1,1.0,25.0,50.0,60.0,5.3,0.0469,22.1,44.0,False,True,False,False,False,False,False,False,False,False,False,False,False,False,False,False,False,False,False,False,False,False,False,False,False,False,False,False,False,False
1,1,1.0,25.0,50.0,120.0,5.3,0.0469,22.1,44.17,False,True,False,False,False,False,False,False,False,False,False,False,False,False,False,False,False,False,False,False,False,False,False,False,False,False,False,False,False,False
1,1,1.0,25.0,200.0,10.0,5.3,0.0469,22.1,45.0,False,True,False,False,False,False,False,False,False,False,False,False,False,False,False,False,False,False,False,False,False,False,False,False,False,False,False,False,False,False
1,1,1.0,25.0,200.0,20.0,5.3,0.0469,22.1,55.0,False,True,False,False,False,False,False,False,False,False,False,False,False,False,False,False,False,False,False,False,False,False,False,False,False,False,False,False,False,False
1,1,1.0,25.0,200.0,30.0,5.3,0.0469,22.1,58.0,False,True,False,False,False,False,False,False,False,False,False,False,False,False,False,False,False,False,False,False,False,False,False,False,False,False,False,False,False,False
1,1,1.0,25.0,200.0,60.0,5.3,0.0469,22.1,60.0,False,True,False,False,False,False,False,False,False,False,False,False,False,False,False,False,False,False,False,False,False,False,False,False,False,False,False,False,False,False
1,1,1.0,25.0,200.0,120.0,5.3,0.0469,22.1,61.87,False,True,False,False,False,False,False,False,False,False,False,False,False,False,False,False,False,False,False,False,False,False,False,False,False,False,False,False,False,False
1,1,1.0,25.0,500.0,10.0,5.3,0.0469,22.1,70.0,False,True,False,False,False,False,False,False,False,False,False,False,False,False,False,False,False,False,False,False,False,False,False,False,False,False,False,False,False,False
1,1,1.0,25.0,500.0,20.0,5.3,0.0469,22.1,80.0,False,True,False,False,False,False,False,False,False,False,False,False,False,False,False,False,False,False,False,False,False,False,False,False,False,False,False,False,False,False
1,1,1.0,25.0,500.0,30.0,5.3,0.0469,22.1,85.0,False,True,False,False,False,False,False,False,False,False,False,False,False,False,False,False,False,False,False,False,False,False,False,False,False,False,False,False,False,False
1,1,1.0,25.0,500.0,60.0,5.3,0.0469,22.1,88.0,False,True,False,False,False,False,False,False,False,False,False,False,False,False,False,False,False,False,False,False,False,False,False,False,False,False,False,False,False,False
1,1,1.0,25.0,500.0,120.0,5.3,0.0469,22.1,91.18,False,True,False,False,False,False,False,False,False,False,False,False,False,False,False,False,False,False,False,False,False,False,False,False,False,False,False,False,False,False
1,1,1.0,25.0,20.0,120.0,5.3,0.0469,22.1,20.0,False,True,False,False,False,False,False,False,False,False,False,False,False,False,False,False,False,False,False,False,False,False,False,False,False,False,False,False,False,False
1,1,1.0,25.0,50.0,120.0,5.3,0.0469,22.1,45.0,False,True,False,False,False,False,False,False,False,False,False,False,False,False,False,False,False,False,False,False,False,False,False,False,False,False,False,False,False,False
1,1,1.0,25.0,100.0,120.0,5.3,0.0469,22.1,75.0,False,True,False,False,False,False,False,False,False,False,False,False,False,False,False,False,False,False,False,False,False,False,False,False,False,False,False,False,False,False
1,1,1.0,25.0,200.0,120.0,5.3,0.0469,22.1,90.0,False,True,False,False,False,False,False,False,False,False,False,False,False,False,False,False,False,False,False,False,False,False,False,False,False,False,False,False,False,False
1,1,1.0,25.0,300.0,120.0,5.3,0.0469,22.1,98.0,False,True,False,False,False,False,False,False,False,False,False,False,False,False,False,False,False,False,False,False,False,False,False,False,False,False,False,False,False,False
1,1,1.0,25.0,400.0,120.0,5.3,0.0469,22.1,102.0,False,True,False,False,False,False,False,False,False,False,False,False,False,False,False,False,False,False,False,False,False,False,False,False,False,False,False,False,False,False
1,1,1.0,25.0,500.0,120.0,5.3,0.0469,22.1,102.9,False,True,False,False,False,False,False,False,False,False,False,False,False,False,False,False,False,False,False,False,False,False,False,False,False,False,False,False,False,False
1,1,1.0,35.0,20.0,120.0,5.3,0.0469,22.1,18.0,False,True,False,False,False,False,False,False,False,False,False,False,False,False,False,False,False,False,False,False,False,False,False,False,False,False,False,False,False,False
1,1,1.0,35.0,50.0,120.0,5.3,0.0469,22.1,40.0,False,True,False,False,False,False,False,False,False,False,False,False,False,False,False,False,False,False,False,False,False,False,False,False,False,False,False,False,False,False
1,1,1.0,35.0,100.0,120.0,5.3,0.0469,22.1,65.0,False,True,False,False,False,False,False,False,False,False,False,False,False,False,False,False,False,False,False,False,False,False,False,False,False,False,False,False,False,False
1,1,1.0,35.0,200.0,120.0,5.3,0.0469,22.1,78.0,False,True,False,False,False,False,False,False,False,False,False,False,False,False,False,False,False,False,False,False,False,False,False,False,False,False,False,False,False,False
1,1,1.0,35.0,300.0,120.0,5.3,0.0469,22.1,82.0,False,True,False,False,False,False,False,False,False,False,False,False,False,False,False,False,False,False,False,False,False,False,False,False,False,False,False,False,False,False
1,1,1.0,35.0,400.0,120.0,5.3,0.0469,22.1,83.0,False,True,False,False,False,False,False,False,False,False,False,False,False,False,False,False,False,False,False,False,False,False,False,False,False,False,False,False,False,False
1,1,1.0,35.0,500.0,120.0,5.3,0.0469,22.1,83.031,False,True,False,False,False,False,False,False,False,False,False,False,False,False,False,False,False,False,False,False,False,False,False,False,False,False,False,False,False,False
1,1,1.0,45.0,20.0,120.0,5.3,0.0469,22.1,16.0,False,True,False,False,False,False,False,False,False,False,False,False,False,False,False,False,False,False,False,False,False,False,False,False,False,False,False,False,False,False
1,1,1.0,45.0,50.0,120.0,5.3,0.0469,22.1,35.0,False,True,False,False,False,False,False,False,False,False,False,False,False,False,False,False,False,False,False,False,False,False,False,False,False,False,False,False,False,False
1,1,1.0,45.0,100.0,120.0,5.3,0.0469,22.1,58.0,False,True,False,False,False,False,False,False,False,False,False,False,False,False,False,False,False,False,False,False,False,False,False,False,False,False,False,False,False,False
1,1,1.0,45.0,200.0,120.0,5.3,0.0469,22.1,70.0,False,True,False,False,False,False,False,False,False,False,False,False,False,False,False,False,False,False,False,False,False,False,False,False,False,False,False,False,False,False
1,1,1.0,45.0,300.0,120.0,5.3,0.0469,22.1,74.0,False,True,False,False,False,False,False,False,False,False,False,False,False,False,False,False,False,False,False,False,False,False,False,False,False,False,False,False,False,False
1,1,1.0,45.0,400.0,120.0,5.3,0.0469,22.1,75.0,False,True,False,False,False,False,False,False,False,False,False,False,False,False,False,False,False,False,False,False,False,False,False,False,False,False,False,False,False,False
1,1,1.0,45.0,500.0,120.0,5.3,0.0469,22.1,75.615,False,True,False,False,False,False,False,False,False,False,False,False,False,False,False,False,False,False,False,False,False,False,False,False,False,False,False,False,False,False
1,1,1.0,25.0,100.0,120.0,5.3,0.0469,22.1,54.32,False,True,False,False,False,False,False,False,False,False,False,False,False,False,False,False,False,False,False,False,False,False,False,False,False,False,False,False,False,False
1,1,1.0,25.0,100.0,120.0,5.3,0.0469,22.1,54.5,False,True,False,False,False,False,False,False,False,False,False,False,False,False,False,False,False,False,False,False,False,False,False,False,False,False,False,False,False,False
1,1,1.0,25.0,100.0,120.0,5.3,0.0469,22.1,55.28,False,True,False,False,False,False,False,False,False,False,False,False,False,False,False,False,False,False,False,False,False,False,False,False,False,False,False,False,False,False
1,1,1.0,25.0,100.0,120.0,5.3,0.0469,22.1,52.28,False,True,False,False,False,False,False,False,False,False,False,False,False,False,False,False,False,False,False,False,False,False,False,False,False,False,False,False,False,False
1,1,1.0,25.0,100.0,120.0,5.3,0.0469,22.1,48.47,False,True,False,False,False,False,False,False,False,False,False,False,False,False,False,False,False,False,False,False,False,False,False,False,False,False,False,False,False,False
1,1,1.0,25.0,500.0,120.0,5.3,0.0469,22.1,54.0,False,True,False,False,False,False,False,False,False,False,False,False,False,False,False,False,False,False,False,False,False,False,False,False,False,False,False,False,False,False
1,1,1.0,25.0,500.0,120.0,5.3,0.0469,22.1,49.59,False,True,False,False,False,False,False,False,False,False,False,False,False,False,False,False,False,False,False,False,False,False,False,False,False,False,False,False,False,False
1,1,1.0,25.0,500.0,120.0,5.3,0.0469,22.1,48.57,False,True,False,False,False,False,False,False,False,False,False,False,False,False,False,False,False,False,False,False,False,False,False,False,False,False,False,False,False,False
1,1,1.0,25.0,500.0,120.0,5.3,0.0469,22.1,31.67,False,True,False,False,False,False,False,False,False,False,False,False,False,False,False,False,False,False,False,False,False,False,False,False,False,False,False,False,False,False
1,1,1.0,25.0,47.7,120.0,8.11,0.0469,22.1,34.99,False,True,False,False,False,False,False,False,False,False,False,False,False,False,False,False,False,False,False,False,False,False,False,False,False,False,False,False,False,False
1,1,1.0,25.0,14.47,120.0,7.93,0.0469,22.1,14.02,False,True,False,False,False,False,False,False,False,False,False,False,False,False,False,False,False,False,False,False,False,False,False,False,False,False,False,False,False,False
1,1,2.0,25.0,47.7,120.0,8.11,0.0469,22.1,17.495,False,True,False,False,False,False,False,False,False,False,False,False,False,False,False,False,False,False,False,False,False,False,False,False,False,False,False,False,False,False
1,1,10.0,25.0,50.0,120.0,7.0,0.0469,22.1,61.62,False,True,False,False,False,False,False,False,False,False,False,False,False,False,False,False,False,False,False,False,False,False,False,False,False,False,False,False,False,False
1,1,10.0,25.0,50.0,120.0,7.0,0.0469,22.1,59.0,False,True,False,False,False,False,False,False,False,False,False,False,False,False,False,False,False,False,False,False,False,False,False,False,False,False,False,False,False,False
1,0,0.5,25.0,30.0,360.0,3.0,0.035,0.0795,43.2,False,False,True,False,False,False,False,False,False,False,False,False,False,False,False,False,False,False,False,False,False,False,False,False,False,False,False,False,False,False
1,0,0.5,25.0,30.0,360.0,5.0,0.035,45.146,42.8,False,False,True,False,False,False,False,False,False,False,False,False,False,False,False,False,False,False,False,False,False,False,False,False,False,False,False,False,False,False
1,0,0.5,25.0,30.0,360.0,7.0,0.035,45.146,42.1,False,False,True,False,False,False,False,False,False,False,False,False,False,False,False,False,False,False,False,False,False,False,False,False,False,False,False,False,False,False
1,0,0.5,25.0,30.0,360.0,9.0,0.035,45.146,40.5,False,False,True,False,False,False,False,False,False,False,False,False,False,False,False,False,False,False,False,False,False,False,False,False,False,False,False,False,False,False
1,0,0.5,25.0,30.0,360.0,11.0,0.035,45.146,38.9,False,False,True,False,False,False,False,False,False,False,False,False,False,False,False,False,False,False,False,False,False,False,False,False,False,False,False,False,False,False
1,0,0.5,25.0,10.0,360.0,7.0,0.035,93.9466666666667,15.2,False,False,True,False,False,False,False,False,False,False,False,False,False,False,False,False,False,False,False,False,False,False,False,False,False,False,False,False,False,False
1,0,0.5,25.0,20.0,360.0,7.0,0.035,45.146,28.6,False,False,True,False,False,False,False,False,False,False,False,False,False,False,False,False,False,False,False,False,False,False,False,False,False,False,False,False,False,False
1,0,0.5,25.0,30.0,360.0,7.0,0.035,45.146,42.1,False,False,True,False,False,False,False,False,False,False,False,False,False,False,False,False,False,False,False,False,False,False,False,False,False,False,False,False,False,False
1,0,0.5,25.0,40.0,360.0,7.0,0.035,45.146,48.3,False,False,True,False,False,False,False,False,False,False,False,False,False,False,False,False,False,False,False,False,False,False,False,False,False,False,False,False,False,False
1,0,0.5,25.0,50.0,360.0,7.0,0.035,45.146,49.8,False,False,True,False,False,False,False,False,False,False,False,False,False,False,False,False,False,False,False,False,False,False,False,False,False,False,False,False,False,False
1,0,0.5,25.0,30.0,10.0,7.0,0.035,133.550416666667,25.3,False,False,True,False,False,False,False,False,False,False,False,False,False,False,False,False,False,False,False,False,False,False,False,False,False,False,False,False,False,False
1,0,0.5,25.0,30.0,30.0,7.0,0.035,133.550416666667,38.6,False,False,True,False,False,False,False,False,False,False,False,False,False,False,False,False,False,False,False,False,False,False,False,False,False,False,False,False,False,False
1,0,0.5,25.0,30.0,60.0,7.0,0.035,79.4866666666667,42.1,False,False,True,False,False,False,False,False,False,False,False,False,False,False,False,False,False,False,False,False,False,False,False,False,False,False,False,False,False,False
1,0,0.5,25.0,30.0,120.0,7.0,0.035,34.0916666666667,43.5,False,False,True,False,False,False,False,False,False,False,False,False,False,False,False,False,False,False,False,False,False,False,False,False,False,False,False,False,False,False
1,0,0.5,25.0,30.0,240.0,7.0,0.035,34.0916666666667,43.8,False,False,True,False,False,False,False,False,False,False,False,False,False,False,False,False,False,False,False,False,False,False,False,False,False,False,False,False,False,False
1,0,0.5,25.0,30.0,360.0,7.0,0.035,45.146,44.1,False,False,True,False,False,False,False,False,False,False,False,False,False,False,False,False,False,False,False,False,False,False,False,False,False,False,False,False,False,False
1,0,0.5,25.0,30.0,360.0,7.0,0.035,45.146,43.5,False,False,True,False,False,False,False,False,False,False,False,False,False,False,False,False,False,False,False,False,False,False,False,False,False,False,False,False,False,False
1,0,0.5,35.0,30.0,360.0,7.0,0.035,45.146,50.1,False,False,True,False,False,False,False,False,False,False,False,False,False,False,False,False,False,False,False,False,False,False,False,False,False,False,False,False,False,False
1,0,0.5,45.0,30.0,360.0,7.0,0.035,45.146,51.8,False,False,True,False,False,False,False,False,False,False,False,False,False,False,False,False,False,False,False,False,False,False,False,False,False,False,False,False,False,False
1,0,0.5,25.0,30.0,360.0,7.0,0.0135,45.146,45.2,False,False,False,True,False,False,False,False,False,False,False,False,False,False,False,False,False,False,False,False,False,False,False,False,False,False,False,False,False,False
1,0,0.5,35.0,30.0,360.0,7.0,0.0135,45.146,47.5,False,False,False,True,False,False,False,False,False,False,False,False,False,False,False,False,False,False,False,False,False,False,False,False,False,False,False,False,False,False
1,0,0.5,45.0,30.0,360.0,7.0,0.0135,45.146,48.9,False,False,False,True,False,False,False,False,False,False,False,False,False,False,False,False,False,False,False,False,False,False,False,False,False,False,False,False,False,False
1,0,0.5,25.0,30.0,360.0,3.0,0.0135,0.0795,40.4,False,False,False,True,False,False,False,False,False,False,False,False,False,False,False,False,False,False,False,False,False,False,False,False,False,False,False,False,False,False
1,0,0.5,25.0,30.0,360.0,5.0,0.0135,45.146,39.8,False,False,False,True,False,False,False,False,False,False,False,False,False,False,False,False,False,False,False,False,False,False,False,False,False,False,False,False,False,False
1,0,0.5,25.0,30.0,360.0,7.0,0.0135,45.146,39.2,False,False,False,True,False,False,False,False,False,False,False,False,False,False,False,False,False,False,False,False,False,False,False,False,False,False,False,False,False,False
1,0,0.5,25.0,30.0,360.0,9.0,0.0135,45.146,37.8,False,False,False,True,False,False,False,False,False,False,False,False,False,False,False,False,False,False,False,False,False,False,False,False,False,False,False,False,False,False
1,0,0.5,25.0,30.0,360.0,11.0,0.0135,45.146,35.2,False,False,False,True,False,False,False,False,False,False,False,False,False,False,False,False,False,False,False,False,False,False,False,False,False,False,False,False,False,False
1,0,0.5,25.0,10.0,360.0,7.0,0.0135,93.9466666666667,14.1,False,False,False,True,False,False,False,False,False,False,False,False,False,False,False,False,False,False,False,False,False,False,False,False,False,False,False,False,False,False
1,0,0.5,25.0,20.0,360.0,7.0,0.0135,45.146,26.8,False,False,False,True,False,False,False,False,False,False,False,False,False,False,False,False,False,False,False,False,False,False,False,False,False,False,False,False,False,False
1,0,0.5,25.0,30.0,360.0,7.0,0.0135,45.146,39.2,False,False,False,True,False,False,False,False,False,False,False,False,False,False,False,False,False,False,False,False,False,False,False,False,False,False,False,False,False,False
1,0,0.5,25.0,40.0,360.0,7.0,0.0135,45.146,44.5,False,False,False,True,False,False,False,False,False,False,False,False,False,False,False,False,False,False,False,False,False,False,False,False,False,False,False,False,False,False
1,0,0.5,25.0,50.0,60.0,7.0,0.0135,2.13060967741935,46.8,False,False,False,True,False,False,False,False,False,False,False,False,False,False,False,False,False,False,False,False,False,False,False,False,False,False,False,False,False,False
1,0,0.5,25.0,30.0,10.0,7.0,0.0135,133.550416666667,22.1,False,False,False,True,False,False,False,False,False,False,False,False,False,False,False,False,False,False,False,False,False,False,False,False,False,False,False,False,False,False
1,0,0.5,25.0,30.0,30.0,7.0,0.0135,133.550416666667,35.4,False,False,False,True,False,False,False,False,False,False,False,False,False,False,False,False,False,False,False,False,False,False,False,False,False,False,False,False,False,False
1,0,0.5,25.0,30.0,60.0,7.0,0.0135,2.13060967741935,39.2,False,False,False,True,False,False,False,False,False,False,False,False,False,False,False,False,False,False,False,False,False,False,False,False,False,False,False,False,False,False
1,0,0.5,25.0,30.0,120.0,7.0,0.0135,9.825671875,40.5,False,False,False,True,False,False,False,False,False,False,False,False,False,False,False,False,False,False,False,False,False,False,False,False,False,False,False,False,False,False
1,0,0.5,25.0,30.0,240.0,7.0,0.0135,9.825671875,40.9,False,False,False,True,False,False,False,False,False,False,False,False,False,False,False,False,False,False,False,False,False,False,False,False,False,False,False,False,False,False
1,0,0.5,25.0,30.0,360.0,7.0,0.0135,45.146,41.2,False,False,False,True,False,False,False,False,False,False,False,False,False,False,False,False,False,False,False,False,False,False,False,False,False,False,False,False,False,False
1,1,1.0,25.0,100.0,240.0,6.0,0.0135,3.6863,122.51,False,False,False,False,True,False,False,False,False,False,False,False,False,False,False,False,False,False,False,False,False,False,False,False,False,False,False,False,False,False
1,1,1.0,25.0,100.0,20.0,6.0,0.0135,3.6863,70.64,False,False,False,False,True,False,False,False,False,False,False,False,False,False,False,False,False,False,False,False,False,False,False,False,False,False,False,False,False,False
1,1,1.0,25.0,100.0,40.0,6.0,0.0135,3.6863,80.12,False,False,False,False,True,False,False,False,False,False,False,False,False,False,False,False,False,False,False,False,False,False,False,False,False,False,False,False,False,False
1,1,1.0,25.0,100.0,60.0,6.0,0.0135,3.6863,85.34,False,False,False,False,True,False,False,False,False,False,False,False,False,False,False,False,False,False,False,False,False,False,False,False,False,False,False,False,False,False
1,1,1.0,25.0,100.0,120.0,6.0,0.0135,3.6863,88.76,False,False,False,False,True,False,False,False,False,False,False,False,False,False,False,False,False,False,False,False,False,False,False,False,False,False,False,False,False,False
1,1,1.0,25.0,100.0,240.0,6.0,0.0135,3.6863,91.44,False,False,False,False,True,False,False,False,False,False,False,False,False,False,False,False,False,False,False,False,False,False,False,False,False,False,False,False,False,False
1,1,1.0,25.0,100.0,720.0,6.0,9.223,3.6863,90.23,False,False,False,False,True,False,False,False,False,False,False,False,False,False,False,False,False,False,False,False,False,False,False,False,False,False,False,False,False,False
1,1,1.0,25.0,100.0,1440.0,6.0,0.160857142857143,3.6863,89.15,False,False,False,False,True,False,False,False,False,False,False,False,False,False,False,False,False,False,False,False,False,False,False,False,False,False,False,False,False,False
1,1,1.0,25.0,100.0,240.0,3.0,0.0135,3.6863,76.47,False,False,False,False,True,False,False,False,False,False,False,False,False,False,False,False,False,False,False,False,False,False,False,False,False,False,False,False,False,False
1,1,1.0,25.0,100.0,240.0,4.0,0.0135,3.6863,81.23,False,False,False,False,True,False,False,False,False,False,False,False,False,False,False,False,False,False,False,False,False,False,False,False,False,False,False,False,False,False
1,1,1.0,25.0,100.0,240.0,5.0,0.0135,3.6863,85.67,False,False,False,False,True,False,False,False,False,False,False,False,False,False,False,False,False,False,False,False,False,False,False,False,False,False,False,False,False,False
1,1,1.0,25.0,100.0,240.0,6.0,0.0135,3.6863,91.44,False,False,False,False,True,False,False,False,False,False,False,False,False,False,False,False,False,False,False,False,False,False,False,False,False,False,False,False,False,False
1,1,1.0,25.0,100.0,240.0,7.0,0.0135,3.6863,89.32,False,False,False,False,True,False,False,False,False,False,False,False,False,False,False,False,False,False,False,False,False,False,False,False,False,False,False,False,False,False
1,1,1.0,25.0,100.0,240.0,8.0,0.0135,3.6863,84.56,False,False,False,False,True,False,False,False,False,False,False,False,False,False,False,False,False,False,False,False,False,False,False,False,False,False,False,False,False,False
1,1,1.0,25.0,100.0,240.0,9.0,0.0135,3.6863,79.34,False,False,False,False,True,False,False,False,False,False,False,False,False,False,False,False,False,False,False,False,False,False,False,False,False,False,False,False,False,False
1,1,1.0,25.0,100.0,240.0,10.0,0.0135,3.6863,72.18,False,False,False,False,True,False,False,False,False,False,False,False,False,False,False,False,False,False,False,False,False,False,False,False,False,False,False,False,False,False
1,1,1.0,25.0,100.0,240.0,11.0,0.0135,3.6863,62.45,False,False,False,False,True,False,False,False,False,False,False,False,False,False,False,False,False,False,False,False,False,False,False,False,False,False,False,False,False,False
1,1,1.0,25.0,100.0,240.0,6.0,0.0135,4.3166,126.5,False,False,False,False,False,True,False,False,False,False,False,False,False,False,False,False,False,False,False,False,False,False,False,False,False,False,False,False,False,False
1,1,1.0,25.0,100.0,20.0,6.0,0.0135,4.3166,82.12,False,False,False,False,False,True,False,False,False,False,False,False,False,False,False,False,False,False,False,False,False,False,False,False,False,False,False,False,False,False
1,1,1.0,25.0,100.0,40.0,6.0,0.0135,4.3166,86.45,False,False,False,False,False,True,False,False,False,False,False,False,False,False,False,False,False,False,False,False,False,False,False,False,False,False,False,False,False,False
1,1,1.0,25.0,100.0,60.0,6.0,0.0135,4.3166,89.78,False,False,False,False,False,True,False,False,False,False,False,False,False,False,False,False,False,False,False,False,False,False,False,False,False,False,False,False,False,False
1,1,1.0,25.0,100.0,120.0,6.0,0.0135,4.3166,93.56,False,False,False,False,False,True,False,False,False,False,False,False,False,False,False,False,False,False,False,False,False,False,False,False,False,False,False,False,False,False
1,1,1.0,25.0,100.0,240.0,6.0,0.0135,4.3166,95.93,False,False,False,False,False,True,False,False,False,False,False,False,False,False,False,False,False,False,False,False,False,False,False,False,False,False,False,False,False,False
1,1,1.0,25.0,100.0,720.0,6.0,9.223,4.3166,94.82,False,False,False,False,False,True,False,False,False,False,False,False,False,False,False,False,False,False,False,False,False,False,False,False,False,False,False,False,False,False
1,1,1.0,25.0,100.0,1440.0,6.0,0.160857142857143,4.3166,93.67,False,False,False,False,False,True,False,False,False,False,False,False,False,False,False,False,False,False,False,False,False,False,False,False,False,False,False,False,False,False
1,1,1.0,25.0,100.0,240.0,3.0,0.0135,4.3166,78.34,False,False,False,False,False,True,False,False,False,False,False,False,False,False,False,False,False,False,False,False,False,False,False,False,False,False,False,False,False,False
1,1,1.0,25.0,100.0,240.0,4.0,0.0135,4.3166,83.56,False,False,False,False,False,True,False,False,False,False,False,False,False,False,False,False,False,False,False,False,False,False,False,False,False,False,False,False,False,False
1,1,1.0,25.0,100.0,240.0,5.0,0.0135,4.3166,88.92,False,False,False,False,False,True,False,False,False,False,False,False,False,False,False,False,False,False,False,False,False,False,False,False,False,False,False,False,False,False
1,1,1.0,25.0,100.0,240.0,6.0,0.0135,4.3166,95.93,False,False,False,False,False,True,False,False,False,False,False,False,False,False,False,False,False,False,False,False,False,False,False,False,False,False,False,False,False,False
1,1,1.0,25.0,100.0,240.0,7.0,0.0135,4.3166,94.67,False,False,False,False,False,True,False,False,False,False,False,False,False,False,False,False,False,False,False,False,False,False,False,False,False,False,False,False,False,False
1,1,1.0,25.0,100.0,240.0,8.0,0.0135,4.3166,90.34,False,False,False,False,False,True,False,False,False,False,False,False,False,False,False,False,False,False,False,False,False,False,False,False,False,False,False,False,False,False
1,1,1.0,25.0,100.0,240.0,9.0,0.0135,4.3166,85.78,False,False,False,False,False,True,False,False,False,False,False,False,False,False,False,False,False,False,False,False,False,False,False,False,False,False,False,False,False,False
1,1,1.0,25.0,100.0,240.0,10.0,0.0135,4.3166,76.45,False,False,False,False,False,True,False,False,False,False,False,False,False,False,False,False,False,False,False,False,False,False,False,False,False,False,False,False,False,False
1,1,1.0,25.0,100.0,240.0,11.0,0.0135,4.3166,68.92,False,False,False,False,False,True,False,False,False,False,False,False,False,False,False,False,False,False,False,False,False,False,False,False,False,False,False,False,False,False
1,0,2.0,26.0,100.0,60.0,5.0,0.0085,0.14,65.51,False,False,False,False,False,True,False,False,False,False,False,False,False,False,False,False,False,False,False,False,False,False,False,False,False,False,False,False,False,False
1,0,2.0,26.0,100.0,60.0,3.0,0.0085,0.14,45.212,False,False,False,False,False,True,False,False,False,False,False,False,False,False,False,False,False,False,False,False,False,False,False,False,False,False,False,False,False,False
1,0,2.0,26.0,100.0,60.0,4.0,0.0085,0.14,58.435,False,False,False,False,False,True,False,False,False,False,False,False,False,False,False,False,False,False,False,False,False,False,False,False,False,False,False,False,False,False
1,0,2.0,26.0,100.0,60.0,5.0,0.0085,0.14,65.51,False,False,False,False,False,True,False,False,False,False,False,False,False,False,False,False,False,False,False,False,False,False,False,False,False,False,False,False,False,False
1,0,2.0,26.0,100.0,60.0,6.0,0.0085,0.14,52.317,False,False,False,False,False,True,False,False,False,False,False,False,False,False,False,False,False,False,False,False,False,False,False,False,False,False,False,False,False,False
1,0,2.0,26.0,100.0,60.0,7.0,0.0085,0.14,38.492,False,False,False,False,False,True,False,False,False,False,False,False,False,False,False,False,False,False,False,False,False,False,False,False,False,False,False,False,False,False
1,0,2.0,26.0,100.0,10.0,5.0,0.0085,0.14,30.123,False,False,False,False,False,True,False,False,False,False,False,False,False,False,False,False,False,False,False,False,False,False,False,False,False,False,False,False,False,False
1,0,2.0,26.0,100.0,20.0,5.0,0.0085,0.14,45.678,False,False,False,False,False,True,False,False,False,False,False,False,False,False,False,False,False,False,False,False,False,False,False,False,False,False,False,False,False,False
1,0,2.0,26.0,100.0,30.0,5.0,0.0085,0.14,56.789,False,False,False,False,False,True,False,False,False,False,False,False,False,False,False,False,False,False,False,False,False,False,False,False,False,False,False,False,False,False
1,0,2.0,26.0,100.0,40.0,5.0,0.0085,0.14,61.234,False,False,False,False,False,True,False,False,False,False,False,False,False,False,False,False,False,False,False,False,False,False,False,False,False,False,False,False,False,False
1,0,2.0,26.0,100.0,50.0,5.0,0.0085,0.14,64.012,False,False,False,False,False,True,False,False,False,False,False,False,False,False,False,False,False,False,False,False,False,False,False,False,False,False,False,False,False,False
1,0,2.0,26.0,100.0,60.0,5.0,0.0085,0.14,65.51,False,False,False,False,False,True,False,False,False,False,False,False,False,False,False,False,False,False,False,False,False,False,False,False,False,False,False,False,False,False
1,0,2.0,26.0,25.0,60.0,5.0,0.0085,0.14,18.234,False,False,False,False,False,True,False,False,False,False,False,False,False,False,False,False,False,False,False,False,False,False,False,False,False,False,False,False,False,False
1,0,2.0,26.0,50.0,60.0,5.0,0.0085,0.14,36.567,False,False,False,False,False,True,False,False,False,False,False,False,False,False,False,False,False,False,False,False,False,False,False,False,False,False,False,False,False,False
1,0,2.0,26.0,75.0,60.0,5.0,0.0085,0.14,52.109,False,False,False,False,False,True,False,False,False,False,False,False,False,False,False,False,False,False,False,False,False,False,False,False,False,False,False,False,False,False
1,0,2.0,26.0,100.0,60.0,5.0,0.0085,0.14,65.51,False,False,False,False,False,True,False,False,False,False,False,False,False,False,False,False,False,False,False,False,False,False,False,False,False,False,False,False,False,False
1,0,2.0,26.0,150.0,60.0,5.0,0.0085,0.14,68.432,False,False,False,False,False,True,False,False,False,False,False,False,False,False,False,False,False,False,False,False,False,False,False,False,False,False,False,False,False,False
1,0,2.0,26.0,200.0,60.0,5.0,0.0085,0.14,67.891,False,False,False,False,False,True,False,False,False,False,False,False,False,False,False,False,False,False,False,False,False,False,False,False,False,False,False,False,False,False
1,0,2.0,26.0,300.0,60.0,5.0,0.0085,0.14,66.234,False,False,False,False,False,True,False,False,False,False,False,False,False,False,False,False,False,False,False,False,False,False,False,False,False,False,False,False,False,False
1,0,2.0,26.0,100.0,60.0,5.0,0.0085,0.14,65.51,False,False,False,False,False,True,False,False,False,False,False,False,False,False,False,False,False,False,False,False,False,False,False,False,False,False,False,False,False,False
1,0,2.0,40.0,100.0,60.0,5.0,0.0085,0.14,61.023,False,False,False,False,False,True,False,False,False,False,False,False,False,False,False,False,False,False,False,False,False,False,False,False,False,False,False,False,False,False
1,0,2.0,50.0,100.0,60.0,5.0,0.0085,0.14,55.876,False,False,False,False,False,True,False,False,False,False,False,False,False,False,False,False,False,False,False,False,False,False,False,False,False,False,False,False,False,False
1,0,2.0,60.0,100.0,60.0,5.0,0.0085,0.14,51.245,False,False,False,False,False,True,False,False,False,False,False,False,False,False,False,False,False,False,False,False,False,False,False,False,False,False,False,False,False,False
1,0,1.0,26.0,100.0,60.0,5.0,0.0085,0.14,51.234,False,False,False,False,False,True,False,False,False,False,False,False,False,False,False,False,False,False,False,False,False,False,False,False,False,False,False,False,False,False
1,0,2.0,26.0,100.0,60.0,5.0,0.0085,0.14,65.51,False,False,False,False,False,True,False,False,False,False,False,False,False,False,False,False,False,False,False,False,False,False,False,False,False,False,False,False,False,False
1,0,4.0,26.0,100.0,60.0,5.0,0.0085,0.14,64.876,False,False,False,False,False,True,False,False,False,False,False,False,False,False,False,False,False,False,False,False,False,False,False,False,False,False,False,False,False,False
1,0,6.0,26.0,100.0,60.0,5.0,0.0085,0.14,60.345,False,False,False,False,False,True,False,False,False,False,False,False,False,False,False,False,False,False,False,False,False,False,False,False,False,False,False,False,False,False
1,0,8.0,26.0,100.0,60.0,5.0,0.0085,0.14,55.678,False,False,False,False,False,True,False,False,False,False,False,False,False,False,False,False,False,False,False,False,False,False,False,False,False,False,False,False,False,False
1,0,0.5,25.0,10.0,2880.0,7.0,0.089,35.2,2.5,False,False,False,False,False,False,True,False,False,False,False,False,False,False,False,False,False,False,False,False,False,False,False,False,False,False,False,False,False,False
1,0,0.75,25.0,10.0,2880.0,7.0,0.089,35.2,3.0,False,False,False,False,False,False,True,False,False,False,False,False,False,False,False,False,False,False,False,False,False,False,False,False,False,False,False,False,False,False
1,0,1.0,25.0,10.0,2880.0,7.0,0.089,35.2,3.5,False,False,False,False,False,False,True,False,False,False,False,False,False,False,False,False,False,False,False,False,False,False,False,False,False,False,False,False,False,False
1,0,2.5,25.0,10.0,2880.0,7.0,0.089,35.2,4.2,False,False,False,False,False,False,True,False,False,False,False,False,False,False,False,False,False,False,False,False,False,False,False,False,False,False,False,False,False,False
1,0,5.0,25.0,10.0,2880.0,7.0,0.089,35.2,4.7,False,False,False,False,False,False,True,False,False,False,False,False,False,False,False,False,False,False,False,False,False,False,False,False,False,False,False,False,False,False
1,0,6.4,25.0,10.0,2880.0,7.0,0.089,35.2,4.9,False,False,False,False,False,False,True,False,False,False,False,False,False,False,False,False,False,False,False,False,False,False,False,False,False,False,False,False,False,False
1,0,7.5,25.0,10.0,2880.0,7.0,0.089,35.2,4.8,False,False,False,False,False,False,True,False,False,False,False,False,False,False,False,False,False,False,False,False,False,False,False,False,False,False,False,False,False,False
1,0,10.0,25.0,10.0,2880.0,7.0,0.089,35.2,4.5,False,False,False,False,False,False,True,False,False,False,False,False,False,False,False,False,False,False,False,False,False,False,False,False,False,False,False,False,False,False
1,0,25.0,25.0,10.0,2880.0,7.0,0.089,35.2,3.5,False,False,False,False,False,False,True,False,False,False,False,False,False,False,False,False,False,False,False,False,False,False,False,False,False,False,False,False,False,False
1,0,50.0,25.0,10.0,2880.0,7.0,0.089,35.2,2.5,False,False,False,False,False,False,True,False,False,False,False,False,False,False,False,False,False,False,False,False,False,False,False,False,False,False,False,False,False,False
1,0,10.0,25.0,10.0,5.0,7.0,0.12,70.74,1.5,False,False,False,False,False,False,True,False,False,False,False,False,False,False,False,False,False,False,False,False,False,False,False,False,False,False,False,False,False,False
1,0,10.0,25.0,10.0,10.0,7.0,0.12,70.74,2.5,False,False,False,False,False,False,True,False,False,False,False,False,False,False,False,False,False,False,False,False,False,False,False,False,False,False,False,False,False,False
1,0,10.0,25.0,10.0,20.0,7.0,0.12,70.74,4.0,False,False,False,False,False,False,True,False,False,False,False,False,False,False,False,False,False,False,False,False,False,False,False,False,False,False,False,False,False,False
1,0,10.0,25.0,10.0,40.0,7.0,0.12,70.74,5.5,False,False,False,False,False,False,True,False,False,False,False,False,False,False,False,False,False,False,False,False,False,False,False,False,False,False,False,False,False,False
1,0,10.0,25.0,10.0,60.0,7.0,0.12,2.13060967741935,6.2,False,False,False,False,False,False,True,False,False,False,False,False,False,False,False,False,False,False,False,False,False,False,False,False,False,False,False,False,False,False
1,0,10.0,25.0,10.0,120.0,7.0,0.12,9.825671875,7.0,False,False,False,False,False,False,True,False,False,False,False,False,False,False,False,False,False,False,False,False,False,False,False,False,False,False,False,False,False,False
1,0,10.0,25.0,10.0,180.0,7.0,0.12,9.825671875,7.3,False,False,False,False,False,False,True,False,False,False,False,False,False,False,False,False,False,False,False,False,False,False,False,False,False,False,False,False,False,False
1,0,10.0,25.0,10.0,240.0,7.0,0.12,9.825671875,7.4,False,False,False,False,False,False,True,False,False,False,False,False,False,False,False,False,False,False,False,False,False,False,False,False,False,False,False,False,False,False
1,0,10.0,25.0,10.0,420.0,7.0,0.12,35.2,7.43,False,False,False,False,False,False,True,False,False,False,False,False,False,False,False,False,False,False,False,False,False,False,False,False,False,False,False,False,False,False
1,0,10.0,25.0,10.0,1440.0,7.0,0.089,35.2,7.53,False,False,False,False,False,False,True,False,False,False,False,False,False,False,False,False,False,False,False,False,False,False,False,False,False,False,False,False,False,False
1,0,10.0,25.0,50.0,5.0,7.0,0.029,54.4,3.0,False,False,False,False,False,False,True,False,False,False,False,False,False,False,False,False,False,False,False,False,False,False,False,False,False,False,False,False,False,False
1,0,10.0,25.0,50.0,10.0,7.0,0.029,54.4,5.0,False,False,False,False,False,False,True,False,False,False,False,False,False,False,False,False,False,False,False,False,False,False,False,False,False,False,False,False,False,False
1,0,10.0,25.0,50.0,20.0,7.0,0.029,54.4,7.5,False,False,False,False,False,False,True,False,False,False,False,False,False,False,False,False,False,False,False,False,False,False,False,False,False,False,False,False,False,False
1,0,10.0,25.0,50.0,40.0,7.0,0.029,54.4,9.5,False,False,False,False,False,False,True,False,False,False,False,False,False,False,False,False,False,False,False,False,False,False,False,False,False,False,False,False,False,False
1,0,10.0,25.0,50.0,60.0,7.0,0.029,2.13060967741935,10.5,False,False,False,False,False,False,True,False,False,False,False,False,False,False,False,False,False,False,False,False,False,False,False,False,False,False,False,False,False,False
1,0,10.0,25.0,50.0,120.0,7.0,0.029,9.825671875,11.0,False,False,False,False,False,False,True,False,False,False,False,False,False,False,False,False,False,False,False,False,False,False,False,False,False,False,False,False,False,False
1,0,10.0,25.0,50.0,180.0,7.0,0.029,9.825671875,11.3,False,False,False,False,False,False,True,False,False,False,False,False,False,False,False,False,False,False,False,False,False,False,False,False,False,False,False,False,False,False
1,0,10.0,25.0,50.0,240.0,7.0,0.029,9.825671875,11.4,False,False,False,False,False,False,True,False,False,False,False,False,False,False,False,False,False,False,False,False,False,False,False,False,False,False,False,False,False,False
1,0,10.0,25.0,50.0,1440.0,7.0,0.089,35.2,11.81,False,False,False,False,False,False,True,False,False,False,False,False,False,False,False,False,False,False,False,False,False,False,False,False,False,False,False,False,False,False
1,0,10.0,35.0,10.0,5.0,7.0,0.12,18.2266666666667,2.0,False,False,False,False,False,False,True,False,False,False,False,False,False,False,False,False,False,False,False,False,False,False,False,False,False,False,False,False,False,False
1,0,10.0,35.0,10.0,10.0,7.0,0.12,18.2266666666667,3.5,False,False,False,False,False,False,True,False,False,False,False,False,False,False,False,False,False,False,False,False,False,False,False,False,False,False,False,False,False,False
1,0,10.0,35.0,10.0,20.0,7.0,0.12,18.2266666666667,5.5,False,False,False,False,False,False,True,False,False,False,False,False,False,False,False,False,False,False,False,False,False,False,False,False,False,False,False,False,False,False
1,0,10.0,35.0,10.0,40.0,7.0,0.12,18.2266666666667,6.8,False,False,False,False,False,False,True,False,False,False,False,False,False,False,False,False,False,False,False,False,False,False,False,False,False,False,False,False,False,False
1,0,10.0,35.0,10.0,60.0,7.0,0.12,2.13060967741935,7.5,False,False,False,False,False,False,True,False,False,False,False,False,False,False,False,False,False,False,False,False,False,False,False,False,False,False,False,False,False,False
1,0,10.0,35.0,10.0,120.0,7.0,0.12,9.825671875,7.8,False,False,False,False,False,False,True,False,False,False,False,False,False,False,False,False,False,False,False,False,False,False,False,False,False,False,False,False,False,False
1,0,10.0,35.0,10.0,180.0,7.0,0.12,9.825671875,7.85,False,False,False,False,False,False,True,False,False,False,False,False,False,False,False,False,False,False,False,False,False,False,False,False,False,False,False,False,False,False
1,0,10.0,35.0,10.0,240.0,7.0,0.12,9.825671875,7.9,False,False,False,False,False,False,True,False,False,False,False,False,False,False,False,False,False,False,False,False,False,False,False,False,False,False,False,False,False,False
1,0,10.0,35.0,10.0,1440.0,7.0,0.089,35.2,7.9,False,False,False,False,False,False,True,False,False,False,False,False,False,False,False,False,False,False,False,False,False,False,False,False,False,False,False,False,False,False
1,0,10.0,35.0,50.0,5.0,7.0,0.029,18.2266666666667,4.0,False,False,False,False,False,False,True,False,False,False,False,False,False,False,False,False,False,False,False,False,False,False,False,False,False,False,False,False,False,False
1,0,10.0,35.0,50.0,10.0,7.0,0.029,18.2266666666667,7.0,False,False,False,False,False,False,True,False,False,False,False,False,False,False,False,False,False,False,False,False,False,False,False,False,False,False,False,False,False,False
1,0,10.0,35.0,50.0,20.0,7.0,0.029,18.2266666666667,11.0,False,False,False,False,False,False,True,False,False,False,False,False,False,False,False,False,False,False,False,False,False,False,False,False,False,False,False,False,False,False
1,0,10.0,35.0,50.0,40.0,7.0,0.029,18.2266666666667,15.0,False,False,False,False,False,False,True,False,False,False,False,False,False,False,False,False,False,False,False,False,False,False,False,False,False,False,False,False,False,False
1,0,10.0,35.0,50.0,60.0,7.0,0.029,2.13060967741935,17.5,False,False,False,False,False,False,True,False,False,False,False,False,False,False,False,False,False,False,False,False,False,False,False,False,False,False,False,False,False,False
1,0,10.0,35.0,50.0,120.0,7.0,0.029,9.825671875,19.5,False,False,False,False,False,False,True,False,False,False,False,False,False,False,False,False,False,False,False,False,False,False,False,False,False,False,False,False,False,False
1,0,10.0,35.0,50.0,180.0,7.0,0.029,9.825671875,20.5,False,False,False,False,False,False,True,False,False,False,False,False,False,False,False,False,False,False,False,False,False,False,False,False,False,False,False,False,False,False
1,0,10.0,35.0,50.0,240.0,7.0,0.029,9.825671875,21.0,False,False,False,False,False,False,True,False,False,False,False,False,False,False,False,False,False,False,False,False,False,False,False,False,False,False,False,False,False,False
1,0,10.0,35.0,50.0,1440.0,7.0,0.089,35.2,21.15,False,False,False,False,False,False,True,False,False,False,False,False,False,False,False,False,False,False,False,False,False,False,False,False,False,False,False,False,False,False
1,0,10.0,20.0,1.15,2880.0,7.0,0.089,35.2,0.5,False,False,False,False,False,False,True,False,False,False,False,False,False,False,False,False,False,False,False,False,False,False,False,False,False,False,False,False,False,False
1,0,10.0,20.0,2.5,2880.0,7.0,0.089,35.2,1.2,False,False,False,False,False,False,True,False,False,False,False,False,False,False,False,False,False,False,False,False,False,False,False,False,False,False,False,False,False,False
1,0,10.0,20.0,5.0,2880.0,7.0,0.089,35.2,2.5,False,False,False,False,False,False,True,False,False,False,False,False,False,False,False,False,False,False,False,False,False,False,False,False,False,False,False,False,False,False
1,0,10.0,20.0,10.0,2880.0,7.0,0.089,35.2,5.0,False,False,False,False,False,False,True,False,False,False,False,False,False,False,False,False,False,False,False,False,False,False,False,False,False,False,False,False,False,False
1,0,10.0,20.0,25.0,2880.0,7.0,0.089,35.2,12.0,False,False,False,False,False,False,True,False,False,False,False,False,False,False,False,False,False,False,False,False,False,False,False,False,False,False,False,False,False,False
1,0,10.0,20.0,50.0,2880.0,7.0,0.089,35.2,22.0,False,False,False,False,False,False,True,False,False,False,False,False,False,False,False,False,False,False,False,False,False,False,False,False,False,False,False,False,False,False
1,0,10.0,20.0,100.0,2880.0,7.0,0.089,35.2,35.0,False,False,False,False,False,False,True,False,False,False,False,False,False,False,False,False,False,False,False,False,False,False,False,False,False,False,False,False,False,False
1,0,10.0,20.0,250.0,2880.0,7.0,0.089,35.2,50.0,False,False,False,False,False,False,True,False,False,False,False,False,False,False,False,False,False,False,False,False,False,False,False,False,False,False,False,False,False,False
1,0,10.0,20.0,500.0,2880.0,7.0,0.089,90.045,58.0,False,False,False,False,False,False,True,False,False,False,False,False,False,False,False,False,False,False,False,False,False,False,False,False,False,False,False,False,False,False
1,0,10.0,20.0,1000.0,2880.0,7.0,0.089,90.045,62.0,False,False,False,False,False,False,True,False,False,False,False,False,False,False,False,False,False,False,False,False,False,False,False,False,False,False,False,False,False,False
1,0,10.0,20.0,1149.12,2880.0,7.0,0.089,90.045,62.5,False,False,False,False,False,False,True,False,False,False,False,False,False,False,False,False,False,False,False,False,False,False,False,False,False,False,False,False,False,False
1,0,10.0,20.0,10.0,2880.0,5.0,0.089,24.6709,6.0,False,False,False,False,False,False,True,False,False,False,False,False,False,False,False,False,False,False,False,False,False,False,False,False,False,False,False,False,False,False
1,0,10.0,20.0,10.0,2880.0,6.0,0.089,35.2,7.0,False,False,False,False,False,False,True,False,False,False,False,False,False,False,False,False,False,False,False,False,False,False,False,False,False,False,False,False,False,False
1,0,10.0,20.0,10.0,2880.0,5.5,0.089,35.2,7.5,False,False,False,False,False,False,True,False,False,False,False,False,False,False,False,False,False,False,False,False,False,False,False,False,False,False,False,False,False,False
1,0,10.0,20.0,10.0,2880.0,5.2,0.089,35.2,7.9,False,False,False,False,False,False,True,False,False,False,False,False,False,False,False,False,False,False,False,False,False,False,False,False,False,False,False,False,False,False
1,0,10.0,20.0,10.0,2880.0,5.0,0.089,24.6709,4.7,False,False,False,False,False,False,True,False,False,False,False,False,False,False,False,False,False,False,False,False,False,False,False,False,False,False,False,False,False,False
1,0,10.0,20.0,10.0,2880.0,5.2,0.089,35.2,7.4,False,False,False,False,False,False,True,False,False,False,False,False,False,False,False,False,False,False,False,False,False,False,False,False,False,False,False,False,False,False
1,0,10.0,20.0,10.0,2880.0,5.1,0.089,24.6709,7.8,False,False,False,False,False,False,True,False,False,False,False,False,False,False,False,False,False,False,False,False,False,False,False,False,False,False,False,False,False,False
1,0,10.0,20.0,10.0,2880.0,4.9,0.089,24.6709,4.7,False,False,False,False,False,False,True,False,False,False,False,False,False,False,False,False,False,False,False,False,False,False,False,False,False,False,False,False,False,False
1,0,10.0,20.0,10.0,2880.0,5.4,0.089,35.2,7.3,False,False,False,False,False,False,True,False,False,False,False,False,False,False,False,False,False,False,False,False,False,False,False,False,False,False,False,False,False,False
1,0,10.0,20.0,10.0,2880.0,5.5,0.089,35.2,7.8,False,False,False,False,False,False,True,False,False,False,False,False,False,False,False,False,False,False,False,False,False,False,False,False,False,False,False,False,False,False
1,0,10.0,20.0,10.0,2880.0,6.0,0.089,35.2,4.2,False,False,False,False,False,False,True,False,False,False,False,False,False,False,False,False,False,False,False,False,False,False,False,False,False,False,False,False,False,False
1,0,10.0,20.0,10.0,2880.0,5.3,0.089,35.2,7.3,False,False,False,False,False,False,True,False,False,False,False,False,False,False,False,False,False,False,False,False,False,False,False,False,False,False,False,False,False,False
1,0,10.0,20.0,10.0,2880.0,5.2,0.089,35.2,8.0,False,False,False,False,False,False,True,False,False,False,False,False,False,False,False,False,False,False,False,False,False,False,False,False,False,False,False,False,False,False
1,0,10.0,20.0,10.0,2880.0,5.0,0.089,24.6709,2.9,False,False,False,False,False,False,True,False,False,False,False,False,False,False,False,False,False,False,False,False,False,False,False,False,False,False,False,False,False,False
1,0,10.0,20.0,10.0,2880.0,5.3,0.089,35.2,6.8,False,False,False,False,False,False,True,False,False,False,False,False,False,False,False,False,False,False,False,False,False,False,False,False,False,False,False,False,False,False
1,0,10.0,20.0,10.0,2880.0,5.2,0.089,35.2,7.7,False,False,False,False,False,False,True,False,False,False,False,False,False,False,False,False,False,False,False,False,False,False,False,False,False,False,False,False,False,False
1,0,10.0,20.0,10.63,2880.0,7.3,0.089,35.2,5.5,False,False,False,False,False,False,True,False,False,False,False,False,False,False,False,False,False,False,False,False,False,False,False,False,False,False,False,False,False,False
1,0,10.0,20.0,9.07,2880.0,8.0,0.089,35.2,2.8,False,False,False,False,False,False,True,False,False,False,False,False,False,False,False,False,False,False,False,False,False,False,False,False,False,False,False,False,False,False
1,0,10.0,20.0,100.0,1440.0,7.0,0.089,35.2,22.0,False,False,False,False,False,False,True,False,False,False,False,False,False,False,False,False,False,False,False,False,False,False,False,False,False,False,False,False,False,False
1,1,0.5,25.0,50.0,2880.0,3.0,0.112,28.16,62.51,False,False,False,False,False,False,False,True,False,False,False,False,False,False,False,False,False,False,False,False,False,False,False,False,False,False,False,False,False,False
1,1,0.5,25.0,50.0,2880.0,4.0,0.112,28.16,60.5,False,False,False,False,False,False,False,True,False,False,False,False,False,False,False,False,False,False,False,False,False,False,False,False,False,False,False,False,False,False
1,1,0.5,25.0,50.0,2880.0,5.0,0.112,28.16,59.8,False,False,False,False,False,False,False,True,False,False,False,False,False,False,False,False,False,False,False,False,False,False,False,False,False,False,False,False,False,False
1,1,0.5,25.0,50.0,2880.0,6.0,0.112,28.16,52.5,False,False,False,False,False,False,False,True,False,False,False,False,False,False,False,False,False,False,False,False,False,False,False,False,False,False,False,False,False,False
1,1,0.5,25.0,50.0,2880.0,7.0,0.112,28.16,44.8,False,False,False,False,False,False,False,True,False,False,False,False,False,False,False,False,False,False,False,False,False,False,False,False,False,False,False,False,False,False
1,1,0.5,25.0,50.0,2880.0,8.0,0.112,28.16,38.0,False,False,False,False,False,False,False,True,False,False,False,False,False,False,False,False,False,False,False,False,False,False,False,False,False,False,False,False,False,False
1,1,0.5,25.0,50.0,2880.0,9.0,0.112,28.16,22.0,False,False,False,False,False,False,False,True,False,False,False,False,False,False,False,False,False,False,False,False,False,False,False,False,False,False,False,False,False,False
1,1,0.5,25.0,50.0,2880.0,10.0,0.112,28.16,20.0,False,False,False,False,False,False,False,True,False,False,False,False,False,False,False,False,False,False,False,False,False,False,False,False,False,False,False,False,False,False
1,1,0.5,25.0,50.0,2880.0,11.0,0.112,28.16,10.0,False,False,False,False,False,False,False,True,False,False,False,False,False,False,False,False,False,False,False,False,False,False,False,False,False,False,False,False,False,False
1,1,0.5,15.0,50.0,2880.0,5.0,0.112,28.16,64.98,False,False,False,False,False,False,False,True,False,False,False,False,False,False,False,False,False,False,False,False,False,False,False,False,False,False,False,False,False,False
1,1,0.5,20.0,50.0,2880.0,5.0,0.112,28.16,62.5,False,False,False,False,False,False,False,True,False,False,False,False,False,False,False,False,False,False,False,False,False,False,False,False,False,False,False,False,False,False
1,1,0.5,25.0,50.0,2880.0,5.0,0.112,28.16,59.8,False,False,False,False,False,False,False,True,False,False,False,False,False,False,False,False,False,False,False,False,False,False,False,False,False,False,False,False,False,False
1,1,0.5,30.0,50.0,2880.0,5.0,0.112,28.16,58.5,False,False,False,False,False,False,False,True,False,False,False,False,False,False,False,False,False,False,False,False,False,False,False,False,False,False,False,False,False,False
1,1,0.5,35.0,50.0,2880.0,5.0,0.112,28.16,56.07,False,False,False,False,False,False,False,True,False,False,False,False,False,False,False,False,False,False,False,False,False,False,False,False,False,False,False,False,False,False
1,1,0.5,25.0,10.0,2880.0,5.0,0.112,28.16,40.0,False,False,False,False,False,False,False,True,False,False,False,False,False,False,False,False,False,False,False,False,False,False,False,False,False,False,False,False,False,False
1,1,0.5,25.0,25.0,2880.0,5.0,0.112,28.16,85.0,False,False,False,False,False,False,False,True,False,False,False,False,False,False,False,False,False,False,False,False,False,False,False,False,False,False,False,False,False,False
1,1,0.5,25.0,50.0,2880.0,5.0,0.112,28.16,115.0,False,False,False,False,False,False,False,True,False,False,False,False,False,False,False,False,False,False,False,False,False,False,False,False,False,False,False,False,False,False
1,1,0.5,25.0,100.0,2880.0,5.0,0.112,28.16,145.0,False,False,False,False,False,False,False,True,False,False,False,False,False,False,False,False,False,False,False,False,False,False,False,False,False,False,False,False,False,False
1,1,0.5,25.0,200.0,2880.0,5.0,0.112,28.16,174.6,False,False,False,False,False,False,False,True,False,False,False,False,False,False,False,False,False,False,False,False,False,False,False,False,False,False,False,False,False,False
1,1,0.62,25.0,50.0,2880.0,3.0,0.089,20.59,65.39,False,False,False,False,False,False,False,False,True,False,False,False,False,False,False,False,False,False,False,False,False,False,False,False,False,False,False,False,False,False
1,1,0.62,25.0,50.0,2880.0,4.0,0.089,20.59,63.5,False,False,False,False,False,False,False,False,True,False,False,False,False,False,False,False,False,False,False,False,False,False,False,False,False,False,False,False,False,False
1,1,0.62,25.0,50.0,2880.0,5.0,0.089,20.59,62.51,False,False,False,False,False,False,False,False,True,False,False,False,False,False,False,False,False,False,False,False,False,False,False,False,False,False,False,False,False,False
1,1,0.62,25.0,50.0,2880.0,6.0,0.089,20.59,60.5,False,False,False,False,False,False,False,False,True,False,False,False,False,False,False,False,False,False,False,False,False,False,False,False,False,False,False,False,False,False
1,1,0.62,25.0,50.0,2880.0,7.0,0.089,20.59,52.3,False,False,False,False,False,False,False,False,True,False,False,False,False,False,False,False,False,False,False,False,False,False,False,False,False,False,False,False,False,False
1,1,0.62,25.0,50.0,2880.0,8.0,0.089,20.59,50.0,False,False,False,False,False,False,False,False,True,False,False,False,False,False,False,False,False,False,False,False,False,False,False,False,False,False,False,False,False,False
1,1,0.62,25.0,50.0,2880.0,9.0,0.089,20.59,45.0,False,False,False,False,False,False,False,False,True,False,False,False,False,False,False,False,False,False,False,False,False,False,False,False,False,False,False,False,False,False
1,1,0.62,25.0,50.0,2880.0,10.0,0.089,20.59,23.0,False,False,False,False,False,False,False,False,True,False,False,False,False,False,False,False,False,False,False,False,False,False,False,False,False,False,False,False,False,False
1,1,0.62,25.0,50.0,2880.0,11.0,0.089,20.59,10.0,False,False,False,False,False,False,False,False,True,False,False,False,False,False,False,False,False,False,False,False,False,False,False,False,False,False,False,False,False,False
1,1,0.62,15.0,50.0,2880.0,5.0,0.089,20.59,68.68,False,False,False,False,False,False,False,False,True,False,False,False,False,False,False,False,False,False,False,False,False,False,False,False,False,False,False,False,False,False
1,1,0.62,20.0,50.0,2880.0,5.0,0.089,20.59,64.5,False,False,False,False,False,False,False,False,True,False,False,False,False,False,False,False,False,False,False,False,False,False,False,False,False,False,False,False,False,False
1,1,0.62,25.0,50.0,2880.0,5.0,0.089,20.59,62.51,False,False,False,False,False,False,False,False,True,False,False,False,False,False,False,False,False,False,False,False,False,False,False,False,False,False,False,False,False,False
1,1,0.62,30.0,50.0,2880.0,5.0,0.089,20.59,59.5,False,False,False,False,False,False,False,False,True,False,False,False,False,False,False,False,False,False,False,False,False,False,False,False,False,False,False,False,False,False
1,1,0.62,35.0,50.0,2880.0,5.0,0.089,20.59,55.94,False,False,False,False,False,False,False,False,True,False,False,False,False,False,False,False,False,False,False,False,False,False,False,False,False,False,False,False,False,False
1,1,0.62,25.0,10.0,2880.0,5.0,0.089,20.59,35.0,False,False,False,False,False,False,False,False,True,False,False,False,False,False,False,False,False,False,False,False,False,False,False,False,False,False,False,False,False,False
1,1,0.62,25.0,25.0,2880.0,5.0,0.089,20.59,75.0,False,False,False,False,False,False,False,False,True,False,False,False,False,False,False,False,False,False,False,False,False,False,False,False,False,False,False,False,False,False
1,1,0.62,25.0,50.0,2880.0,5.0,0.089,20.59,105.0,False,False,False,False,False,False,False,False,True,False,False,False,False,False,False,False,False,False,False,False,False,False,False,False,False,False,False,False,False,False
1,1,0.62,25.0,100.0,2880.0,5.0,0.089,20.59,125.0,False,False,False,False,False,False,False,False,True,False,False,False,False,False,False,False,False,False,False,False,False,False,False,False,False,False,False,False,False,False
1,1,0.62,25.0,200.0,2880.0,5.0,0.089,20.59,149.5,False,False,False,False,False,False,False,False,True,False,False,False,False,False,False,False,False,False,False,False,False,False,False,False,False,False,False,False,False,False
1,1,0.5,25.0,50.0,360.0,4.0,0.0135,0.0795,72.0,False,False,False,False,False,False,False,False,False,True,False,False,False,False,False,False,False,False,False,False,False,False,False,False,False,False,False,False,False,False
1,1,0.5,25.0,50.0,120.0,4.0,0.0135,13.0846930232558,57.6,False,False,False,False,False,False,False,False,False,True,False,False,False,False,False,False,False,False,False,False,False,False,False,False,False,False,False,False,False,False
1,1,0.5,25.0,1.0,360.0,4.0,0.0135,0.0795,5.0,False,False,False,False,False,False,False,False,False,True,False,False,False,False,False,False,False,False,False,False,False,False,False,False,False,False,False,False,False,False
1,1,0.5,25.0,5.0,360.0,4.0,0.0135,0.0795,25.0,False,False,False,False,False,False,False,False,False,True,False,False,False,False,False,False,False,False,False,False,False,False,False,False,False,False,False,False,False,False
1,1,0.5,25.0,10.0,360.0,4.0,0.0135,0.0795,45.0,False,False,False,False,False,False,False,False,False,True,False,False,False,False,False,False,False,False,False,False,False,False,False,False,False,False,False,False,False,False
1,1,0.5,25.0,20.0,360.0,4.0,0.0135,0.0795,75.0,False,False,False,False,False,False,False,False,False,True,False,False,False,False,False,False,False,False,False,False,False,False,False,False,False,False,False,False,False,False
1,1,0.5,25.0,35.0,360.0,4.0,0.0135,0.0795,107.7,False,False,False,False,False,False,False,False,False,True,False,False,False,False,False,False,False,False,False,False,False,False,False,False,False,False,False,False,False,False
1,1,0.5,25.0,50.0,360.0,2.0,0.0135,0.0795,33.0,False,False,False,False,False,False,False,False,False,True,False,False,False,False,False,False,False,False,False,False,False,False,False,False,False,False,False,False,False,False
1,1,0.5,25.0,50.0,360.0,3.0,0.0135,0.0795,66.0,False,False,False,False,False,False,False,False,False,True,False,False,False,False,False,False,False,False,False,False,False,False,False,False,False,False,False,False,False,False
1,1,0.5,25.0,50.0,360.0,4.0,0.0135,0.0795,33.0,False,False,False,False,False,False,False,False,False,True,False,False,False,False,False,False,False,False,False,False,False,False,False,False,False,False,False,False,False,False
1,1,0.5,25.0,50.0,360.0,5.0,0.0135,45.146,30.0,False,False,False,False,False,False,False,False,False,True,False,False,False,False,False,False,False,False,False,False,False,False,False,False,False,False,False,False,False,False
1,1,0.5,25.0,50.0,360.0,6.0,0.0135,45.146,28.0,False,False,False,False,False,False,False,False,False,True,False,False,False,False,False,False,False,False,False,False,False,False,False,False,False,False,False,False,False,False
1,1,0.5,25.0,50.0,360.0,7.0,0.0135,45.146,18.0,False,False,False,False,False,False,False,False,False,True,False,False,False,False,False,False,False,False,False,False,False,False,False,False,False,False,False,False,False,False
1,1,0.5,25.0,50.0,360.0,2.0,0.0135,0.0795,35.0,False,False,False,False,False,False,False,False,False,True,False,False,False,False,False,False,False,False,False,False,False,False,False,False,False,False,False,False,False,False
1,1,0.5,25.0,50.0,360.0,3.0,0.0135,0.0795,66.0,False,False,False,False,False,False,False,False,False,True,False,False,False,False,False,False,False,False,False,False,False,False,False,False,False,False,False,False,False,False
1,1,0.5,25.0,50.0,360.0,4.0,0.0135,0.0795,75.0,False,False,False,False,False,False,False,False,False,True,False,False,False,False,False,False,False,False,False,False,False,False,False,False,False,False,False,False,False,False
1,1,0.5,25.0,50.0,360.0,5.0,0.0135,45.146,35.0,False,False,False,False,False,False,False,False,False,True,False,False,False,False,False,False,False,False,False,False,False,False,False,False,False,False,False,False,False,False
1,1,0.5,25.0,50.0,360.0,6.0,0.0135,45.146,28.0,False,False,False,False,False,False,False,False,False,True,False,False,False,False,False,False,False,False,False,False,False,False,False,False,False,False,False,False,False,False
1,1,0.5,25.0,50.0,360.0,7.0,0.0135,45.146,18.0,False,False,False,False,False,False,False,False,False,True,False,False,False,False,False,False,False,False,False,False,False,False,False,False,False,False,False,False,False,False
1,0,1.0,25.0,25.0,1440.0,3.0,0.089,24.6709,18.0,False,False,False,False,False,False,False,False,False,True,False,False,False,False,False,False,False,False,False,False,False,False,False,False,False,False,False,False,False,False
1,0,1.0,25.0,50.0,1440.0,3.0,0.089,24.6709,35.0,False,False,False,False,False,False,False,False,False,True,False,False,False,False,False,False,False,False,False,False,False,False,False,False,False,False,False,False,False,False
1,0,1.0,25.0,100.0,1440.0,3.0,0.089,24.6709,58.0,False,False,False,False,False,False,False,False,False,True,False,False,False,False,False,False,False,False,False,False,False,False,False,False,False,False,False,False,False,False
1,0,1.0,25.0,200.0,1440.0,3.0,0.089,24.6709,72.0,False,False,False,False,False,False,False,False,False,True,False,False,False,False,False,False,False,False,False,False,False,False,False,False,False,False,False,False,False,False
1,0,1.0,25.0,300.0,1440.0,3.0,0.089,35.2,78.0,False,False,False,False,False,False,False,False,False,True,False,False,False,False,False,False,False,False,False,False,False,False,False,False,False,False,False,False,False,False
1,0,1.0,25.0,400.0,1440.0,3.0,0.089,35.2,81.0,False,False,False,False,False,False,False,False,False,True,False,False,False,False,False,False,False,False,False,False,False,False,False,False,False,False,False,False,False,False
1,0,1.0,25.0,500.0,1440.0,3.0,0.089,35.2,82.5,False,False,False,False,False,False,False,False,False,True,False,False,False,False,False,False,False,False,False,False,False,False,False,False,False,False,False,False,False,False
1,1,0.15,20.0,10.0,1440.0,6.0,0.016,11.2,95.25,False,False,False,False,False,False,False,False,False,True,False,False,False,False,False,False,False,False,False,False,False,False,False,False,False,False,False,False,False,False
1,1,0.15,20.0,10.0,90.0,6.0,0.016,11.2,48.0,False,False,False,False,False,False,False,False,False,True,False,False,False,False,False,False,False,False,False,False,False,False,False,False,False,False,False,False,False,False
1,1,0.15,20.0,10.0,360.0,6.0,0.016,11.2,72.0,False,False,False,False,False,False,False,False,False,True,False,False,False,False,False,False,False,False,False,False,False,False,False,False,False,False,False,False,False,False
1,1,0.15,20.0,10.0,1440.0,3.0,0.016,11.2,82.0,False,False,False,False,False,False,False,False,False,True,False,False,False,False,False,False,False,False,False,False,False,False,False,False,False,False,False,False,False,False
1,1,0.15,20.0,10.0,1440.0,4.0,0.016,11.2,78.0,False,False,False,False,False,False,False,False,False,True,False,False,False,False,False,False,False,False,False,False,False,False,False,False,False,False,False,False,False,False
1,1,0.15,20.0,10.0,1440.0,5.0,0.016,11.2,72.0,False,False,False,False,False,False,False,False,False,True,False,False,False,False,False,False,False,False,False,False,False,False,False,False,False,False,False,False,False,False
1,1,0.15,20.0,10.0,1440.0,6.0,0.016,11.2,68.0,False,False,False,False,False,False,False,False,False,True,False,False,False,False,False,False,False,False,False,False,False,False,False,False,False,False,False,False,False,False
1,1,0.15,20.0,10.0,1440.0,7.0,0.016,11.2,48.0,False,False,False,False,False,False,False,False,False,True,False,False,False,False,False,False,False,False,False,False,False,False,False,False,False,False,False,False,False,False
1,1,0.15,20.0,10.0,1440.0,8.0,0.016,11.2,35.0,False,False,False,False,False,False,False,False,False,True,False,False,False,False,False,False,False,False,False,False,False,False,False,False,False,False,False,False,False,False
1,1,0.15,20.0,10.0,1440.0,9.0,0.016,11.2,25.0,False,False,False,False,False,False,False,False,False,True,False,False,False,False,False,False,False,False,False,False,False,False,False,False,False,False,False,False,False,False
1,1,0.15,20.0,10.0,1440.0,10.0,0.016,11.2,15.0,False,False,False,False,False,False,False,False,False,True,False,False,False,False,False,False,False,False,False,False,False,False,False,False,False,False,False,False,False,False
1,1,0.15,20.0,10.0,1440.0,11.0,0.016,11.2,8.0,False,False,False,False,False,False,False,False,False,True,False,False,False,False,False,False,False,False,False,False,False,False,False,False,False,False,False,False,False,False
1,1,0.15,20.0,10.0,1440.0,12.0,0.016,11.2,5.0,False,False,False,False,False,False,False,False,False,True,False,False,False,False,False,False,False,False,False,False,False,False,False,False,False,False,False,False,False,False
1,1,0.15,20.0,20.0,1440.0,6.0,0.016,11.2,82.0,False,False,False,False,False,False,False,False,False,True,False,False,False,False,False,False,False,False,False,False,False,False,False,False,False,False,False,False,False,False
1,1,0.15,20.0,40.0,1440.0,6.0,0.016,11.2,88.0,False,False,False,False,False,False,False,False,False,True,False,False,False,False,False,False,False,False,False,False,False,False,False,False,False,False,False,False,False,False
1,1,0.15,20.0,60.0,1440.0,6.0,0.016,11.2,92.0,False,False,False,False,False,False,False,False,False,True,False,False,False,False,False,False,False,False,False,False,False,False,False,False,False,False,False,False,False,False
1,1,0.15,20.0,80.0,1440.0,6.0,0.016,11.2,94.0,False,False,False,False,False,False,False,False,False,True,False,False,False,False,False,False,False,False,False,False,False,False,False,False,False,False,False,False,False,False
1,1,0.15,20.0,100.0,1440.0,6.0,0.016,11.2,95.25,False,False,False,False,False,False,False,False,False,True,False,False,False,False,False,False,False,False,False,False,False,False,False,False,False,False,False,False,False,False
1,0,0.5,24.0,11.0,120.0,6.0,0.0135,10.78,18.0,False,False,False,False,False,False,False,False,False,True,False,False,False,False,False,False,False,False,False,False,False,False,False,False,False,False,False,False,False,False
1,0,0.5,24.0,22.5,120.0,6.0,0.0135,10.78,35.0,False,False,False,False,False,False,False,False,False,True,False,False,False,False,False,False,False,False,False,False,False,False,False,False,False,False,False,False,False,False
1,0,0.5,24.0,31.0,120.0,6.0,0.0135,10.78,42.0,False,False,False,False,False,False,False,False,False,True,False,False,False,False,False,False,False,False,False,False,False,False,False,False,False,False,False,False,False,False
1,0,0.5,24.0,37.5,120.0,6.0,0.0135,10.78,45.0,False,False,False,False,False,False,False,False,False,True,False,False,False,False,False,False,False,False,False,False,False,False,False,False,False,False,False,False,False,False
1,0,0.5,24.0,48.5,120.0,6.0,0.0135,10.78,47.0,False,False,False,False,False,False,False,False,False,True,False,False,False,False,False,False,False,False,False,False,False,False,False,False,False,False,False,False,False,False
1,0,0.5,24.0,50.0,120.0,5.50603804983358,0.0135,10.78,43.0189124763875,False,False,False,False,False,False,False,False,False,True,False,False,False,False,False,False,False,False,False,False,False,False,False,False,False,False,False,False,False,False
1,0,0.5,24.0,50.0,120.0,6.62943015201943,0.0135,10.78,39.6973104254745,False,False,False,False,False,False,False,False,False,True,False,False,False,False,False,False,False,False,False,False,False,False,False,False,False,False,False,False,False,False
1,0,0.5,24.0,50.0,120.0,7.75563326436988,0.0135,10.78,31.0376000719618,False,False,False,False,False,False,False,False,False,True,False,False,False,False,False,False,False,False,False,False,False,False,False,False,False,False,False,False,False,False
1,0,0.5,24.0,50.0,120.0,8.86890572996311,0.0135,10.78,16.9331879104074,False,False,False,False,False,False,False,False,False,True,False,False,False,False,False,False,False,False,False,False,False,False,False,False,False,False,False,False,False,False
1,0,0.5,24.0,50.0,120.0,9.98959926239093,0.0135,10.78,18.7361698299901,False,False,False,False,False,False,False,False,False,True,False,False,False,False,False,False,False,False,False,False,False,False,False,False,False,False,False,False,False,False
1,0,0.5,24.0,50.0,120.0,11.0962377439956,0.0135,10.78,17.2296932625708,False,False,False,False,False,False,False,False,False,True,False,False,False,False,False,False,False,False,False,False,False,False,False,False,False,False,False,False,False,False
1,0,0.5,24.0,10.0,120.0,6.0,0.0135,10.78,19.2,False,False,False,False,False,False,False,False,False,True,False,False,False,False,False,False,False,False,False,False,False,False,False,False,False,False,False,False,False,False
1,0,0.5,24.0,50.0,120.0,6.0,0.0135,10.78,38.27,False,False,False,False,False,False,False,False,False,True,False,False,False,False,False,False,False,False,False,False,False,False,False,False,False,False,False,False,False,False
1,0,0.5,4.0,50.0,120.0,6.0,0.0135,10.78,48.5,False,False,False,False,False,False,False,False,False,True,False,False,False,False,False,False,False,False,False,False,False,False,False,False,False,False,False,False,False,False
1,0,0.5,24.0,50.0,120.0,6.0,0.0135,10.78,47.28,False,False,False,False,False,False,False,False,False,True,False,False,False,False,False,False,False,False,False,False,False,False,False,False,False,False,False,False,False,False
1,0,0.5,30.0,50.0,120.0,6.0,0.0135,10.78,45.0,False,False,False,False,False,False,False,False,False,True,False,False,False,False,False,False,False,False,False,False,False,False,False,False,False,False,False,False,False,False
1,0,0.5,40.0,50.0,120.0,6.0,0.0135,10.78,42.0,False,False,False,False,False,False,False,False,False,True,False,False,False,False,False,False,False,False,False,False,False,False,False,False,False,False,False,False,False,False
1,1,0.5,24.0,11.5,120.0,6.0,5.558,12.47,19.0,False,False,False,False,False,False,False,False,False,True,False,False,False,False,False,False,False,False,False,False,False,False,False,False,False,False,False,False,False,False
1,1,0.5,24.0,25.0,120.0,6.0,5.558,12.47,40.0,False,False,False,False,False,False,False,False,False,True,False,False,False,False,False,False,False,False,False,False,False,False,False,False,False,False,False,False,False,False
1,1,0.5,24.0,36.0,120.0,6.0,5.558,12.47,52.0,False,False,False,False,False,False,False,False,False,True,False,False,False,False,False,False,False,False,False,False,False,False,False,False,False,False,False,False,False,False
1,1,0.5,24.0,43.0,120.0,6.0,5.558,12.47,56.0,False,False,False,False,False,False,False,False,False,True,False,False,False,False,False,False,False,False,False,False,False,False,False,False,False,False,False,False,False,False
1,1,0.5,24.0,48.5,120.0,6.0,5.558,12.47,57.0,False,False,False,False,False,False,False,False,False,True,False,False,False,False,False,False,False,False,False,False,False,False,False,False,False,False,False,False,False,False
1,1,0.5,24.0,50.0,120.0,4.3851196365926,5.558,10.78,41.6429792210128,False,False,False,False,False,False,False,False,False,True,False,False,False,False,False,False,False,False,False,False,False,False,False,False,False,False,False,False,False,False
1,1,0.5,24.0,50.0,120.0,1.07082621210758,5.558,12.47,16.6960510929207,False,False,False,False,False,False,False,False,False,True,False,False,False,False,False,False,False,False,False,False,False,False,False,False,False,False,False,False,False,False
1,1,0.5,24.0,50.0,120.0,2.17538454619051,5.558,12.47,28.6416074480525,False,False,False,False,False,False,False,False,False,True,False,False,False,False,False,False,False,False,False,False,False,False,False,False,False,False,False,False,False,False
1,1,0.5,24.0,50.0,120.0,3.29377305028334,5.558,12.47,52.7580507331114,False,False,False,False,False,False,False,False,False,True,False,False,False,False,False,False,False,False,False,False,False,False,False,False,False,False,False,False,False,False
1,1,0.5,24.0,50.0,120.0,4.3851196365926,5.558,12.47,52.7459071692003,False,False,False,False,False,False,False,False,False,True,False,False,False,False,False,False,False,False,False,False,False,False,False,False,False,False,False,False,False,False
1,1,0.5,24.0,50.0,120.0,5.50603804983358,5.558,12.47,54.1223464064046,False,False,False,False,False,False,False,False,False,True,False,False,False,False,False,False,False,False,False,False,False,False,False,False,False,False,False,False,False,False
1,1,0.5,24.0,50.0,120.0,6.62943015201943,5.558,12.47,48.5585702077898,False,False,False,False,False,False,False,False,False,True,False,False,False,False,False,False,False,False,False,False,False,False,False,False,False,False,False,False,False,False
1,1,0.5,24.0,50.0,120.0,7.75563326436988,5.558,12.47,40.0054533597193,False,False,False,False,False,False,False,False,False,True,False,False,False,False,False,False,False,False,False,False,False,False,False,False,False,False,False,False,False,False
1,1,0.5,24.0,50.0,120.0,8.86890572996311,5.558,12.47,28.4635018440226,False,False,False,False,False,False,False,False,False,True,False,False,False,False,False,False,False,False,False,False,False,False,False,False,False,False,False,False,False,False
1,1,0.5,24.0,50.0,120.0,9.98959926239093,5.558,12.47,24.9283754610056,False,False,False,False,False,False,False,False,False,True,False,False,False,False,False,False,False,False,False,False,False,False,False,False,False,False,False,False,False,False
1,1,0.5,24.0,50.0,120.0,11.0962377439956,5.558,12.47,22.7809885760547,False,False,False,False,False,False,False,False,False,True,False,False,False,False,False,False,False,False,False,False,False,False,False,False,False,False,False,False,False,False
1,1,0.5,24.0,10.0,120.0,6.0,5.558,12.47,19.13,False,False,False,False,False,False,False,False,False,True,False,False,False,False,False,False,False,False,False,False,False,False,False,False,False,False,False,False,False,False
1,1,0.5,24.0,50.0,120.0,6.0,5.558,12.47,53.14,False,False,False,False,False,False,False,False,False,True,False,False,False,False,False,False,False,False,False,False,False,False,False,False,False,False,False,False,False,False
1,1,0.5,24.0,10.0,120.0,6.0,5.558,10.16,17.2,False,False,False,False,False,False,False,False,False,True,False,False,False,False,False,False,False,False,False,False,False,False,False,False,False,False,False,False,False,False
1,1,0.5,24.0,50.0,120.0,6.0,5.558,10.16,31.35,False,False,False,False,False,False,False,False,False,True,False,False,False,False,False,False,False,False,False,False,False,False,False,False,False,False,False,False,False,False
1,1,0.5,4.0,50.0,120.0,6.0,5.558,12.47,58.5,False,False,False,False,False,False,False,False,False,True,False,False,False,False,False,False,False,False,False,False,False,False,False,False,False,False,False,False,False,False
1,1,0.5,24.0,50.0,120.0,6.0,5.558,12.47,57.84,False,False,False,False,False,False,False,False,False,True,False,False,False,False,False,False,False,False,False,False,False,False,False,False,False,False,False,False,False,False
1,1,0.5,30.0,50.0,120.0,6.0,5.558,12.47,55.0,False,False,False,False,False,False,False,False,False,True,False,False,False,False,False,False,False,False,False,False,False,False,False,False,False,False,False,False,False,False
1,1,0.5,40.0,50.0,120.0,6.0,5.558,12.47,52.0,False,False,False,False,False,False,False,False,False,True,False,False,False,False,False,False,False,False,False,False,False,False,False,False,False,False,False,False,False,False
1,1,10.0,25.0,15.5,1440.0,7.0,0.160857142857143,9.76029,15.5,False,False,False,False,False,False,False,False,False,False,True,False,False,False,False,False,False,False,False,False,False,False,False,False,False,False,False,False,False,False
1,1,10.0,25.0,31.0,1440.0,7.0,0.160857142857143,9.76029,31.0,False,False,False,False,False,False,False,False,False,False,True,False,False,False,False,False,False,False,False,False,False,False,False,False,False,False,False,False,False,False
1,1,10.0,25.0,62.0,1440.0,7.0,0.160857142857143,9.76029,34.1,False,False,False,False,False,False,False,False,False,False,True,False,False,False,False,False,False,False,False,False,False,False,False,False,False,False,False,False,False,False
1,1,10.0,25.0,124.0,1440.0,7.0,0.160857142857143,9.76029,34.1,False,False,False,False,False,False,False,False,False,False,True,False,False,False,False,False,False,False,False,False,False,False,False,False,False,False,False,False,False,False
1,1,10.0,25.0,248.0,1440.0,7.0,0.160857142857143,9.76029,34.1,False,False,False,False,False,False,False,False,False,False,True,False,False,False,False,False,False,False,False,False,False,False,False,False,False,False,False,False,False,False
1,1,10.0,15.0,62.0,1440.0,7.0,0.160857142857143,9.76029,31.6,False,False,False,False,False,False,False,False,False,False,True,False,False,False,False,False,False,False,False,False,False,False,False,False,False,False,False,False,False,False
1,1,10.0,35.0,62.0,1440.0,7.0,0.1005,9.76029,34.8,False,False,False,False,False,False,False,False,False,False,True,False,False,False,False,False,False,False,False,False,False,False,False,False,False,False,False,False,False,False
1,1,10.0,25.0,31.0,10.0,7.0,0.0469,54.4,20.0,False,False,False,False,False,False,False,False,False,False,True,False,False,False,False,False,False,False,False,False,False,False,False,False,False,False,False,False,False,False
1,1,10.0,25.0,31.0,30.0,7.0,0.0469,54.4,28.0,False,False,False,False,False,False,False,False,False,False,True,False,False,False,False,False,False,False,False,False,False,False,False,False,False,False,False,False,False,False
1,1,10.0,25.0,31.0,60.0,7.0,0.0469,2.13060967741935,32.0,False,False,False,False,False,False,False,False,False,False,True,False,False,False,False,False,False,False,False,False,False,False,False,False,False,False,False,False,False,False
1,1,10.0,25.0,31.0,180.0,7.0,0.0469,9.825671875,34.0,False,False,False,False,False,False,False,False,False,False,True,False,False,False,False,False,False,False,False,False,False,False,False,False,False,False,False,False,False,False
1,1,10.0,25.0,31.0,1440.0,4.0,0.1005,9.76029,12.0,False,False,False,False,False,False,False,False,False,False,True,False,False,False,False,False,False,False,False,False,False,False,False,False,False,False,False,False,False,False
1,1,10.0,25.0,31.0,1440.0,5.0,0.1005,9.76029,22.0,False,False,False,False,False,False,False,False,False,False,True,False,False,False,False,False,False,False,False,False,False,False,False,False,False,False,False,False,False,False
1,1,10.0,25.0,31.0,1440.0,6.0,0.160857142857143,9.76029,34.0,False,False,False,False,False,False,False,False,False,False,True,False,False,False,False,False,False,False,False,False,False,False,False,False,False,False,False,False,False,False
1,1,10.0,25.0,31.0,1440.0,7.0,0.160857142857143,9.76029,30.0,False,False,False,False,False,False,False,False,False,False,True,False,False,False,False,False,False,False,False,False,False,False,False,False,False,False,False,False,False,False
1,1,10.0,25.0,31.0,1440.0,8.0,0.160857142857143,9.76029,23.0,False,False,False,False,False,False,False,False,False,False,True,False,False,False,False,False,False,False,False,False,False,False,False,False,False,False,False,False,False,False
1,1,10.0,25.0,31.0,1440.0,9.0,0.160857142857143,9.76029,12.0,False,False,False,False,False,False,False,False,False,False,True,False,False,False,False,False,False,False,False,False,False,False,False,False,False,False,False,False,False,False
1,1,10.0,25.0,31.0,1440.0,10.0,0.160857142857143,9.76029,8.0,False,False,False,False,False,False,False,False,False,False,True,False,False,False,False,False,False,False,False,False,False,False,False,False,False,False,False,False,False,False
1,1,14.0,25.0,4.0,1440.0,7.0,0.160857142857143,9.76029,4.0,False,False,False,False,False,False,False,False,False,False,True,False,False,False,False,False,False,False,False,False,False,False,False,False,False,False,False,False,False,False
1,1,10.0,25.0,26.4,180.0,7.27,0.0828333333333333,9.825671875,26.4,False,False,False,False,False,False,False,False,False,False,True,False,False,False,False,False,False,False,False,False,False,False,False,False,False,False,False,False,False,False
1,0,1.0,25.0,25.0,1440.0,3.0,0.089,35.2,45.0,False,False,False,False,False,False,False,False,False,False,False,True,False,False,False,False,False,False,False,False,False,False,False,False,False,False,False,False,False,False
1,0,1.0,25.0,50.0,1440.0,3.0,0.089,35.2,85.0,False,False,False,False,False,False,False,False,False,False,False,True,False,False,False,False,False,False,False,False,False,False,False,False,False,False,False,False,False,False
1,0,1.0,25.0,100.0,1440.0,3.0,0.089,35.2,165.0,False,False,False,False,False,False,False,False,False,False,False,True,False,False,False,False,False,False,False,False,False,False,False,False,False,False,False,False,False,False
1,0,1.0,25.0,200.0,1440.0,3.0,0.089,35.2,188.0,False,False,False,False,False,False,False,False,False,False,False,True,False,False,False,False,False,False,False,False,False,False,False,False,False,False,False,False,False,False
1,0,1.0,25.0,300.0,1440.0,3.0,0.089,35.2,193.0,False,False,False,False,False,False,False,False,False,False,False,True,False,False,False,False,False,False,False,False,False,False,False,False,False,False,False,False,False,False
1,0,1.0,25.0,400.0,1440.0,3.0,0.089,35.2,194.0,False,False,False,False,False,False,False,False,False,False,False,True,False,False,False,False,False,False,False,False,False,False,False,False,False,False,False,False,False,False
1,0,1.0,25.0,500.0,1440.0,3.0,0.089,35.2,195.3,False,False,False,False,False,False,False,False,False,False,False,True,False,False,False,False,False,False,False,False,False,False,False,False,False,False,False,False,False,False
1,0,1.0,25.0,50.0,10.0,3.0,0.089,35.2,36.0,False,False,False,False,False,False,False,False,False,False,False,True,False,False,False,False,False,False,False,False,False,False,False,False,False,False,False,False,False,False
1,0,1.0,25.0,50.0,30.0,3.0,0.089,35.2,59.0,False,False,False,False,False,False,False,False,False,False,False,True,False,False,False,False,False,False,False,False,False,False,False,False,False,False,False,False,False,False
1,0,1.0,25.0,50.0,60.0,3.0,0.089,35.2,72.0,False,False,False,False,False,False,False,False,False,False,False,True,False,False,False,False,False,False,False,False,False,False,False,False,False,False,False,False,False,False
1,0,1.0,25.0,50.0,100.0,3.0,0.089,35.2,79.0,False,False,False,False,False,False,False,False,False,False,False,True,False,False,False,False,False,False,False,False,False,False,False,False,False,False,False,False,False,False
1,0,1.0,25.0,50.0,150.0,3.0,0.089,35.2,82.0,False,False,False,False,False,False,False,False,False,False,False,True,False,False,False,False,False,False,False,False,False,False,False,False,False,False,False,False,False,False
1,0,1.0,25.0,50.0,210.0,3.0,0.089,35.2,48.0,False,False,False,False,False,False,False,False,False,False,False,True,False,False,False,False,False,False,False,False,False,False,False,False,False,False,False,False,False,False
1,0,1.0,25.0,100.0,10.0,3.0,0.089,35.2,42.0,False,False,False,False,False,False,False,False,False,False,False,True,False,False,False,False,False,False,False,False,False,False,False,False,False,False,False,False,False,False
1,0,1.0,25.0,100.0,30.0,3.0,0.089,35.2,69.0,False,False,False,False,False,False,False,False,False,False,False,True,False,False,False,False,False,False,False,False,False,False,False,False,False,False,False,False,False,False
1,0,1.0,25.0,100.0,60.0,3.0,0.089,35.2,83.0,False,False,False,False,False,False,False,False,False,False,False,True,False,False,False,False,False,False,False,False,False,False,False,False,False,False,False,False,False,False
1,0,1.0,25.0,100.0,100.0,3.0,0.089,35.2,89.0,False,False,False,False,False,False,False,False,False,False,False,True,False,False,False,False,False,False,False,False,False,False,False,False,False,False,False,False,False,False
1,0,1.0,25.0,100.0,150.0,3.0,0.089,35.2,92.0,False,False,False,False,False,False,False,False,False,False,False,True,False,False,False,False,False,False,False,False,False,False,False,False,False,False,False,False,False,False
1,0,1.0,25.0,100.0,210.0,3.0,0.089,35.2,94.0,False,False,False,False,False,False,False,False,False,False,False,True,False,False,False,False,False,False,False,False,False,False,False,False,False,False,False,False,False,False
1,0,1.0,25.0,100.0,300.0,3.0,0.089,35.2,95.0,False,False,False,False,False,False,False,False,False,False,False,True,False,False,False,False,False,False,False,False,False,False,False,False,False,False,False,False,False,False
1,0,1.0,25.0,100.0,1440.0,3.0,0.089,35.2,195.3,False,False,False,False,False,False,False,False,False,False,False,True,False,False,False,False,False,False,False,False,False,False,False,False,False,False,False,False,False,False
1,0,1.0,25.0,100.0,1440.0,4.0,0.089,35.2,85.0,False,False,False,False,False,False,False,False,False,False,False,True,False,False,False,False,False,False,False,False,False,False,False,False,False,False,False,False,False,False
1,0,1.0,25.0,100.0,1440.0,5.0,0.089,35.2,78.0,False,False,False,False,False,False,False,False,False,False,False,True,False,False,False,False,False,False,False,False,False,False,False,False,False,False,False,False,False,False
1,0,1.0,25.0,100.0,1440.0,6.0,0.089,35.2,72.0,False,False,False,False,False,False,False,False,False,False,False,True,False,False,False,False,False,False,False,False,False,False,False,False,False,False,False,False,False,False
1,0,1.0,25.0,100.0,1440.0,7.0,0.089,35.2,66.0,False,False,False,False,False,False,False,False,False,False,False,True,False,False,False,False,False,False,False,False,False,False,False,False,False,False,False,False,False,False
1,0,1.0,25.0,100.0,1440.0,8.0,0.089,35.2,62.0,False,False,False,False,False,False,False,False,False,False,False,True,False,False,False,False,False,False,False,False,False,False,False,False,False,False,False,False,False,False
1,0,1.0,25.0,100.0,1440.0,9.0,0.089,35.2,56.0,False,False,False,False,False,False,False,False,False,False,False,True,False,False,False,False,False,False,False,False,False,False,False,False,False,False,False,False,False,False
1,0,1.0,25.0,100.0,1440.0,10.0,0.089,35.2,50.0,False,False,False,False,False,False,False,False,False,False,False,True,False,False,False,False,False,False,False,False,False,False,False,False,False,False,False,False,False,False
1,0,1.0,25.0,100.0,1440.0,11.0,0.089,35.2,46.0,False,False,False,False,False,False,False,False,False,False,False,True,False,False,False,False,False,False,False,False,False,False,False,False,False,False,False,False,False,False
1,0,10.0,20.0,10.0,1440.0,4.0,0.089,24.6709,11.4,False,False,False,False,False,False,False,False,False,False,False,False,True,False,False,False,False,False,False,False,False,False,False,False,False,False,False,False,False,False
1,0,10.0,20.0,10.0,1440.0,6.0,0.089,35.2,9.9,False,False,False,False,False,False,False,False,False,False,False,False,True,False,False,False,False,False,False,False,False,False,False,False,False,False,False,False,False,False
1,0,10.0,20.0,10.0,1440.0,7.0,0.089,35.2,8.2,False,False,False,False,False,False,False,False,False,False,False,False,True,False,False,False,False,False,False,False,False,False,False,False,False,False,False,False,False,False
1,0,10.0,20.0,10.0,1440.0,8.0,0.089,35.2,3.9,False,False,False,False,False,False,False,False,False,False,False,False,True,False,False,False,False,False,False,False,False,False,False,False,False,False,False,False,False,False
1,0,10.0,20.0,10.0,1440.0,10.0,0.089,35.2,2.2,False,False,False,False,False,False,False,False,False,False,False,False,True,False,False,False,False,False,False,False,False,False,False,False,False,False,False,False,False,False
1,0,10.0,25.0,10.0,5.0,7.0,0.12,70.74,2.5,False,False,False,False,False,False,False,False,False,False,False,False,True,False,False,False,False,False,False,False,False,False,False,False,False,False,False,False,False,False
1,0,10.0,25.0,10.0,10.0,7.0,0.12,70.74,4.0,False,False,False,False,False,False,False,False,False,False,False,False,True,False,False,False,False,False,False,False,False,False,False,False,False,False,False,False,False,False
1,0,10.0,25.0,10.0,20.0,7.0,0.12,70.74,5.5,False,False,False,False,False,False,False,False,False,False,False,False,True,False,False,False,False,False,False,False,False,False,False,False,False,False,False,False,False,False
1,0,10.0,25.0,10.0,40.0,7.0,0.12,70.74,6.5,False,False,False,False,False,False,False,False,False,False,False,False,True,False,False,False,False,False,False,False,False,False,False,False,False,False,False,False,False,False
1,0,10.0,25.0,10.0,60.0,7.0,0.12,2.13060967741935,7.0,False,False,False,False,False,False,False,False,False,False,False,False,True,False,False,False,False,False,False,False,False,False,False,False,False,False,False,False,False,False
1,0,10.0,25.0,10.0,120.0,7.0,0.12,9.825671875,7.3,False,False,False,False,False,False,False,False,False,False,False,False,True,False,False,False,False,False,False,False,False,False,False,False,False,False,False,False,False,False
1,0,10.0,25.0,10.0,240.0,7.0,0.12,9.825671875,7.4,False,False,False,False,False,False,False,False,False,False,False,False,True,False,False,False,False,False,False,False,False,False,False,False,False,False,False,False,False,False
1,0,10.0,25.0,10.0,1440.0,7.0,0.089,35.2,7.43,False,False,False,False,False,False,False,False,False,False,False,False,True,False,False,False,False,False,False,False,False,False,False,False,False,False,False,False,False,False
1,0,10.0,25.0,50.0,1440.0,7.0,0.089,35.2,11.44,False,False,False,False,False,False,False,False,False,False,False,False,True,False,False,False,False,False,False,False,False,False,False,False,False,False,False,False,False,False
1,0,10.0,35.0,10.0,1440.0,7.0,0.089,35.2,7.9,False,False,False,False,False,False,False,False,False,False,False,False,True,False,False,False,False,False,False,False,False,False,False,False,False,False,False,False,False,False
1,0,10.0,35.0,50.0,1440.0,7.0,0.089,35.2,21.15,False,False,False,False,False,False,False,False,False,False,False,False,True,False,False,False,False,False,False,False,False,False,False,False,False,False,False,False,False,False
1,0,10.0,20.0,1.0,2880.0,7.0,0.089,35.2,2.0,False,False,False,False,False,False,False,False,False,False,False,False,True,False,False,False,False,False,False,False,False,False,False,False,False,False,False,False,False,False
1,0,10.0,20.0,2.5,2880.0,7.0,0.089,35.2,4.0,False,False,False,False,False,False,False,False,False,False,False,False,True,False,False,False,False,False,False,False,False,False,False,False,False,False,False,False,False,False
1,0,10.0,20.0,5.0,2880.0,7.0,0.089,35.2,5.5,False,False,False,False,False,False,False,False,False,False,False,False,True,False,False,False,False,False,False,False,False,False,False,False,False,False,False,False,False,False
1,0,10.0,20.0,10.0,2880.0,7.0,0.089,35.2,8.2,False,False,False,False,False,False,False,False,False,False,False,False,True,False,False,False,False,False,False,False,False,False,False,False,False,False,False,False,False,False
1,0,10.0,20.0,25.0,2880.0,7.0,0.089,35.2,15.0,False,False,False,False,False,False,False,False,False,False,False,False,True,False,False,False,False,False,False,False,False,False,False,False,False,False,False,False,False,False
1,0,10.0,20.0,50.0,2880.0,7.0,0.089,35.2,22.0,False,False,False,False,False,False,False,False,False,False,False,False,True,False,False,False,False,False,False,False,False,False,False,False,False,False,False,False,False,False
1,0,10.0,20.0,100.0,2880.0,7.0,0.089,35.2,35.0,False,False,False,False,False,False,False,False,False,False,False,False,True,False,False,False,False,False,False,False,False,False,False,False,False,False,False,False,False,False
1,0,10.0,20.0,250.0,2880.0,7.0,0.089,35.2,48.0,False,False,False,False,False,False,False,False,False,False,False,False,True,False,False,False,False,False,False,False,False,False,False,False,False,False,False,False,False,False
1,0,10.0,20.0,500.0,2880.0,7.0,0.089,90.045,56.0,False,False,False,False,False,False,False,False,False,False,False,False,True,False,False,False,False,False,False,False,False,False,False,False,False,False,False,False,False,False
1,0,10.0,20.0,1000.0,2880.0,7.0,0.089,90.045,62.5,False,False,False,False,False,False,False,False,False,False,False,False,True,False,False,False,False,False,False,False,False,False,False,False,False,False,False,False,False,False
1,0,10.0,20.0,10.0,1440.0,7.0,0.089,35.2,4.98,False,False,False,False,False,False,False,False,False,False,False,False,True,False,False,False,False,False,False,False,False,False,False,False,False,False,False,False,False,False
1,1,1.0,25.0,100.0,720.0,5.4,5.558,90.045,72.42,False,False,False,False,False,False,False,False,False,False,False,False,False,True,False,False,False,False,False,False,False,False,False,False,False,False,False,False,False,False
1,1,1.0,25.0,50.0,720.0,5.4,5.558,90.045,76.0,False,False,False,False,False,False,False,False,False,False,False,False,False,True,False,False,False,False,False,False,False,False,False,False,False,False,False,False,False,False
1,1,1.0,35.0,100.0,720.0,5.4,5.558,90.045,77.0,False,False,False,False,False,False,False,False,False,False,False,False,False,True,False,False,False,False,False,False,False,False,False,False,False,False,False,False,False,False
1,1,1.0,45.0,100.0,720.0,5.4,5.558,90.045,82.0,False,False,False,False,False,False,False,False,False,False,False,False,False,True,False,False,False,False,False,False,False,False,False,False,False,False,False,False,False,False
1,1,0.1,25.0,100.0,720.0,5.4,5.558,90.045,52.0,False,False,False,False,False,False,False,False,False,False,False,False,False,True,False,False,False,False,False,False,False,False,False,False,False,False,False,False,False,False
1,1,0.5,25.0,100.0,720.0,5.4,5.558,90.045,60.5,False,False,False,False,False,False,False,False,False,False,False,False,False,True,False,False,False,False,False,False,False,False,False,False,False,False,False,False,False,False
1,1,1.5,25.0,100.0,720.0,5.4,5.558,90.045,58.0,False,False,False,False,False,False,False,False,False,False,False,False,False,True,False,False,False,False,False,False,False,False,False,False,False,False,False,False,False,False
1,1,2.0,25.0,100.0,720.0,5.4,5.558,90.045,46.0,False,False,False,False,False,False,False,False,False,False,False,False,False,True,False,False,False,False,False,False,False,False,False,False,False,False,False,False,False,False
1,1,1.0,25.0,100.0,120.0,5.4,5.558,90.045,58.3,False,False,False,False,False,False,False,False,False,False,False,False,False,True,False,False,False,False,False,False,False,False,False,False,False,False,False,False,False,False
1,1,1.0,25.0,100.0,240.0,5.4,5.558,90.045,65.0,False,False,False,False,False,False,False,False,False,False,False,False,False,True,False,False,False,False,False,False,False,False,False,False,False,False,False,False,False,False
1,1,1.0,25.0,100.0,480.0,5.4,5.558,90.045,70.0,False,False,False,False,False,False,False,False,False,False,False,False,False,True,False,False,False,False,False,False,False,False,False,False,False,False,False,False,False,False
1,1,1.0,25.0,100.0,720.0,3.0,5.558,90.045,80.0,False,False,False,False,False,False,False,False,False,False,False,False,False,True,False,False,False,False,False,False,False,False,False,False,False,False,False,False,False,False
1,1,1.0,25.0,100.0,720.0,4.0,5.558,90.045,77.0,False,False,False,False,False,False,False,False,False,False,False,False,False,True,False,False,False,False,False,False,False,False,False,False,False,False,False,False,False,False
1,1,1.0,25.0,100.0,720.0,5.0,5.558,90.045,72.0,False,False,False,False,False,False,False,False,False,False,False,False,False,True,False,False,False,False,False,False,False,False,False,False,False,False,False,False,False,False
1,1,1.0,25.0,100.0,720.0,6.0,5.558,90.045,70.0,False,False,False,False,False,False,False,False,False,False,False,False,False,True,False,False,False,False,False,False,False,False,False,False,False,False,False,False,False,False
1,1,1.0,25.0,100.0,720.0,7.0,5.558,90.045,68.0,False,False,False,False,False,False,False,False,False,False,False,False,False,True,False,False,False,False,False,False,False,False,False,False,False,False,False,False,False,False
1,1,1.0,25.0,100.0,720.0,8.0,5.558,90.045,65.0,False,False,False,False,False,False,False,False,False,False,False,False,False,True,False,False,False,False,False,False,False,False,False,False,False,False,False,False,False,False
1,1,1.0,25.0,100.0,720.0,9.0,5.558,90.045,52.0,False,False,False,False,False,False,False,False,False,False,False,False,False,True,False,False,False,False,False,False,False,False,False,False,False,False,False,False,False,False
1,1,1.0,25.0,100.0,720.0,10.0,5.558,90.045,57.0,False,False,False,False,False,False,False,False,False,False,False,False,False,True,False,False,False,False,False,False,False,False,False,False,False,False,False,False,False,False
1,1,1.0,25.0,100.0,720.0,11.0,5.558,90.045,50.0,False,False,False,False,False,False,False,False,False,False,False,False,False,True,False,False,False,False,False,False,False,False,False,False,False,False,False,False,False,False
1,1,1.0,25.0,200.0,720.0,5.4,5.558,90.045,85.0,False,False,False,False,False,False,False,False,False,False,False,False,False,True,False,False,False,False,False,False,False,False,False,False,False,False,False,False,False,False
1,1,1.0,25.0,300.0,720.0,5.4,5.558,90.045,95.0,False,False,False,False,False,False,False,False,False,False,False,False,False,True,False,False,False,False,False,False,False,False,False,False,False,False,False,False,False,False
1,1,1.0,25.0,400.0,720.0,5.4,5.558,90.045,105.0,False,False,False,False,False,False,False,False,False,False,False,False,False,True,False,False,False,False,False,False,False,False,False,False,False,False,False,False,False,False
1,1,1.0,25.0,500.0,720.0,5.4,5.558,90.045,113.3,False,False,False,False,False,False,False,False,False,False,False,False,False,True,False,False,False,False,False,False,False,False,False,False,False,False,False,False,False,False
1,1,1.0,35.0,500.0,720.0,5.4,5.558,90.045,116.1,False,False,False,False,False,False,False,False,False,False,False,False,False,True,False,False,False,False,False,False,False,False,False,False,False,False,False,False,False,False
1,1,1.0,45.0,500.0,720.0,5.4,5.558,90.045,123.5,False,False,False,False,False,False,False,False,False,False,False,False,False,True,False,False,False,False,False,False,False,False,False,False,False,False,False,False,False,False
1,1,1.0,25.0,1.0,720.0,5.4,5.558,90.045,5.0,False,False,False,False,False,False,False,False,False,False,False,False,False,True,False,False,False,False,False,False,False,False,False,False,False,False,False,False,False,False
1,1,1.0,25.0,10.0,720.0,5.4,5.558,90.045,25.0,False,False,False,False,False,False,False,False,False,False,False,False,False,True,False,False,False,False,False,False,False,False,False,False,False,False,False,False,False,False
1,1,1.0,25.0,100.0,720.0,5.4,9.023,38.56,18.5,False,False,False,False,False,False,False,False,False,False,False,False,False,False,True,False,False,False,False,False,False,False,False,False,False,False,False,False,False,False
1,1,1.0,25.0,50.0,720.0,5.4,9.023,38.56,22.0,False,False,False,False,False,False,False,False,False,False,False,False,False,False,True,False,False,False,False,False,False,False,False,False,False,False,False,False,False,False
1,1,1.0,35.0,100.0,720.0,5.4,9.023,38.56,20.0,False,False,False,False,False,False,False,False,False,False,False,False,False,False,True,False,False,False,False,False,False,False,False,False,False,False,False,False,False,False
1,1,1.0,45.0,100.0,720.0,5.4,9.023,38.56,21.5,False,False,False,False,False,False,False,False,False,False,False,False,False,False,True,False,False,False,False,False,False,False,False,False,False,False,False,False,False,False
1,1,1.0,25.0,100.0,720.0,5.4,6.081,76.879,51.5,False,False,False,False,False,False,False,False,False,False,False,False,False,False,False,True,False,False,False,False,False,False,False,False,False,False,False,False,False,False
1,1,1.0,25.0,50.0,720.0,5.4,6.081,76.879,65.0,False,False,False,False,False,False,False,False,False,False,False,False,False,False,False,True,False,False,False,False,False,False,False,False,False,False,False,False,False,False
1,1,1.0,35.0,100.0,720.0,5.4,6.081,76.879,55.0,False,False,False,False,False,False,False,False,False,False,False,False,False,False,False,True,False,False,False,False,False,False,False,False,False,False,False,False,False,False
1,1,1.0,45.0,100.0,720.0,5.4,6.081,76.879,58.0,False,False,False,False,False,False,False,False,False,False,False,False,False,False,False,True,False,False,False,False,False,False,False,False,False,False,False,False,False,False
1,1,1.5,22.0,48.0,10.0,5.4,0.0469,13.629,15.0,False,False,False,False,False,False,False,False,False,False,False,False,False,False,False,False,True,False,False,False,False,False,False,False,False,False,False,False,False,False
1,1,1.5,22.0,48.0,20.0,5.4,0.0469,13.629,20.0,False,False,False,False,False,False,False,False,False,False,False,False,False,False,False,False,True,False,False,False,False,False,False,False,False,False,False,False,False,False
1,1,1.5,22.0,48.0,30.0,5.4,0.0469,13.629,22.5,False,False,False,False,False,False,False,False,False,False,False,False,False,False,False,False,True,False,False,False,False,False,False,False,False,False,False,False,False,False
1,1,1.5,22.0,48.0,40.0,5.4,0.0469,13.629,24.0,False,False,False,False,False,False,False,False,False,False,False,False,False,False,False,False,True,False,False,False,False,False,False,False,False,False,False,False,False,False
1,1,1.5,22.0,48.0,60.0,5.4,0.0469,12.14,25.5,False,False,False,False,False,False,False,False,False,False,False,False,False,False,False,False,True,False,False,False,False,False,False,False,False,False,False,False,False,False
1,1,1.5,22.0,48.0,120.0,5.4,0.0469,12.14,26.5,False,False,False,False,False,False,False,False,False,False,False,False,False,False,False,False,True,False,False,False,False,False,False,False,False,False,False,False,False,False
1,1,1.5,22.0,48.0,180.0,5.4,0.0469,12.14,27.0,False,False,False,False,False,False,False,False,False,False,False,False,False,False,False,False,True,False,False,False,False,False,False,False,False,False,False,False,False,False
1,1,1.5,22.0,15.0,1440.0,4.7,7.552,19.819696969697,11.0,False,False,False,False,False,False,False,False,False,False,False,False,False,False,False,False,True,False,False,False,False,False,False,False,False,False,False,False,False,False
1,1,1.5,22.0,45.0,1440.0,4.7,7.552,19.819696969697,26.0,False,False,False,False,False,False,False,False,False,False,False,False,False,False,False,False,True,False,False,False,False,False,False,False,False,False,False,False,False,False
1,1,1.5,22.0,80.0,1440.0,4.7,7.552,19.819696969697,46.0,False,False,False,False,False,False,False,False,False,False,False,False,False,False,False,False,True,False,False,False,False,False,False,False,False,False,False,False,False,False
1,1,1.5,22.0,200.0,1440.0,4.7,7.552,19.819696969697,68.0,False,False,False,False,False,False,False,False,False,False,False,False,False,False,False,False,True,False,False,False,False,False,False,False,False,False,False,False,False,False
1,1,1.5,22.0,350.0,1440.0,4.7,7.552,104.453571428571,78.0,False,False,False,False,False,False,False,False,False,False,False,False,False,False,False,False,True,False,False,False,False,False,False,False,False,False,False,False,False,False
1,1,1.5,22.0,516.0,1440.0,4.7,7.552,108.18,87.0,False,False,False,False,False,False,False,False,False,False,False,False,False,False,False,False,True,False,False,False,False,False,False,False,False,False,False,False,False,False
1,1,2.0,22.0,48.0,180.0,3.0,0.0469,17.285,18.0,False,False,False,False,False,False,False,False,False,False,False,False,False,False,False,False,True,False,False,False,False,False,False,False,False,False,False,False,False,False
1,1,2.0,22.0,48.0,180.0,4.0,0.0469,14.455,20.5,False,False,False,False,False,False,False,False,False,False,False,False,False,False,False,False,True,False,False,False,False,False,False,False,False,False,False,False,False,False
1,1,2.0,22.0,48.0,180.0,5.0,0.0469,12.14,19.0,False,False,False,False,False,False,False,False,False,False,False,False,False,False,False,False,True,False,False,False,False,False,False,False,False,False,False,False,False,False
1,1,2.0,22.0,48.0,180.0,6.0,0.0469,12.14,18.5,False,False,False,False,False,False,False,False,False,False,False,False,False,False,False,False,True,False,False,False,False,False,False,False,False,False,False,False,False,False
1,1,2.0,22.0,48.0,180.0,7.0,0.0469,12.14,18.0,False,False,False,False,False,False,False,False,False,False,False,False,False,False,False,False,True,False,False,False,False,False,False,False,False,False,False,False,False,False
1,1,2.0,22.0,48.0,180.0,8.0,0.0469,12.14,18.5,False,False,False,False,False,False,False,False,False,False,False,False,False,False,False,False,True,False,False,False,False,False,False,False,False,False,False,False,False,False
1,1,2.0,22.0,48.0,180.0,10.0,0.0469,12.14,19.0,False,False,False,False,False,False,False,False,False,False,False,False,False,False,False,False,True,False,False,False,False,False,False,False,False,False,False,False,False,False
1,1,2.0,22.0,48.0,180.0,5.4,0.0469,12.14,18.5,False,False,False,False,False,False,False,False,False,False,False,False,False,False,False,False,True,False,False,False,False,False,False,False,False,False,False,False,False,False
1,1,2.0,22.0,48.0,180.0,5.4,0.0469,12.14,20.0,False,False,False,False,False,False,False,False,False,False,False,False,False,False,False,False,True,False,False,False,False,False,False,False,False,False,False,False,False,False
1,1,2.0,22.0,48.0,180.0,5.4,0.0469,12.14,20.5,False,False,False,False,False,False,False,False,False,False,False,False,False,False,False,False,True,False,False,False,False,False,False,False,False,False,False,False,False,False
1,1,2.0,22.0,48.0,180.0,5.4,0.0469,12.14,17.5,False,False,False,False,False,False,False,False,False,False,False,False,False,False,False,False,True,False,False,False,False,False,False,False,False,False,False,False,False,False
1,1,2.0,22.0,48.0,180.0,5.4,0.0469,12.14,19.5,False,False,False,False,False,False,False,False,False,False,False,False,False,False,False,False,True,False,False,False,False,False,False,False,False,False,False,False,False,False
1,1,2.0,22.0,48.0,180.0,5.4,0.0469,12.14,15.5,False,False,False,False,False,False,False,False,False,False,False,False,False,False,False,False,True,False,False,False,False,False,False,False,False,False,False,False,False,False
1,1,1.5,22.0,48.0,10.0,5.4,0.0469,13.629,15.0,False,False,False,False,False,False,False,False,False,False,False,False,False,False,False,False,False,True,False,False,False,False,False,False,False,False,False,False,False,False
1,1,1.5,22.0,48.0,20.0,5.4,0.0469,13.629,20.0,False,False,False,False,False,False,False,False,False,False,False,False,False,False,False,False,False,True,False,False,False,False,False,False,False,False,False,False,False,False
1,1,1.5,22.0,48.0,30.0,5.4,0.0469,13.629,22.0,False,False,False,False,False,False,False,False,False,False,False,False,False,False,False,False,False,True,False,False,False,False,False,False,False,False,False,False,False,False
1,1,1.5,22.0,48.0,40.0,5.4,0.0469,13.629,23.5,False,False,False,False,False,False,False,False,False,False,False,False,False,False,False,False,False,True,False,False,False,False,False,False,False,False,False,False,False,False
1,1,1.5,22.0,48.0,60.0,5.4,0.0469,12.14,24.5,False,False,False,False,False,False,False,False,False,False,False,False,False,False,False,False,False,True,False,False,False,False,False,False,False,False,False,False,False,False
1,1,1.5,22.0,48.0,120.0,5.4,0.0469,12.14,25.0,False,False,False,False,False,False,False,False,False,False,False,False,False,False,False,False,False,True,False,False,False,False,False,False,False,False,False,False,False,False
1,1,1.5,22.0,48.0,180.0,5.4,0.0469,12.14,26.0,False,False,False,False,False,False,False,False,False,False,False,False,False,False,False,False,False,True,False,False,False,False,False,False,False,False,False,False,False,False
1,0,1.0,25.0,25.0,60.0,3.0,0.086,0.15,14.286,False,False,False,False,False,False,False,False,False,False,False,False,False,False,False,False,False,True,False,False,False,False,False,False,False,False,False,False,False,False
1,0,1.0,25.0,50.0,60.0,3.0,0.089,0.15,22.727,False,False,False,False,False,False,False,False,False,False,False,False,False,False,False,False,False,True,False,False,False,False,False,False,False,False,False,False,False,False
1,0,1.0,25.0,75.0,60.0,3.0,0.089,0.15,26.471,False,False,False,False,False,False,False,False,False,False,False,False,False,False,False,False,False,True,False,False,False,False,False,False,False,False,False,False,False,False
1,0,1.0,25.0,100.0,60.0,3.0,0.089,0.15,28.571,False,False,False,False,False,False,False,False,False,False,False,False,False,False,False,False,False,True,False,False,False,False,False,False,False,False,False,False,False,False
1,0,1.0,25.0,150.0,60.0,3.0,0.089,0.15,30.0,False,False,False,False,False,False,False,False,False,False,False,False,False,False,False,False,False,True,False,False,False,False,False,False,False,False,False,False,False,False
1,0,1.0,25.0,200.0,60.0,3.0,0.089,0.15,30.769,False,False,False,False,False,False,False,False,False,False,False,False,False,False,False,False,False,True,False,False,False,False,False,False,False,False,False,False,False,False
1,0,1.0,25.0,250.0,60.0,3.0,0.089,0.15,31.25,False,False,False,False,False,False,False,False,False,False,False,False,False,False,False,False,False,True,False,False,False,False,False,False,False,False,False,False,False,False
1,0,1.0,25.0,300.0,60.0,3.0,0.089,0.15,31.579,False,False,False,False,False,False,False,False,False,False,False,False,False,False,False,False,False,True,False,False,False,False,False,False,False,False,False,False,False,False
1,0,1.0,40.0,100.0,60.0,3.0,0.089,0.15,25.0,False,False,False,False,False,False,False,False,False,False,False,False,False,False,False,False,False,True,False,False,False,False,False,False,False,False,False,False,False,False
1,0,1.0,50.0,100.0,60.0,3.0,0.089,0.15,22.0,False,False,False,False,False,False,False,False,False,False,False,False,False,False,False,False,False,True,False,False,False,False,False,False,False,False,False,False,False,False
1,0,1.0,60.0,100.0,60.0,3.0,0.089,0.15,19.0,False,False,False,False,False,False,False,False,False,False,False,False,False,False,False,False,False,True,False,False,False,False,False,False,False,False,False,False,False,False
1,0,1.0,25.0,100.0,60.0,2.0,0.089,0.15,35.0,False,False,False,False,False,False,False,False,False,False,False,False,False,False,False,False,False,True,False,False,False,False,False,False,False,False,False,False,False,False
1,0,1.0,25.0,100.0,60.0,4.0,0.089,0.15,55.0,False,False,False,False,False,False,False,False,False,False,False,False,False,False,False,False,False,True,False,False,False,False,False,False,False,False,False,False,False,False
1,0,1.0,25.0,100.0,60.0,5.0,0.089,0.15,38.0,False,False,False,False,False,False,False,False,False,False,False,False,False,False,False,False,False,True,False,False,False,False,False,False,False,False,False,False,False,False
1,0,1.0,25.0,100.0,60.0,6.0,0.089,0.15,28.0,False,False,False,False,False,False,False,False,False,False,False,False,False,False,False,False,False,True,False,False,False,False,False,False,False,False,False,False,False,False
1,0,1.0,25.0,100.0,60.0,7.0,0.089,0.15,20.0,False,False,False,False,False,False,False,False,False,False,False,False,False,False,False,False,False,True,False,False,False,False,False,False,False,False,False,False,False,False
1,0,0.25,25.0,100.0,60.0,3.0,0.089,0.15,15.0,False,False,False,False,False,False,False,False,False,False,False,False,False,False,False,False,False,True,False,False,False,False,False,False,False,False,False,False,False,False
1,0,0.5,25.0,100.0,60.0,3.0,0.089,0.15,22.0,False,False,False,False,False,False,False,False,False,False,False,False,False,False,False,False,False,True,False,False,False,False,False,False,False,False,False,False,False,False
1,0,2.0,25.0,100.0,60.0,3.0,0.0896666666666667,0.15,30.0,False,False,False,False,False,False,False,False,False,False,False,False,False,False,False,False,False,True,False,False,False,False,False,False,False,False,False,False,False,False
1,0,3.0,25.0,100.0,60.0,3.0,0.0896666666666667,0.15,31.0,False,False,False,False,False,False,False,False,False,False,False,False,False,False,False,False,False,True,False,False,False,False,False,False,False,False,False,False,False,False
1,0,4.0,25.0,100.0,60.0,3.0,0.0896666666666667,0.15,31.5,False,False,False,False,False,False,False,False,False,False,False,False,False,False,False,False,False,True,False,False,False,False,False,False,False,False,False,False,False,False
1,0,5.0,25.0,100.0,60.0,3.0,0.0896666666666667,0.15,32.0,False,False,False,False,False,False,False,False,False,False,False,False,False,False,False,False,False,True,False,False,False,False,False,False,False,False,False,False,False,False
1,0,0.8,20.0,9.3,2880.0,4.0,7.552,24.6709,11.0,False,False,False,False,False,False,False,False,False,False,False,False,False,False,False,False,False,False,True,False,False,False,False,False,False,False,False,False,False,False
1,0,0.8,20.0,9.3,2880.0,5.0,7.552,24.6709,10.2,False,False,False,False,False,False,False,False,False,False,False,False,False,False,False,False,False,False,True,False,False,False,False,False,False,False,False,False,False,False
1,0,0.8,20.0,9.3,2880.0,6.0,5.558,35.2,9.0,False,False,False,False,False,False,False,False,False,False,False,False,False,False,False,False,False,False,True,False,False,False,False,False,False,False,False,False,False,False
1,0,0.8,20.0,9.3,2880.0,7.0,5.558,35.2,7.8,False,False,False,False,False,False,False,False,False,False,False,False,False,False,False,False,False,False,True,False,False,False,False,False,False,False,False,False,False,False
1,0,0.8,20.0,9.3,2880.0,8.0,5.558,35.2,5.5,False,False,False,False,False,False,False,False,False,False,False,False,False,False,False,False,False,False,True,False,False,False,False,False,False,False,False,False,False,False
1,0,0.8,20.0,9.3,2880.0,9.0,5.558,35.2,3.5,False,False,False,False,False,False,False,False,False,False,False,False,False,False,False,False,False,False,True,False,False,False,False,False,False,False,False,False,False,False
1,0,0.8,20.0,9.3,2880.0,10.0,5.558,35.2,2.0,False,False,False,False,False,False,False,False,False,False,False,False,False,False,False,False,False,False,True,False,False,False,False,False,False,False,False,False,False,False
1,0,0.04,20.0,9.3,2880.0,7.0,5.558,35.2,71.7,False,False,False,False,False,False,False,False,False,False,False,False,False,False,False,False,False,False,True,False,False,False,False,False,False,False,False,False,False,False
1,0,0.08,20.0,9.3,2880.0,7.0,5.558,35.2,60.0,False,False,False,False,False,False,False,False,False,False,False,False,False,False,False,False,False,False,True,False,False,False,False,False,False,False,False,False,False,False
1,0,0.16,20.0,9.3,2880.0,7.0,5.558,35.2,55.0,False,False,False,False,False,False,False,False,False,False,False,False,False,False,False,False,False,False,True,False,False,False,False,False,False,False,False,False,False,False
1,0,0.24,20.0,9.3,2880.0,7.0,5.558,35.2,45.0,False,False,False,False,False,False,False,False,False,False,False,False,False,False,False,False,False,False,True,False,False,False,False,False,False,False,False,False,False,False
1,0,0.32,20.0,9.3,2880.0,7.0,5.558,35.2,38.0,False,False,False,False,False,False,False,False,False,False,False,False,False,False,False,False,False,False,True,False,False,False,False,False,False,False,False,False,False,False
1,0,0.4,20.0,9.3,2880.0,7.0,5.558,35.2,32.0,False,False,False,False,False,False,False,False,False,False,False,False,False,False,False,False,False,False,True,False,False,False,False,False,False,False,False,False,False,False
1,0,0.48,20.0,9.3,2880.0,7.0,5.558,35.2,27.0,False,False,False,False,False,False,False,False,False,False,False,False,False,False,False,False,False,False,True,False,False,False,False,False,False,False,False,False,False,False
1,0,0.56,20.0,9.3,2880.0,7.0,5.558,35.2,23.0,False,False,False,False,False,False,False,False,False,False,False,False,False,False,False,False,False,False,True,False,False,False,False,False,False,False,False,False,False,False
1,0,0.64,20.0,9.3,2880.0,7.0,5.558,35.2,20.0,False,False,False,False,False,False,False,False,False,False,False,False,False,False,False,False,False,False,True,False,False,False,False,False,False,False,False,False,False,False
1,0,0.72,20.0,9.3,2880.0,7.0,5.558,35.2,17.0,False,False,False,False,False,False,False,False,False,False,False,False,False,False,False,False,False,False,True,False,False,False,False,False,False,False,False,False,False,False
1,0,0.8,20.0,9.3,2880.0,7.0,5.558,35.2,15.0,False,False,False,False,False,False,False,False,False,False,False,False,False,False,False,False,False,False,True,False,False,False,False,False,False,False,False,False,False,False
1,0,0.8,20.0,9.76,5.0,7.0,0.086,133.550416666667,4.5,False,False,False,False,False,False,False,False,False,False,False,False,False,False,False,False,False,False,True,False,False,False,False,False,False,False,False,False,False,False
1,0,0.8,20.0,9.76,10.0,7.0,0.086,133.550416666667,6.2,False,False,False,False,False,False,False,False,False,False,False,False,False,False,False,False,False,False,True,False,False,False,False,False,False,False,False,False,False,False
1,0,0.8,20.0,9.76,20.0,7.0,0.086,133.550416666667,7.5,False,False,False,False,False,False,False,False,False,False,False,False,False,False,False,False,False,False,True,False,False,False,False,False,False,False,False,False,False,False
1,0,0.8,20.0,9.76,40.0,7.0,0.086,133.550416666667,8.7,False,False,False,False,False,False,False,False,False,False,False,False,False,False,False,False,False,False,True,False,False,False,False,False,False,False,False,False,False,False
1,0,0.8,20.0,9.76,60.0,7.0,0.086,2.13060967741935,9.2,False,False,False,False,False,False,False,False,False,False,False,False,False,False,False,False,False,False,True,False,False,False,False,False,False,False,False,False,False,False
1,0,0.8,20.0,9.76,120.0,7.0,0.086,9.825671875,9.5,False,False,False,False,False,False,False,False,False,False,False,False,False,False,False,False,False,False,True,False,False,False,False,False,False,False,False,False,False,False
1,0,0.8,20.0,9.76,180.0,7.0,0.086,9.825671875,9.6,False,False,False,False,False,False,False,False,False,False,False,False,False,False,False,False,False,False,True,False,False,False,False,False,False,False,False,False,False,False
1,0,0.8,20.0,9.76,240.0,7.0,0.086,9.825671875,9.6,False,False,False,False,False,False,False,False,False,False,False,False,False,False,False,False,False,False,True,False,False,False,False,False,False,False,False,False,False,False
1,0,0.8,20.0,9.76,420.0,7.0,0.086,35.2,9.6,False,False,False,False,False,False,False,False,False,False,False,False,False,False,False,False,False,False,True,False,False,False,False,False,False,False,False,False,False,False
1,0,0.8,20.0,9.76,1440.0,7.0,5.558,35.2,9.6,False,False,False,False,False,False,False,False,False,False,False,False,False,False,False,False,False,False,True,False,False,False,False,False,False,False,False,False,False,False
1,0,0.8,20.0,9.76,2880.0,7.0,5.558,35.2,9.6,False,False,False,False,False,False,False,False,False,False,False,False,False,False,False,False,False,False,True,False,False,False,False,False,False,False,False,False,False,False
1,0,0.8,20.0,0.1,1440.0,7.0,5.558,35.2,2.5,False,False,False,False,False,False,False,False,False,False,False,False,False,False,False,False,False,False,True,False,False,False,False,False,False,False,False,False,False,False
1,0,0.8,20.0,0.5,1440.0,7.0,5.558,35.2,5.0,False,False,False,False,False,False,False,False,False,False,False,False,False,False,False,False,False,False,True,False,False,False,False,False,False,False,False,False,False,False
1,0,0.8,20.0,1.0,1440.0,7.0,5.558,35.2,7.0,False,False,False,False,False,False,False,False,False,False,False,False,False,False,False,False,False,False,True,False,False,False,False,False,False,False,False,False,False,False
1,0,0.8,20.0,2.0,1440.0,7.0,5.558,35.2,10.0,False,False,False,False,False,False,False,False,False,False,False,False,False,False,False,False,False,False,True,False,False,False,False,False,False,False,False,False,False,False
1,0,0.8,20.0,5.0,1440.0,7.0,5.558,35.2,15.0,False,False,False,False,False,False,False,False,False,False,False,False,False,False,False,False,False,False,True,False,False,False,False,False,False,False,False,False,False,False
1,0,0.8,20.0,10.0,1440.0,7.0,5.558,35.2,20.0,False,False,False,False,False,False,False,False,False,False,False,False,False,False,False,False,False,False,True,False,False,False,False,False,False,False,False,False,False,False
1,0,0.8,20.0,20.0,1440.0,7.0,5.558,35.2,26.0,False,False,False,False,False,False,False,False,False,False,False,False,False,False,False,False,False,False,True,False,False,False,False,False,False,False,False,False,False,False
1,0,0.8,20.0,30.0,1440.0,7.0,5.558,35.2,30.0,False,False,False,False,False,False,False,False,False,False,False,False,False,False,False,False,False,False,True,False,False,False,False,False,False,False,False,False,False,False
1,0,0.8,20.0,50.0,1440.0,7.0,5.558,35.2,34.0,False,False,False,False,False,False,False,False,False,False,False,False,False,False,False,False,False,False,True,False,False,False,False,False,False,False,False,False,False,False
1,0,0.8,20.0,75.0,1440.0,7.0,5.558,35.2,36.0,False,False,False,False,False,False,False,False,False,False,False,False,False,False,False,False,False,False,True,False,False,False,False,False,False,False,False,False,False,False
1,0,0.8,20.0,100.0,1440.0,7.0,5.558,35.2,38.0,False,False,False,False,False,False,False,False,False,False,False,False,False,False,False,False,False,False,True,False,False,False,False,False,False,False,False,False,False,False
1,0,0.8,20.0,500.0,1440.0,7.0,5.558,90.045,40.0,False,False,False,False,False,False,False,False,False,False,False,False,False,False,False,False,False,False,True,False,False,False,False,False,False,False,False,False,False,False
1,0,0.8,25.0,9.3,1440.0,7.0,5.558,35.2,9.6,False,False,False,False,False,False,False,False,False,False,False,False,False,False,False,False,False,False,True,False,False,False,False,False,False,False,False,False,False,False
1,0,0.8,35.0,9.3,1440.0,7.0,5.558,35.2,9.0,False,False,False,False,False,False,False,False,False,False,False,False,False,False,False,False,False,False,True,False,False,False,False,False,False,False,False,False,False,False
1,0,0.8,45.0,9.3,1440.0,7.0,5.558,35.2,8.4,False,False,False,False,False,False,False,False,False,False,False,False,False,False,False,False,False,False,True,False,False,False,False,False,False,False,False,False,False,False
1,0,1.0,22.0,20.0,1440.0,8.5,5.558,35.2,25.0,False,False,False,False,False,False,False,False,False,False,False,False,False,False,False,False,False,False,False,True,False,False,False,False,False,False,False,False,False,False
1,0,1.0,22.0,50.0,1440.0,8.5,5.558,35.2,55.0,False,False,False,False,False,False,False,False,False,False,False,False,False,False,False,False,False,False,False,True,False,False,False,False,False,False,False,False,False,False
1,0,1.0,22.0,100.0,1440.0,8.5,5.558,35.2,90.0,False,False,False,False,False,False,False,False,False,False,False,False,False,False,False,False,False,False,False,True,False,False,False,False,False,False,False,False,False,False
1,0,1.0,22.0,150.0,1440.0,8.5,5.558,35.2,110.0,False,False,False,False,False,False,False,False,False,False,False,False,False,False,False,False,False,False,False,True,False,False,False,False,False,False,False,False,False,False
1,0,1.0,22.0,200.0,1440.0,8.5,5.558,35.2,120.0,False,False,False,False,False,False,False,False,False,False,False,False,False,False,False,False,False,False,False,True,False,False,False,False,False,False,False,False,False,False
1,0,1.0,22.0,250.0,1440.0,8.5,5.558,35.2,128.0,False,False,False,False,False,False,False,False,False,False,False,False,False,False,False,False,False,False,False,True,False,False,False,False,False,False,False,False,False,False
1,0,1.0,22.0,300.0,1440.0,8.5,5.558,104.453571428571,133.0,False,False,False,False,False,False,False,False,False,False,False,False,False,False,False,False,False,False,False,True,False,False,False,False,False,False,False,False,False,False
1,0,0.333,22.0,71.0,0.0,8.5,0.069,133.550416666667,0.0,False,False,False,False,False,False,False,False,False,False,False,False,False,False,False,False,False,False,False,True,False,False,False,False,False,False,False,False,False,False
1,0,0.333,22.0,71.0,20.0,8.5,0.069,133.550416666667,3.0,False,False,False,False,False,False,False,False,False,False,False,False,False,False,False,False,False,False,False,True,False,False,False,False,False,False,False,False,False,False
1,0,0.333,22.0,71.0,40.0,8.5,0.069,133.550416666667,5.0,False,False,False,False,False,False,False,False,False,False,False,False,False,False,False,False,False,False,False,True,False,False,False,False,False,False,False,False,False,False
1,0,0.333,22.0,71.0,60.0,8.5,0.089,2.13060967741935,6.0,False,False,False,False,False,False,False,False,False,False,False,False,False,False,False,False,False,False,False,True,False,False,False,False,False,False,False,False,False,False
1,0,0.333,22.0,71.0,80.0,8.5,0.089,9.825671875,7.0,False,False,False,False,False,False,False,False,False,False,False,False,False,False,False,False,False,False,False,True,False,False,False,False,False,False,False,False,False,False
1,0,0.333,22.0,71.0,100.0,8.5,0.089,9.825671875,7.5,False,False,False,False,False,False,False,False,False,False,False,False,False,False,False,False,False,False,False,True,False,False,False,False,False,False,False,False,False,False
1,0,0.333,22.0,71.0,120.0,8.5,0.089,9.825671875,8.0,False,False,False,False,False,False,False,False,False,False,False,False,False,False,False,False,False,False,False,True,False,False,False,False,False,False,False,False,False,False
1,0,0.333,22.0,71.0,150.0,8.5,0.089,9.825671875,8.5,False,False,False,False,False,False,False,False,False,False,False,False,False,False,False,False,False,False,False,True,False,False,False,False,False,False,False,False,False,False
1,0,0.333,22.0,71.0,180.0,8.5,0.089,9.825671875,21.2,False,False,False,False,False,False,False,False,False,False,False,False,False,False,False,False,False,False,False,True,False,False,False,False,False,False,False,False,False,False
1,0,1.0,22.0,500.0,1440.0,5.0,7.552,108.18,63.5,False,False,False,False,False,False,False,False,False,False,False,False,False,False,False,False,False,False,False,True,False,False,False,False,False,False,False,False,False,False
1,0,1.0,22.0,500.0,1440.0,7.0,5.558,90.045,27.4,False,False,False,False,False,False,False,False,False,False,False,False,False,False,False,False,False,False,False,True,False,False,False,False,False,False,False,False,False,False
1,0,1.0,22.0,500.0,1440.0,9.0,5.558,90.045,36.6,False,False,False,False,False,False,False,False,False,False,False,False,False,False,False,False,False,False,False,True,False,False,False,False,False,False,False,False,False,False
1,0,1.0,22.0,500.0,1440.0,11.0,5.558,90.045,37.7,False,False,False,False,False,False,False,False,False,False,False,False,False,False,False,False,False,False,False,True,False,False,False,False,False,False,False,False,False,False
1,1,1.0,22.0,20.0,1440.0,8.5,5.558,62.5017368421053,20.0,False,False,False,False,False,False,False,False,False,False,False,False,False,False,False,False,False,False,False,True,False,False,False,False,False,False,False,False,False,False
1,1,1.0,22.0,50.0,1440.0,8.5,5.558,62.5017368421053,45.0,False,False,False,False,False,False,False,False,False,False,False,False,False,False,False,False,False,False,False,True,False,False,False,False,False,False,False,False,False,False
1,1,1.0,22.0,100.0,1440.0,8.5,5.558,62.5017368421053,65.0,False,False,False,False,False,False,False,False,False,False,False,False,False,False,False,False,False,False,False,True,False,False,False,False,False,False,False,False,False,False
1,1,1.0,22.0,150.0,1440.0,8.5,5.558,62.5017368421053,75.0,False,False,False,False,False,False,False,False,False,False,False,False,False,False,False,False,False,False,False,True,False,False,False,False,False,False,False,False,False,False
1,1,1.0,22.0,200.0,1440.0,8.5,5.558,62.5017368421053,80.0,False,False,False,False,False,False,False,False,False,False,False,False,False,False,False,False,False,False,False,True,False,False,False,False,False,False,False,False,False,False
1,1,1.0,22.0,250.0,1440.0,8.5,5.558,62.5017368421053,83.9,False,False,False,False,False,False,False,False,False,False,False,False,False,False,False,False,False,False,False,True,False,False,False,False,False,False,False,False,False,False
1,1,1.0,22.0,20.0,1440.0,8.5,5.558,62.5017368421053,18.0,False,False,False,False,False,False,False,False,False,False,False,False,False,False,False,False,False,False,False,True,False,False,False,False,False,False,False,False,False,False
1,1,1.0,22.0,50.0,1440.0,8.5,5.558,62.5017368421053,40.0,False,False,False,False,False,False,False,False,False,False,False,False,False,False,False,False,False,False,False,True,False,False,False,False,False,False,False,False,False,False
1,1,1.0,22.0,100.0,1440.0,8.5,5.558,62.5017368421053,60.0,False,False,False,False,False,False,False,False,False,False,False,False,False,False,False,False,False,False,False,True,False,False,False,False,False,False,False,False,False,False
1,1,1.0,22.0,150.0,1440.0,8.5,5.558,62.5017368421053,72.0,False,False,False,False,False,False,False,False,False,False,False,False,False,False,False,False,False,False,False,True,False,False,False,False,False,False,False,False,False,False
1,1,1.0,22.0,200.0,1440.0,8.5,5.558,62.5017368421053,78.0,False,False,False,False,False,False,False,False,False,False,False,False,False,False,False,False,False,False,False,True,False,False,False,False,False,False,False,False,False,False
1,1,1.0,22.0,250.0,1440.0,8.5,5.558,62.5017368421053,80.2,False,False,False,False,False,False,False,False,False,False,False,False,False,False,False,False,False,False,False,True,False,False,False,False,False,False,False,False,False,False
1,0,2.0,25.0,100.0,9.81366459627329,7.0,0.0896666666666667,54.4,21.2895927601809,False,False,False,False,False,False,False,False,False,False,False,False,False,False,False,False,False,False,False,True,False,False,False,False,False,False,False,False,False,False
1,0,2.0,25.0,100.0,20.0,7.0,0.0896666666666667,54.4,28.9819004524886,False,False,False,False,False,False,False,False,False,False,False,False,False,False,False,False,False,False,False,True,False,False,False,False,False,False,False,False,False,False
1,0,2.0,25.0,100.0,29.8136645962732,7.0,0.0896666666666667,54.4,32.8280542986425,False,False,False,False,False,False,False,False,False,False,False,False,False,False,False,False,False,False,False,True,False,False,False,False,False,False,False,False,False,False
1,0,2.0,25.0,100.0,40.0,7.0,0.0896666666666667,54.4,37.0135746606334,False,False,False,False,False,False,False,False,False,False,False,False,False,False,False,False,False,False,False,True,False,False,False,False,False,False,False,False,False,False
1,0,2.0,25.0,100.0,49.9378881987577,7.0,0.0896666666666667,2.13060967741935,37.0135746606334,False,False,False,False,False,False,False,False,False,False,False,False,False,False,False,False,False,False,False,True,False,False,False,False,False,False,False,False,False,False
1,0,2.0,25.0,100.0,59.8757763975155,7.0,0.0896666666666667,2.13060967741935,37.0135746606334,False,False,False,False,False,False,False,False,False,False,False,False,False,False,False,False,False,False,False,True,False,False,False,False,False,False,False,False,False,False
1,0,1.0,22.0,1.0,120.0,7.0,0.086,13.629,0.88,False,False,False,False,False,False,False,False,False,False,False,False,False,False,False,False,False,False,False,False,True,False,False,False,False,False,False,False,False,False
1,0,1.0,22.0,2.0,120.0,7.0,0.086,13.629,3.5,False,False,False,False,False,False,False,False,False,False,False,False,False,False,False,False,False,False,False,False,True,False,False,False,False,False,False,False,False,False
1,0,1.0,22.0,5.0,120.0,7.0,0.086,13.629,9.0,False,False,False,False,False,False,False,False,False,False,False,False,False,False,False,False,False,False,False,False,True,False,False,False,False,False,False,False,False,False
1,0,1.0,22.0,10.0,120.0,7.0,0.086,13.629,12.5,False,False,False,False,False,False,False,False,False,False,False,False,False,False,False,False,False,False,False,False,True,False,False,False,False,False,False,False,False,False
1,0,1.0,22.0,20.0,120.0,7.0,0.086,13.629,16.0,False,False,False,False,False,False,False,False,False,False,False,False,False,False,False,False,False,False,False,False,True,False,False,False,False,False,False,False,False,False
1,0,1.0,22.0,30.0,120.0,7.0,0.086,13.629,18.5,False,False,False,False,False,False,False,False,False,False,False,False,False,False,False,False,False,False,False,False,True,False,False,False,False,False,False,False,False,False
1,0,1.0,32.0,1.0,120.0,7.0,0.086,13.629,1.79,False,False,False,False,False,False,False,False,False,False,False,False,False,False,False,False,False,False,False,False,True,False,False,False,False,False,False,False,False,False
1,0,1.0,32.0,2.0,120.0,7.0,0.086,13.629,6.0,False,False,False,False,False,False,False,False,False,False,False,False,False,False,False,False,False,False,False,False,True,False,False,False,False,False,False,False,False,False
1,0,1.0,32.0,5.0,120.0,7.0,0.086,13.629,12.0,False,False,False,False,False,False,False,False,False,False,False,False,False,False,False,False,False,False,False,False,True,False,False,False,False,False,False,False,False,False
1,0,1.0,32.0,10.0,120.0,7.0,0.086,13.629,15.5,False,False,False,False,False,False,False,False,False,False,False,False,False,False,False,False,False,False,False,False,True,False,False,False,False,False,False,False,False,False
1,0,1.0,32.0,20.0,120.0,7.0,0.086,13.629,19.0,False,False,False,False,False,False,False,False,False,False,False,False,False,False,False,False,False,False,False,False,True,False,False,False,False,False,False,False,False,False
1,0,1.0,32.0,30.0,120.0,7.0,0.086,13.629,21.5,False,False,False,False,False,False,False,False,False,False,False,False,False,False,False,False,False,False,False,False,True,False,False,False,False,False,False,False,False,False
1,0,1.0,42.0,1.0,120.0,7.0,0.086,13.629,5.48,False,False,False,False,False,False,False,False,False,False,False,False,False,False,False,False,False,False,False,False,True,False,False,False,False,False,False,False,False,False
1,0,1.0,42.0,2.0,120.0,7.0,0.086,13.629,9.0,False,False,False,False,False,False,False,False,False,False,False,False,False,False,False,False,False,False,False,False,True,False,False,False,False,False,False,False,False,False
1,0,1.0,42.0,5.0,120.0,7.0,0.086,13.629,15.0,False,False,False,False,False,False,False,False,False,False,False,False,False,False,False,False,False,False,False,False,True,False,False,False,False,False,False,False,False,False
1,0,1.0,42.0,10.0,120.0,7.0,0.086,13.629,18.0,False,False,False,False,False,False,False,False,False,False,False,False,False,False,False,False,False,False,False,False,True,False,False,False,False,False,False,False,False,False
1,0,1.0,42.0,20.0,120.0,7.0,0.086,13.629,20.5,False,False,False,False,False,False,False,False,False,False,False,False,False,False,False,False,False,False,False,False,True,False,False,False,False,False,False,False,False,False
1,0,1.0,42.0,30.0,120.0,7.0,0.086,13.629,22.5,False,False,False,False,False,False,False,False,False,False,False,False,False,False,False,False,False,False,False,False,True,False,False,False,False,False,False,False,False,False
1,0,1.0,22.0,20.0,1.0,7.0,0.086,13.629,8.0,False,False,False,False,False,False,False,False,False,False,False,False,False,False,False,False,False,False,False,False,True,False,False,False,False,False,False,False,False,False
1,0,1.0,22.0,20.0,5.0,7.0,0.086,13.629,14.0,False,False,False,False,False,False,False,False,False,False,False,False,False,False,False,False,False,False,False,False,True,False,False,False,False,False,False,False,False,False
1,0,1.0,22.0,20.0,15.0,7.0,0.086,13.629,15.5,False,False,False,False,False,False,False,False,False,False,False,False,False,False,False,False,False,False,False,False,True,False,False,False,False,False,False,False,False,False
1,0,1.0,22.0,20.0,30.0,7.0,0.086,13.629,16.0,False,False,False,False,False,False,False,False,False,False,False,False,False,False,False,False,False,False,False,False,True,False,False,False,False,False,False,False,False,False
1,0,1.0,22.0,20.0,45.0,7.0,0.086,13.629,16.05,False,False,False,False,False,False,False,False,False,False,False,False,False,False,False,False,False,False,False,False,True,False,False,False,False,False,False,False,False,False
1,0,1.0,22.0,20.0,60.0,7.0,0.086,13.629,16.05,False,False,False,False,False,False,False,False,False,False,False,False,False,False,False,False,False,False,False,False,True,False,False,False,False,False,False,False,False,False
1,0,1.0,22.0,20.0,90.0,7.0,0.086,13.629,16.05,False,False,False,False,False,False,False,False,False,False,False,False,False,False,False,False,False,False,False,False,True,False,False,False,False,False,False,False,False,False
1,0,1.0,22.0,20.0,120.0,7.0,0.086,13.629,16.05,False,False,False,False,False,False,False,False,False,False,False,False,False,False,False,False,False,False,False,False,True,False,False,False,False,False,False,False,False,False
1,0,1.0,22.0,20.0,180.0,7.0,0.086,13.629,16.05,False,False,False,False,False,False,False,False,False,False,False,False,False,False,False,False,False,False,False,False,True,False,False,False,False,False,False,False,False,False
1,0,1.0,22.0,20.0,240.0,7.0,0.086,13.629,16.05,False,False,False,False,False,False,False,False,False,False,False,False,False,False,False,False,False,False,False,False,True,False,False,False,False,False,False,False,False,False
1,0,1.0,22.0,20.0,300.0,7.0,0.086,13.629,16.05,False,False,False,False,False,False,False,False,False,False,False,False,False,False,False,False,False,False,False,False,True,False,False,False,False,False,False,False,False,False
1,0,1.0,42.0,20.0,1.0,7.0,0.086,13.629,12.0,False,False,False,False,False,False,False,False,False,False,False,False,False,False,False,False,False,False,False,False,True,False,False,False,False,False,False,False,False,False
1,0,1.0,42.0,20.0,5.0,7.0,0.086,13.629,17.0,False,False,False,False,False,False,False,False,False,False,False,False,False,False,False,False,False,False,False,False,True,False,False,False,False,False,False,False,False,False
1,0,1.0,42.0,20.0,15.0,7.0,0.086,13.629,17.5,False,False,False,False,False,False,False,False,False,False,False,False,False,False,False,False,False,False,False,False,True,False,False,False,False,False,False,False,False,False
1,0,1.0,42.0,20.0,30.0,7.0,0.086,13.629,18.0,False,False,False,False,False,False,False,False,False,False,False,False,False,False,False,False,False,False,False,False,True,False,False,False,False,False,False,False,False,False
1,0,1.0,42.0,20.0,45.0,7.0,0.086,13.629,18.1,False,False,False,False,False,False,False,False,False,False,False,False,False,False,False,False,False,False,False,False,True,False,False,False,False,False,False,False,False,False
1,0,1.0,42.0,20.0,60.0,7.0,0.086,13.629,18.15,False,False,False,False,False,False,False,False,False,False,False,False,False,False,False,False,False,False,False,False,True,False,False,False,False,False,False,False,False,False
1,0,1.0,42.0,20.0,90.0,7.0,0.086,13.629,18.16,False,False,False,False,False,False,False,False,False,False,False,False,False,False,False,False,False,False,False,False,True,False,False,False,False,False,False,False,False,False
1,0,1.0,42.0,20.0,120.0,7.0,0.086,13.629,18.16,False,False,False,False,False,False,False,False,False,False,False,False,False,False,False,False,False,False,False,False,True,False,False,False,False,False,False,False,False,False
1,0,1.0,42.0,20.0,180.0,7.0,0.086,13.629,18.16,False,False,False,False,False,False,False,False,False,False,False,False,False,False,False,False,False,False,False,False,True,False,False,False,False,False,False,False,False,False
1,0,1.0,42.0,20.0,240.0,7.0,0.086,13.629,18.16,False,False,False,False,False,False,False,False,False,False,False,False,False,False,False,False,False,False,False,False,True,False,False,False,False,False,False,False,False,False
1,0,1.0,42.0,20.0,300.0,7.0,0.086,13.629,18.16,False,False,False,False,False,False,False,False,False,False,False,False,False,False,False,False,False,False,False,False,True,False,False,False,False,False,False,False,False,False
1,0,0.5,20.0,0.976852151407311,1440.0,4.0,7.552,119.76,1.76512455516014,False,False,False,False,False,False,False,False,False,False,False,False,False,False,False,False,False,False,False,False,False,True,False,False,False,False,False,False,False,False
1,0,0.5,20.0,1.98744742801682,1440.0,4.0,7.552,119.76,3.19572953736654,False,False,False,False,False,False,False,False,False,False,False,False,False,False,False,False,False,False,False,False,False,True,False,False,False,False,False,False,False,False
1,0,0.5,20.0,4.96884503396958,1440.0,4.0,7.552,119.76,4.98932384341637,False,False,False,False,False,False,False,False,False,False,False,False,False,False,False,False,False,False,False,False,False,True,False,False,False,False,False,False,False,False
1,0,0.5,20.0,9.95761889356195,1440.0,4.0,7.552,119.76,6.24911032028469,False,False,False,False,False,False,False,False,False,False,False,False,False,False,False,False,False,False,False,False,False,True,False,False,False,False,False,False,False,False
1,0,0.5,20.0,14.9162730507926,1440.0,4.0,7.552,119.76,7.18861209964412,False,False,False,False,False,False,False,False,False,False,False,False,False,False,False,False,False,False,False,False,False,True,False,False,False,False,False,False,False,False
1,0,0.5,25.0,0.976399223552248,1440.0,4.0,7.552,119.76,1.851,False,False,False,False,False,False,False,False,False,False,False,False,False,False,False,False,False,False,False,False,False,True,False,False,False,False,False,False,False,False
1,0,0.5,25.0,1.95698802976383,1440.0,4.0,7.552,119.76,2.94,False,False,False,False,False,False,False,False,False,False,False,False,False,False,False,False,False,False,False,False,False,True,False,False,False,False,False,False,False,False
1,0,0.5,25.0,4.94019734713684,1440.0,4.0,7.552,119.76,4.391,False,False,False,False,False,False,False,False,False,False,False,False,False,False,False,False,False,False,False,False,False,True,False,False,False,False,False,False,False,False
1,0,0.5,25.0,9.93440634098996,1440.0,4.0,7.552,119.76,4.626,False,False,False,False,False,False,False,False,False,False,False,False,False,False,False,False,False,False,False,False,False,True,False,False,False,False,False,False,False,False
1,0,0.5,25.0,14.8945325137495,1440.0,4.0,7.552,119.76,5.288,False,False,False,False,False,False,False,False,False,False,False,False,False,False,False,False,False,False,False,False,False,True,False,False,False,False,False,False,False,False
1,0,0.5,30.0,0.976399223552248,1440.0,4.0,7.552,119.76,1.637,False,False,False,False,False,False,False,False,False,False,False,False,False,False,False,False,False,False,False,False,False,True,False,False,False,False,False,False,False,False
1,0,0.5,30.0,1.95698802976383,1440.0,4.0,7.552,119.76,2.94,False,False,False,False,False,False,False,False,False,False,False,False,False,False,False,False,False,False,False,False,False,True,False,False,False,False,False,False,False,False
1,0,0.5,30.0,4.94019734713684,1440.0,4.0,7.552,119.76,3.794,False,False,False,False,False,False,False,False,False,False,False,False,False,False,False,False,False,False,False,False,False,True,False,False,False,False,False,False,False,False
1,0,0.5,30.0,9.93440634098996,1440.0,4.0,7.552,119.76,5.181,False,False,False,False,False,False,False,False,False,False,False,False,False,False,False,False,False,False,False,False,False,True,False,False,False,False,False,False,False,False
1,0,0.5,30.0,14.8945325137495,1440.0,4.0,7.552,119.76,5.075,False,False,False,False,False,False,False,False,False,False,False,False,False,False,False,False,False,False,False,False,False,True,False,False,False,False,False,False,False,False
1,0,0.5,25.0,5.0,1440.0,4.0,7.552,119.76,59.945,False,False,False,False,False,False,False,False,False,False,False,False,False,False,False,False,False,False,False,False,False,True,False,False,False,False,False,False,False,False
1,0,0.5,25.0,5.0,1440.0,6.0,5.558,119.76,37.241,False,False,False,False,False,False,False,False,False,False,False,False,False,False,False,False,False,False,False,False,False,True,False,False,False,False,False,False,False,False
1,0,0.5,25.0,5.0,1440.0,8.0,5.558,119.76,41.371,False,False,False,False,False,False,False,False,False,False,False,False,False,False,False,False,False,False,False,False,False,True,False,False,False,False,False,False,False,False
1,0,0.5,25.0,5.0,1440.0,10.0,5.558,119.76,39.167,False,False,False,False,False,False,False,False,False,False,False,False,False,False,False,False,False,False,False,False,False,True,False,False,False,False,False,False,False,False
1,0,0.5,25.0,5.0,1440.0,12.0,5.558,119.76,5.464,False,False,False,False,False,False,False,False,False,False,False,False,False,False,False,False,False,False,False,False,False,True,False,False,False,False,False,False,False,False
1,0,0.1,25.0,5.0,1440.0,7.0,5.558,119.76,11.2,False,False,False,False,False,False,False,False,False,False,False,False,False,False,False,False,False,False,False,False,False,False,True,False,False,False,False,False,False,False
1,0,0.3,25.0,5.0,1440.0,7.0,5.558,119.76,8.0,False,False,False,False,False,False,False,False,False,False,False,False,False,False,False,False,False,False,False,False,False,False,True,False,False,False,False,False,False,False
1,0,0.5,25.0,5.0,1440.0,7.0,5.558,119.76,6.3,False,False,False,False,False,False,False,False,False,False,False,False,False,False,False,False,False,False,False,False,False,False,True,False,False,False,False,False,False,False
1,0,0.7,25.0,5.0,1440.0,7.0,5.558,119.76,6.1,False,False,False,False,False,False,False,False,False,False,False,False,False,False,False,False,False,False,False,False,False,False,True,False,False,False,False,False,False,False
1,0,0.9,25.0,5.0,1440.0,7.0,5.558,119.76,4.1,False,False,False,False,False,False,False,False,False,False,False,False,False,False,False,False,False,False,False,False,False,False,True,False,False,False,False,False,False,False
1,0,1.1,25.0,5.0,1440.0,7.0,5.558,119.76,3.9,False,False,False,False,False,False,False,False,False,False,False,False,False,False,False,False,False,False,False,False,False,False,True,False,False,False,False,False,False,False
1,0,1.3,25.0,5.0,1440.0,7.0,5.558,119.76,3.5,False,False,False,False,False,False,False,False,False,False,False,False,False,False,False,False,False,False,False,False,False,False,True,False,False,False,False,False,False,False
1,0,1.5,25.0,5.0,1440.0,7.0,5.558,119.76,3.2,False,False,False,False,False,False,False,False,False,False,False,False,False,False,False,False,False,False,False,False,False,False,True,False,False,False,False,False,False,False
1,0,1.7,25.0,5.0,1440.0,7.0,5.558,119.76,3.0,False,False,False,False,False,False,False,False,False,False,False,False,False,False,False,False,False,False,False,False,False,False,True,False,False,False,False,False,False,False
1,0,1.9,25.0,5.0,1440.0,7.0,5.558,119.76,2.6,False,False,False,False,False,False,False,False,False,False,False,False,False,False,False,False,False,False,False,False,False,False,True,False,False,False,False,False,False,False
1,0,0.1,25.0,5.0,1440.0,7.0,5.558,119.76,10.5,False,False,False,False,False,False,False,False,False,False,False,False,False,False,False,False,False,False,False,False,False,False,False,True,False,False,False,False,False,False
1,0,0.3,25.0,5.0,1440.0,7.0,5.558,119.76,5.2,False,False,False,False,False,False,False,False,False,False,False,False,False,False,False,False,False,False,False,False,False,False,False,True,False,False,False,False,False,False
1,0,0.5,25.0,5.0,1440.0,7.0,5.558,119.76,4.6,False,False,False,False,False,False,False,False,False,False,False,False,False,False,False,False,False,False,False,False,False,False,False,True,False,False,False,False,False,False
1,0,0.7,25.0,5.0,1440.0,7.0,5.558,119.76,4.0,False,False,False,False,False,False,False,False,False,False,False,False,False,False,False,False,False,False,False,False,False,False,False,True,False,False,False,False,False,False
1,0,0.9,25.0,5.0,1440.0,7.0,5.558,119.76,2.8,False,False,False,False,False,False,False,False,False,False,False,False,False,False,False,False,False,False,False,False,False,False,False,True,False,False,False,False,False,False
1,0,1.1,25.0,5.0,1440.0,7.0,5.558,119.76,2.5,False,False,False,False,False,False,False,False,False,False,False,False,False,False,False,False,False,False,False,False,False,False,False,True,False,False,False,False,False,False
1,0,1.3,25.0,5.0,1440.0,7.0,5.558,119.76,2.2,False,False,False,False,False,False,False,False,False,False,False,False,False,False,False,False,False,False,False,False,False,False,False,True,False,False,False,False,False,False
1,0,1.5,25.0,5.0,1440.0,7.0,5.558,119.76,2.0,False,False,False,False,False,False,False,False,False,False,False,False,False,False,False,False,False,False,False,False,False,False,False,True,False,False,False,False,False,False
1,0,1.7,25.0,5.0,1440.0,7.0,5.558,119.76,1.9,False,False,False,False,False,False,False,False,False,False,False,False,False,False,False,False,False,False,False,False,False,False,False,True,False,False,False,False,False,False
1,0,1.9,25.0,5.0,1440.0,7.0,5.558,119.76,1.8,False,False,False,False,False,False,False,False,False,False,False,False,False,False,False,False,False,False,False,False,False,False,False,True,False,False,False,False,False,False
1,0,0.1,25.0,5.0,1440.0,7.0,5.558,119.76,11.5,False,False,False,False,False,False,False,False,False,False,False,False,False,False,False,False,False,False,False,False,False,False,False,False,True,False,False,False,False,False
1,0,0.3,25.0,5.0,1440.0,7.0,5.558,119.76,8.4,False,False,False,False,False,False,False,False,False,False,False,False,False,False,False,False,False,False,False,False,False,False,False,False,True,False,False,False,False,False
1,0,0.5,25.0,5.0,1440.0,7.0,5.558,119.76,6.5,False,False,False,False,False,False,False,False,False,False,False,False,False,False,False,False,False,False,False,False,False,False,False,False,True,False,False,False,False,False
1,0,0.7,25.0,5.0,1440.0,7.0,5.558,119.76,6.2,False,False,False,False,False,False,False,False,False,False,False,False,False,False,False,False,False,False,False,False,False,False,False,False,True,False,False,False,False,False
1,0,0.9,25.0,5.0,1440.0,7.0,5.558,119.76,4.2,False,False,False,False,False,False,False,False,False,False,False,False,False,False,False,False,False,False,False,False,False,False,False,False,True,False,False,False,False,False
1,0,1.1,25.0,5.0,1440.0,7.0,5.558,119.76,4.0,False,False,False,False,False,False,False,False,False,False,False,False,False,False,False,False,False,False,False,False,False,False,False,False,True,False,False,False,False,False
1,0,1.3,25.0,5.0,1440.0,7.0,5.558,119.76,3.6,False,False,False,False,False,False,False,False,False,False,False,False,False,False,False,False,False,False,False,False,False,False,False,False,True,False,False,False,False,False
1,0,1.5,25.0,5.0,1440.0,7.0,5.558,119.76,3.3,False,False,False,False,False,False,False,False,False,False,False,False,False,False,False,False,False,False,False,False,False,False,False,False,True,False,False,False,False,False
1,0,1.7,25.0,5.0,1440.0,7.0,5.558,119.76,3.1,False,False,False,False,False,False,False,False,False,False,False,False,False,False,False,False,False,False,False,False,False,False,False,False,True,False,False,False,False,False
1,0,1.9,25.0,5.0,1440.0,7.0,5.558,119.76,2.7,False,False,False,False,False,False,False,False,False,False,False,False,False,False,False,False,False,False,False,False,False,False,False,False,True,False,False,False,False,False
1,0,2.0,25.0,100.0,540.0,5.0,0.12,119.76,76.15,False,False,False,False,False,False,False,False,False,False,False,False,False,False,False,False,False,False,False,False,False,False,False,False,False,True,False,False,False,False
1,0,2.0,25.0,10.0,540.0,3.0,0.12,119.76,9.012,False,False,False,False,False,False,False,False,False,False,False,False,False,False,False,False,False,False,False,False,False,False,False,False,False,True,False,False,False,False
1,0,2.0,25.0,10.0,540.0,4.0,0.12,119.76,9.423,False,False,False,False,False,False,False,False,False,False,False,False,False,False,False,False,False,False,False,False,False,False,False,False,False,True,False,False,False,False
1,0,2.0,25.0,10.0,540.0,5.0,0.12,119.76,9.64,False,False,False,False,False,False,False,False,False,False,False,False,False,False,False,False,False,False,False,False,False,False,False,False,False,True,False,False,False,False
1,0,2.0,25.0,10.0,540.0,6.0,0.12,119.76,9.234,False,False,False,False,False,False,False,False,False,False,False,False,False,False,False,False,False,False,False,False,False,False,False,False,False,True,False,False,False,False
1,0,2.0,25.0,10.0,540.0,7.0,0.12,119.76,8.765,False,False,False,False,False,False,False,False,False,False,False,False,False,False,False,False,False,False,False,False,False,False,False,False,False,True,False,False,False,False
1,0,2.0,25.0,10.0,540.0,8.0,0.12,119.76,8.234,False,False,False,False,False,False,False,False,False,False,False,False,False,False,False,False,False,False,False,False,False,False,False,False,False,True,False,False,False,False
1,0,2.0,25.0,10.0,540.0,9.0,0.12,119.76,7.654,False,False,False,False,False,False,False,False,False,False,False,False,False,False,False,False,False,False,False,False,False,False,False,False,False,True,False,False,False,False
1,0,2.0,25.0,10.0,540.0,10.0,0.12,119.76,6.789,False,False,False,False,False,False,False,False,False,False,False,False,False,False,False,False,False,False,False,False,False,False,False,False,False,True,False,False,False,False
1,0,2.0,25.0,10.0,540.0,11.0,0.12,119.76,5.678,False,False,False,False,False,False,False,False,False,False,False,False,False,False,False,False,False,False,False,False,False,False,False,False,False,True,False,False,False,False
1,0,2.0,25.0,10.0,540.0,5.0,0.12,119.76,9.64,False,False,False,False,False,False,False,False,False,False,False,False,False,False,False,False,False,False,False,False,False,False,False,False,False,True,False,False,False,False
1,0,2.0,25.0,20.0,540.0,5.0,0.12,119.76,18.234,False,False,False,False,False,False,False,False,False,False,False,False,False,False,False,False,False,False,False,False,False,False,False,False,False,True,False,False,False,False
1,0,2.0,25.0,30.0,540.0,5.0,0.12,119.76,26.789,False,False,False,False,False,False,False,False,False,False,False,False,False,False,False,False,False,False,False,False,False,False,False,False,False,True,False,False,False,False
1,0,2.0,25.0,40.0,540.0,5.0,0.12,119.76,34.567,False,False,False,False,False,False,False,False,False,False,False,False,False,False,False,False,False,False,False,False,False,False,False,False,False,True,False,False,False,False
1,0,2.0,25.0,50.0,540.0,5.0,0.12,119.76,42.345,False,False,False,False,False,False,False,False,False,False,False,False,False,False,False,False,False,False,False,False,False,False,False,False,False,True,False,False,False,False
1,0,2.0,25.0,60.0,540.0,5.0,0.12,119.76,49.876,False,False,False,False,False,False,False,False,False,False,False,False,False,False,False,False,False,False,False,False,False,False,False,False,False,True,False,False,False,False
1,0,2.0,25.0,80.0,540.0,5.0,0.12,119.76,63.456,False,False,False,False,False,False,False,False,False,False,False,False,False,False,False,False,False,False,False,False,False,False,False,False,False,True,False,False,False,False
1,0,2.0,25.0,100.0,540.0,5.0,0.12,119.76,76.15,False,False,False,False,False,False,False,False,False,False,False,False,False,False,False,False,False,False,False,False,False,False,False,False,False,True,False,False,False,False
1,0,2.0,25.0,10.0,30.0,5.0,0.12,119.76,6.234,False,False,False,False,False,False,False,False,False,False,False,False,False,False,False,False,False,False,False,False,False,False,False,False,False,True,False,False,False,False
1,0,2.0,25.0,10.0,60.0,5.0,0.12,119.76,7.89,False,False,False,False,False,False,False,False,False,False,False,False,False,False,False,False,False,False,False,False,False,False,False,False,False,True,False,False,False,False
1,0,2.0,25.0,10.0,90.0,5.0,0.12,119.76,8.567,False,False,False,False,False,False,False,False,False,False,False,False,False,False,False,False,False,False,False,False,False,False,False,False,False,True,False,False,False,False
1,0,2.0,25.0,10.0,120.0,5.0,0.12,119.76,9.012,False,False,False,False,False,False,False,False,False,False,False,False,False,False,False,False,False,False,False,False,False,False,False,False,False,True,False,False,False,False
1,0,2.0,25.0,10.0,180.0,5.0,0.12,119.76,9.423,False,False,False,False,False,False,False,False,False,False,False,False,False,False,False,False,False,False,False,False,False,False,False,False,False,True,False,False,False,False
1,0,2.0,25.0,10.0,240.0,5.0,0.12,119.76,9.567,False,False,False,False,False,False,False,False,False,False,False,False,False,False,False,False,False,False,False,False,False,False,False,False,False,True,False,False,False,False
1,0,2.0,25.0,10.0,360.0,5.0,0.12,119.76,9.623,False,False,False,False,False,False,False,False,False,False,False,False,False,False,False,False,False,False,False,False,False,False,False,False,False,True,False,False,False,False
1,0,2.0,25.0,10.0,540.0,5.0,0.12,119.76,9.64,False,False,False,False,False,False,False,False,False,False,False,False,False,False,False,False,False,False,False,False,False,False,False,False,False,True,False,False,False,False
1,0,6.0,25.0,10.0,540.0,7.0,0.12,119.76,1.607,False,False,False,False,False,False,False,False,False,False,False,False,False,False,False,False,False,False,False,False,False,False,False,False,False,True,False,False,False,False
1,0,6.0,25.0,10.0,540.0,7.0,0.12,119.76,1.45,False,False,False,False,False,False,False,False,False,False,False,False,False,False,False,False,False,False,False,False,False,False,False,False,False,True,False,False,False,False
1,0,6.0,25.0,10.0,540.0,7.0,0.12,119.76,1.467,False,False,False,False,False,False,False,False,False,False,False,False,False,False,False,False,False,False,False,False,False,False,False,False,False,True,False,False,False,False
1,0,2.0,25.0,100.0,9.81366459627329,7.0,0.0896666666666667,54.4,23.3257918552036,False,False,False,False,False,False,False,False,False,False,False,False,False,False,False,False,False,False,False,False,False,False,False,False,False,False,True,False,False,False
1,0,2.0,25.0,100.0,20.0,7.0,0.0896666666666667,54.4,30.5656108597285,False,False,False,False,False,False,False,False,False,False,False,False,False,False,False,False,False,False,False,False,False,False,False,False,False,False,True,False,False,False
1,0,2.0,25.0,100.0,29.8136645962732,7.0,0.0896666666666667,54.4,37.5791855203619,False,False,False,False,False,False,False,False,False,False,False,False,False,False,False,False,False,False,False,False,False,False,False,False,False,False,True,False,False,False
1,0,2.0,25.0,100.0,40.0,7.0,0.0896666666666667,54.4,41.4253393665158,False,False,False,False,False,False,False,False,False,False,False,False,False,False,False,False,False,False,False,False,False,False,False,False,False,False,True,False,False,False
1,0,2.0,25.0,100.0,49.9378881987577,7.0,0.0896666666666667,118.6425,41.3122171945701,False,False,False,False,False,False,False,False,False,False,False,False,False,False,False,False,False,False,False,False,False,False,False,False,False,False,True,False,False,False
1,0,2.0,25.0,100.0,59.8757763975155,7.0,0.0896666666666667,118.6425,41.4253393665158,False,False,False,False,False,False,False,False,False,False,False,False,False,False,False,False,False,False,False,False,False,False,False,False,False,False,True,False,False,False
1,0,2.0,25.0,20.0,59.8757763975155,7.0,0.12,118.6425,8.03738317757009,False,False,False,False,False,False,False,False,False,False,False,False,False,False,False,False,False,False,False,False,False,False,False,False,False,False,True,False,False,False
1,0,2.0,25.0,39.6103045142601,59.8757763975155,7.0,0.0828333333333333,118.6425,16.6822429906542,False,False,False,False,False,False,False,False,False,False,False,False,False,False,False,False,False,False,False,False,False,False,False,False,False,False,True,False,False,False
1,0,2.0,25.0,59.5765079146119,59.8757763975155,7.0,0.029,118.6425,25.7943925233644,False,False,False,False,False,False,False,False,False,False,False,False,False,False,False,False,False,False,False,False,False,False,False,False,False,False,True,False,False,False
1,0,3.0,26.0,79.5454702210574,59.8757763975155,7.0,0.029,118.6425,34.6728971962616,False,False,False,False,False,False,False,False,False,False,False,False,False,False,False,False,False,False,False,False,False,False,False,False,False,False,True,False,False,False
1,0,4.0,27.0,99.5378832292996,59.8757763975155,7.0,0.0085,118.6425,41.5654205607476,False,False,False,False,False,False,False,False,False,False,False,False,False,False,False,False,False,False,False,False,False,False,False,False,False,False,True,False,False,False
1,0,5.0,28.0,119.599268889885,59.8757763975155,7.0,0.0085,118.6425,42.6168224299065,False,False,False,False,False,False,False,False,False,False,False,False,False,False,False,False,False,False,False,False,False,False,False,False,False,False,True,False,False,False
1,0,6.0,29.0,139.663413456564,59.8757763975155,7.0,0.0085,118.6425,43.4345794392523,False,False,False,False,False,False,False,False,False,False,False,False,False,False,False,False,False,False,False,False,False,False,False,False,False,False,True,False,False,False
1,0,7.0,30.0,100.0,59.8757763975155,3.0,0.0085,54.4,33.2314745857382,False,False,False,False,False,False,False,False,False,False,False,False,False,False,False,False,False,False,False,False,False,False,False,False,False,False,True,False,False,False
1,0,8.0,31.0,100.0,59.8757763975155,4.99236641221374,0.0085,118.6425,36.585249487991,False,False,False,False,False,False,False,False,False,False,False,False,False,False,False,False,False,False,False,False,False,False,False,False,False,False,True,False,False,False
1,0,9.0,32.0,100.0,59.8757763975155,6.98473282442747,0.0085,118.6425,39.9390243902438,False,False,False,False,False,False,False,False,False,False,False,False,False,False,False,False,False,False,False,False,False,False,False,False,False,False,True,False,False,False
1,0,10.0,33.0,100.0,59.8757763975155,9.0,0.0085,118.6425,23.5363526345187,False,False,False,False,False,False,False,False,False,False,False,False,False,False,False,False,False,False,False,False,False,False,False,False,False,False,True,False,False,False
1,0,11.0,34.0,100.0,59.8757763975155,11.0152671755725,0.0085,118.6425,16.3714857568423,False,False,False,False,False,False,False,False,False,False,False,False,False,False,False,False,False,False,False,False,False,False,False,False,False,False,True,False,False,False
1,1,0.5,40.0,150.0,20.0,5.0,0.028,118.45,156.333,False,False,False,False,False,False,False,False,False,False,False,False,False,False,False,False,False,False,False,False,False,False,False,False,False,False,False,True,False,False
1,1,0.5,40.0,150.0,20.0,3.0,0.028,118.45,148.211,False,False,False,False,False,False,False,False,False,False,False,False,False,False,False,False,False,False,False,False,False,False,False,False,False,False,False,True,False,False
1,1,0.5,40.0,150.0,20.0,5.0,0.028,118.45,156.333,False,False,False,False,False,False,False,False,False,False,False,False,False,False,False,False,False,False,False,False,False,False,False,False,False,False,False,True,False,False
1,1,0.5,40.0,150.0,20.0,7.0,0.028,118.45,140.542,False,False,False,False,False,False,False,False,False,False,False,False,False,False,False,False,False,False,False,False,False,False,False,False,False,False,False,True,False,False
1,1,0.5,40.0,150.0,20.0,9.0,0.028,118.45,108.316,False,False,False,False,False,False,False,False,False,False,False,False,False,False,False,False,False,False,False,False,False,False,False,False,False,False,False,True,False,False
1,1,0.5,40.0,150.0,20.0,11.0,0.028,118.45,82.645,False,False,False,False,False,False,False,False,False,False,False,False,False,False,False,False,False,False,False,False,False,False,False,False,False,False,False,True,False,False
1,1,0.5,40.0,30.0,20.0,5.0,0.028,118.45,45.232,False,False,False,False,False,False,False,False,False,False,False,False,False,False,False,False,False,False,False,False,False,False,False,False,False,False,False,True,False,False
1,1,0.5,40.0,60.0,20.0,5.0,0.028,118.45,82.714,False,False,False,False,False,False,False,False,False,False,False,False,False,False,False,False,False,False,False,False,False,False,False,False,False,False,False,True,False,False
1,1,0.5,40.0,90.0,20.0,5.0,0.028,118.45,115.463,False,False,False,False,False,False,False,False,False,False,False,False,False,False,False,False,False,False,False,False,False,False,False,False,False,False,False,True,False,False
1,1,0.5,40.0,120.0,20.0,5.0,0.028,118.45,141.847,False,False,False,False,False,False,False,False,False,False,False,False,False,False,False,False,False,False,False,False,False,False,False,False,False,False,False,True,False,False
1,1,0.5,40.0,150.0,20.0,5.0,0.028,118.45,156.333,False,False,False,False,False,False,False,False,False,False,False,False,False,False,False,False,False,False,False,False,False,False,False,False,False,False,False,True,False,False
1,1,0.5,40.0,150.0,5.0,5.0,0.028,118.45,98.324,False,False,False,False,False,False,False,False,False,False,False,False,False,False,False,False,False,False,False,False,False,False,False,False,False,False,False,True,False,False
1,1,0.5,40.0,150.0,10.0,5.0,0.028,118.45,134.672,False,False,False,False,False,False,False,False,False,False,False,False,False,False,False,False,False,False,False,False,False,False,False,False,False,False,False,True,False,False
1,1,0.5,40.0,150.0,15.0,5.0,0.028,118.45,150.215,False,False,False,False,False,False,False,False,False,False,False,False,False,False,False,False,False,False,False,False,False,False,False,False,False,False,False,True,False,False
1,1,0.5,40.0,150.0,20.0,5.0,0.028,118.45,156.333,False,False,False,False,False,False,False,False,False,False,False,False,False,False,False,False,False,False,False,False,False,False,False,False,False,False,False,True,False,False
1,1,0.5,40.0,150.0,30.0,5.0,0.028,118.45,157.142,False,False,False,False,False,False,False,False,False,False,False,False,False,False,False,False,False,False,False,False,False,False,False,False,False,False,False,True,False,False
1,1,0.5,19.9,150.0,20.0,5.0,0.028,118.45,132.412,False,False,False,False,False,False,False,False,False,False,False,False,False,False,False,False,False,False,False,False,False,False,False,False,False,False,False,True,False,False
1,1,0.5,24.9,150.0,20.0,5.0,0.028,118.45,142.685,False,False,False,False,False,False,False,False,False,False,False,False,False,False,False,False,False,False,False,False,False,False,False,False,False,False,False,True,False,False
1,1,0.5,29.9,150.0,20.0,5.0,0.028,118.45,151.203,False,False,False,False,False,False,False,False,False,False,False,False,False,False,False,False,False,False,False,False,False,False,False,False,False,False,False,True,False,False
1,1,0.5,34.9,150.0,20.0,5.0,0.028,118.45,155.893,False,False,False,False,False,False,False,False,False,False,False,False,False,False,False,False,False,False,False,False,False,False,False,False,False,False,False,True,False,False
1,1,0.5,39.9,150.0,20.0,5.0,0.028,118.45,156.333,False,False,False,False,False,False,False,False,False,False,False,False,False,False,False,False,False,False,False,False,False,False,False,False,False,False,False,True,False,False
1,1,0.25,40.0,150.0,20.0,5.0,0.028,118.45,168.742,False,False,False,False,False,False,False,False,False,False,False,False,False,False,False,False,False,False,False,False,False,False,False,False,False,False,False,True,False,False
1,1,0.5,40.0,150.0,20.0,5.0,0.028,118.45,156.333,False,False,False,False,False,False,False,False,False,False,False,False,False,False,False,False,False,False,False,False,False,False,False,False,False,False,False,True,False,False
1,1,0.75,40.0,150.0,20.0,5.0,0.028,118.45,140.218,False,False,False,False,False,False,False,False,False,False,False,False,False,False,False,False,False,False,False,False,False,False,False,False,False,False,False,True,False,False
1,1,1.0,40.0,150.0,20.0,5.0,0.028,118.45,122.576,False,False,False,False,False,False,False,False,False,False,False,False,False,False,False,False,False,False,False,False,False,False,False,False,False,False,False,True,False,False
1,1,1.25,40.0,150.0,20.0,5.0,0.028,118.45,105.443,False,False,False,False,False,False,False,False,False,False,False,False,False,False,False,False,False,False,False,False,False,False,False,False,False,False,False,True,False,False
1,1,1.0,34.9,60.0,15.0,8.0,0.028,118.45,41.136,False,False,False,False,False,False,False,False,False,False,False,False,False,False,False,False,False,False,False,False,False,False,False,False,False,False,False,True,False,False
1,1,0.5,24.9,120.0,25.0,5.0,0.028,118.45,106.351,False,False,False,False,False,False,False,False,False,False,False,False,False,False,False,False,False,False,False,False,False,False,False,False,False,False,False,True,False,False
1,1,1.0,34.9,120.0,25.0,5.0,0.028,118.45,94.891,False,False,False,False,False,False,False,False,False,False,False,False,False,False,False,False,False,False,False,False,False,False,False,False,False,False,False,True,False,False
1,1,0.5,24.9,60.0,15.0,5.0,0.028,118.45,69.112,False,False,False,False,False,False,False,False,False,False,False,False,False,False,False,False,False,False,False,False,False,False,False,False,False,False,False,True,False,False
1,1,0.75,29.9,90.0,20.0,11.0,0.028,118.45,36.923,False,False,False,False,False,False,False,False,False,False,False,False,False,False,False,False,False,False,False,False,False,False,False,False,False,False,False,True,False,False
1,1,0.75,29.9,30.0,20.0,7.0,0.028,118.45,29.113,False,False,False,False,False,False,False,False,False,False,False,False,False,False,False,False,False,False,False,False,False,False,False,False,False,False,False,True,False,False
1,1,0.75,29.9,150.0,20.0,7.0,0.028,118.45,116.877,False,False,False,False,False,False,False,False,False,False,False,False,False,False,False,False,False,False,False,False,False,False,False,False,False,False,False,True,False,False
1,1,0.25,29.9,90.0,20.0,7.0,0.028,118.45,108.27,False,False,False,False,False,False,False,False,False,False,False,False,False,False,False,False,False,False,False,False,False,False,False,False,False,False,False,True,False,False
1,1,0.5,40.0,180.0,30.0,5.0,0.028,118.45,172.41,False,False,False,False,False,False,False,False,False,False,False,False,False,False,False,False,False,False,False,False,False,False,False,False,False,False,False,True,False,False
1,1,0.5,35.0,120.0,20.0,5.0,0.028,118.45,145.673,False,False,False,False,False,False,False,False,False,False,False,False,False,False,False,False,False,False,False,False,False,False,False,False,False,False,False,True,False,False
1,1,0.5,25.0,120.0,30.0,5.0,0.14,147.97,119.873,False,False,False,False,False,False,False,False,False,False,False,False,False,False,False,False,False,False,False,False,False,False,False,False,False,False,False,False,True,False
1,1,0.75,25.0,90.0,30.0,7.0,0.14,147.97,79.32,False,False,False,False,False,False,False,False,False,False,False,False,False,False,False,False,False,False,False,False,False,False,False,False,False,False,False,False,True,False
1,1,0.75,25.0,60.0,20.0,6.0,0.14,147.97,65.45,False,False,False,False,False,False,False,False,False,False,False,False,False,False,False,False,False,False,False,False,False,False,False,False,False,False,False,False,True,False
1,1,0.75,25.0,90.0,30.0,7.0,0.14,147.97,78.18,False,False,False,False,False,False,False,False,False,False,False,False,False,False,False,False,False,False,False,False,False,False,False,False,False,False,False,False,True,False
1,1,1.25,25.0,120.0,20.0,7.0,0.14,147.97,76.23,False,False,False,False,False,False,False,False,False,False,False,False,False,False,False,False,False,False,False,False,False,False,False,False,False,False,False,False,True,False
1,1,1.25,25.0,60.0,40.0,5.0,0.14,147.97,60.48,False,False,False,False,False,False,False,False,False,False,False,False,False,False,False,False,False,False,False,False,False,False,False,False,False,False,False,False,True,False
1,1,1.45,25.0,60.0,40.0,9.0,0.14,147.97,38.21,False,False,False,False,False,False,False,False,False,False,False,False,False,False,False,False,False,False,False,False,False,False,False,False,False,False,False,False,True,False
1,1,0.75,25.0,90.0,30.0,7.0,0.14,147.97,80.65,False,False,False,False,False,False,False,False,False,False,False,False,False,False,False,False,False,False,False,False,False,False,False,False,False,False,False,False,True,False
1,1,0.75,25.0,90.0,30.0,7.0,0.14,147.97,80.85,False,False,False,False,False,False,False,False,False,False,False,False,False,False,False,False,False,False,False,False,False,False,False,False,False,False,False,False,True,False
1,1,0.95,25.0,120.0,40.0,9.0,0.14,147.97,81.36,False,False,False,False,False,False,False,False,False,False,False,False,False,False,False,False,False,False,False,False,False,False,False,False,False,False,False,False,True,False
1,1,1.45,25.0,120.0,20.0,9.0,0.14,147.97,54.67,False,False,False,False,False,False,False,False,False,False,False,False,False,False,False,False,False,False,False,False,False,False,False,False,False,False,False,False,True,False
1,1,0.75,25.0,120.0,40.0,5.0,0.14,147.97,106.11,False,False,False,False,False,False,False,False,False,False,False,False,False,False,False,False,False,False,False,False,False,False,False,False,False,False,False,False,True,False
1,1,0.95,25.0,60.0,20.0,9.0,0.14,147.97,39.02,False,False,False,False,False,False,False,False,False,False,False,False,False,False,False,False,False,False,False,False,False,False,False,False,False,False,False,False,True,False
1,1,0.75,25.0,30.0,30.0,7.0,0.14,147.97,25.71,False,False,False,False,False,False,False,False,False,False,False,False,False,False,False,False,False,False,False,False,False,False,False,False,False,False,False,False,True,False
1,1,0.75,25.0,90.0,50.0,7.0,0.14,147.97,79.49,False,False,False,False,False,False,False,False,False,False,False,False,False,False,False,False,False,False,False,False,False,False,False,False,False,False,False,False,True,False
1,1,0.25,25.0,90.0,30.0,7.0,0.14,147.97,95.35,False,False,False,False,False,False,False,False,False,False,False,False,False,False,False,False,False,False,False,False,False,False,False,False,False,False,False,False,True,False
1,1,0.75,25.0,150.0,30.0,7.0,0.14,147.97,92.31,False,False,False,False,False,False,False,False,False,False,False,False,False,False,False,False,False,False,False,False,False,False,False,False,False,False,False,False,True,False
1,1,0.75,25.0,90.0,30.0,7.0,0.14,147.97,78.05,False,False,False,False,False,False,False,False,False,False,False,False,False,False,False,False,False,False,False,False,False,False,False,False,False,False,False,False,True,False
1,1,0.75,25.0,90.0,30.0,7.0,0.14,147.97,79.29,False,False,False,False,False,False,False,False,False,False,False,False,False,False,False,False,False,False,False,False,False,False,False,False,False,False,False,False,True,False
1,1,0.75,25.0,90.0,30.0,3.0,0.14,147.97,86.62,False,False,False,False,False,False,False,False,False,False,False,False,False,False,False,False,False,False,False,False,False,False,False,False,False,False,False,False,True,False
1,1,1.25,25.0,90.0,30.0,7.0,0.14,147.97,53.42,False,False,False,False,False,False,False,False,False,False,False,False,False,False,False,False,False,False,False,False,False,False,False,False,False,False,False,False,True,False
1,1,0.75,25.0,90.0,10.0,5.0,0.14,147.97,49.11,False,False,False,False,False,False,False,False,False,False,False,False,False,False,False,False,False,False,False,False,False,False,False,False,False,False,False,False,True,False
1,1,0.75,25.0,90.0,30.0,11.0,0.14,147.97,39.78,False,False,False,False,False,False,False,False,False,False,False,False,False,False,False,False,False,False,False,False,False,False,False,False,False,False,False,False,True,False
1,1,0.5,25.0,120.0,30.0,3.0,0.14,147.97,86.62,False,False,False,False,False,False,False,False,False,False,False,False,False,False,False,False,False,False,False,False,False,False,False,False,False,False,False,False,True,False
1,1,0.5,25.0,120.0,30.0,5.0,0.14,147.97,106.11,False,False,False,False,False,False,False,False,False,False,False,False,False,False,False,False,False,False,False,False,False,False,False,False,False,False,False,False,True,False
1,1,0.5,25.0,120.0,30.0,7.0,0.14,147.97,79.32,False,False,False,False,False,False,False,False,False,False,False,False,False,False,False,False,False,False,False,False,False,False,False,False,False,False,False,False,True,False
1,1,0.5,25.0,120.0,30.0,9.0,0.14,147.97,54.67,False,False,False,False,False,False,False,False,False,False,False,False,False,False,False,False,False,False,False,False,False,False,False,False,False,False,False,False,True,False
1,1,0.5,25.0,120.0,30.0,11.0,0.14,147.97,39.78,False,False,False,False,False,False,False,False,False,False,False,False,False,False,False,False,False,False,False,False,False,False,False,False,False,False,False,False,True,False
1,1,0.5,25.0,30.0,30.0,5.0,0.14,147.97,25.713,False,False,False,False,False,False,False,False,False,False,False,False,False,False,False,False,False,False,False,False,False,False,False,False,False,False,False,False,True,False
1,1,0.5,25.0,60.0,30.0,5.0,0.14,147.97,49.876,False,False,False,False,False,False,False,False,False,False,False,False,False,False,False,False,False,False,False,False,False,False,False,False,False,False,False,False,True,False
1,1,0.5,25.0,90.0,30.0,5.0,0.14,147.97,74.215,False,False,False,False,False,False,False,False,False,False,False,False,False,False,False,False,False,False,False,False,False,False,False,False,False,False,False,False,True,False
1,1,0.5,25.0,120.0,30.0,5.0,0.14,147.97,106.11,False,False,False,False,False,False,False,False,False,False,False,False,False,False,False,False,False,False,False,False,False,False,False,False,False,False,False,False,True,False
1,1,0.5,25.0,150.0,30.0,5.0,0.14,147.97,119.873,False,False,False,False,False,False,False,False,False,False,False,False,False,False,False,False,False,False,False,False,False,False,False,False,False,False,False,False,True,False
1,1,0.5,25.0,120.0,10.0,5.0,0.14,147.97,49.11,False,False,False,False,False,False,False,False,False,False,False,False,False,False,False,False,False,False,False,False,False,False,False,False,False,False,False,False,True,False
1,1,0.5,25.0,120.0,20.0,5.0,0.14,147.97,78.214,False,False,False,False,False,False,False,False,False,False,False,False,False,False,False,False,False,False,False,False,False,False,False,False,False,False,False,False,True,False
1,1,0.5,25.0,120.0,30.0,5.0,0.14,147.97,106.11,False,False,False,False,False,False,False,False,False,False,False,False,False,False,False,False,False,False,False,False,False,False,False,False,False,False,False,False,True,False
1,1,0.5,25.0,120.0,40.0,5.0,0.14,147.97,108.233,False,False,False,False,False,False,False,False,False,False,False,False,False,False,False,False,False,False,False,False,False,False,False,False,False,False,False,False,True,False
1,1,0.5,25.0,120.0,50.0,5.0,0.14,147.97,108.512,False,False,False,False,False,False,False,False,False,False,False,False,False,False,False,False,False,False,False,False,False,False,False,False,False,False,False,False,True,False
1,1,0.5,24.9,120.0,30.0,5.0,0.14,147.97,110.0,False,False,False,False,False,False,False,False,False,False,False,False,False,False,False,False,False,False,False,False,False,False,False,False,False,False,False,False,True,False
1,1,0.5,29.9,120.0,30.0,5.0,0.14,147.97,119.0,False,False,False,False,False,False,False,False,False,False,False,False,False,False,False,False,False,False,False,False,False,False,False,False,False,False,False,False,True,False
1,1,0.5,44.9,120.0,30.0,5.0,0.14,147.97,124.0,False,False,False,False,False,False,False,False,False,False,False,False,False,False,False,False,False,False,False,False,False,False,False,False,False,False,False,False,True,False
1,1,0.25,25.0,120.0,30.0,5.0,0.14,147.97,133.451,False,False,False,False,False,False,False,False,False,False,False,False,False,False,False,False,False,False,False,False,False,False,False,False,False,False,False,False,True,False
1,1,0.5,25.0,120.0,30.0,5.0,0.14,147.97,106.11,False,False,False,False,False,False,False,False,False,False,False,False,False,False,False,False,False,False,False,False,False,False,False,False,False,False,False,False,True,False
1,1,0.75,25.0,120.0,30.0,5.0,0.14,147.97,89.256,False,False,False,False,False,False,False,False,False,False,False,False,False,False,False,False,False,False,False,False,False,False,False,False,False,False,False,False,True,False
1,1,1.0,25.0,120.0,30.0,5.0,0.14,147.97,76.324,False,False,False,False,False,False,False,False,False,False,False,False,False,False,False,False,False,False,False,False,False,False,False,False,False,False,False,False,True,False
1,1,1.25,25.0,120.0,30.0,5.0,0.14,147.97,65.782,False,False,False,False,False,False,False,False,False,False,False,False,False,False,False,False,False,False,False,False,False,False,False,False,False,False,False,False,True,False
1,1,0.5,25.0,180.0,40.0,5.0,0.14,147.97,151.51,False,False,False,False,False,False,False,False,False,False,False,False,False,False,False,False,False,False,False,False,False,False,False,False,False,False,False,False,True,False
1,1,0.5,25.0,150.0,30.0,5.0,0.14,147.97,119.873,False,False,False,False,False,False,False,False,False,False,False,False,False,False,False,False,False,False,False,False,False,False,False,False,False,False,False,False,True,False
1,0,2.0,25.0,50.0,30.0,3.0,0.029,54.4,23.52,False,False,False,False,False,False,False,False,False,False,False,False,False,False,False,False,False,False,False,False,False,False,False,False,False,False,False,False,False,True
1,0,2.0,25.0,50.0,5.0,3.0,0.029,54.4,23.42,False,False,False,False,False,False,False,False,False,False,False,False,False,False,False,False,False,False,False,False,False,False,False,False,False,False,False,False,False,True
1,0,2.0,25.0,50.0,30.0,2.0,0.029,54.4,21.234,False,False,False,False,False,False,False,False,False,False,False,False,False,False,False,False,False,False,False,False,False,False,False,False,False,False,False,False,False,True
1,0,2.0,25.0,50.0,30.0,3.0,0.029,54.4,23.52,False,False,False,False,False,False,False,False,False,False,False,False,False,False,False,False,False,False,False,False,False,False,False,False,False,False,False,False,False,True
1,0,2.0,25.0,50.0,30.0,4.0,0.029,54.4,23.012,False,False,False,False,False,False,False,False,False,False,False,False,False,False,False,False,False,False,False,False,False,False,False,False,False,False,False,False,False,True
1,0,2.0,25.0,50.0,30.0,5.0,0.029,54.4,22.456,False,False,False,False,False,False,False,False,False,False,False,False,False,False,False,False,False,False,False,False,False,False,False,False,False,False,False,False,False,True
1,0,2.0,25.0,50.0,30.0,6.0,0.029,54.4,21.89,False,False,False,False,False,False,False,False,False,False,False,False,False,False,False,False,False,False,False,False,False,False,False,False,False,False,False,False,False,True
1,0,2.0,25.0,50.0,30.0,7.0,0.029,54.4,21.123,False,False,False,False,False,False,False,False,False,False,False,False,False,False,False,False,False,False,False,False,False,False,False,False,False,False,False,False,False,True
1,0,2.0,25.0,50.0,30.0,8.0,0.029,54.4,20.456,False,False,False,False,False,False,False,False,False,False,False,False,False,False,False,False,False,False,False,False,False,False,False,False,False,False,False,False,False,True
1,0,2.0,25.0,50.0,30.0,9.0,0.029,54.4,19.234,False,False,False,False,False,False,False,False,False,False,False,False,False,False,False,False,False,False,False,False,False,False,False,False,False,False,False,False,False,True
1,0,2.0,25.0,50.0,30.0,10.0,0.029,54.4,18.123,False,False,False,False,False,False,False,False,False,False,False,False,False,False,False,False,False,False,False,False,False,False,False,False,False,False,False,False,False,True
1,0,2.0,25.0,50.0,30.0,11.0,0.029,54.4,16.789,False,False,False,False,False,False,False,False,False,False,False,False,False,False,False,False,False,False,False,False,False,False,False,False,False,False,False,False,False,True
1,0,2.0,4.9,50.0,30.0,3.0,0.029,54.4,21.234,False,False,False,False,False,False,False,False,False,False,False,False,False,False,False,False,False,False,False,False,False,False,False,False,False,False,False,False,False,True
1,0,2.0,14.9,50.0,30.0,3.0,0.029,54.4,22.345,False,False,False,False,False,False,False,False,False,False,False,False,False,False,False,False,False,False,False,False,False,False,False,False,False,False,False,False,False,True
1,0,2.0,24.9,50.0,30.0,3.0,0.029,54.4,23.52,False,False,False,False,False,False,False,False,False,False,False,False,False,False,False,False,False,False,False,False,False,False,False,False,False,False,False,False,False,True
1,0,2.0,34.9,50.0,30.0,3.0,0.029,54.4,23.89,False,False,False,False,False,False,False,False,False,False,False,False,False,False,False,False,False,False,False,False,False,False,False,False,False,False,False,False,False,True
1,0,2.0,44.9,50.0,30.0,3.0,0.029,54.4,23.456,False,False,False,False,False,False,False,False,False,False,False,False,False,False,False,False,False,False,False,False,False,False,False,False,False,False,False,False,False,True
1,0,2.0,25.0,2.0,30.0,3.0,0.029,54.4,2.123,False,False,False,False,False,False,False,False,False,False,False,False,False,False,False,False,False,False,False,False,False,False,False,False,False,False,False,False,False,True
1,0,2.0,25.0,5.0,30.0,3.0,0.029,54.4,4.567,False,False,False,False,False,False,False,False,False,False,False,False,False,False,False,False,False,False,False,False,False,False,False,False,False,False,False,False,False,True
1,0,2.0,25.0,10.0,30.0,3.0,0.029,54.4,7.89,False,False,False,False,False,False,False,False,False,False,False,False,False,False,False,False,False,False,False,False,False,False,False,False,False,False,False,False,False,True
1,0,2.0,25.0,20.0,30.0,3.0,0.029,54.4,12.345,False,False,False,False,False,False,False,False,False,False,False,False,False,False,False,False,False,False,False,False,False,False,False,False,False,False,False,False,False,True
1,0,2.0,25.0,30.0,30.0,3.0,0.029,54.4,16.789,False,False,False,False,False,False,False,False,False,False,False,False,False,False,False,False,False,False,False,False,False,False,False,False,False,False,False,False,False,True
1,0,2.0,25.0,40.0,30.0,3.0,0.029,54.4,20.123,False,False,False,False,False,False,False,False,False,False,False,False,False,False,False,False,False,False,False,False,False,False,False,False,False,False,False,False,False,True
1,0,2.0,25.0,50.0,30.0,3.0,0.029,54.4,23.52,False,False,False,False,False,False,False,False,False,False,False,False,False,False,False,False,False,False,False,False,False,False,False,False,False,False,False,False,False,True
1,0,2.0,25.0,60.0,30.0,3.0,0.029,54.4,25.123,False,False,False,False,False,False,False,False,False,False,False,False,False,False,False,False,False,False,False,False,False,False,False,False,False,False,False,False,False,True
1,0,2.0,25.0,80.0,30.0,3.0,0.029,54.4,26.789,False,False,False,False,False,False,False,False,False,False,False,False,False,False,False,False,False,False,False,False,False,False,False,False,False,False,False,False,False,True
1,0,2.0,25.0,100.0,30.0,3.0,0.029,54.4,27.456,False,False,False,False,False,False,False,False,False,False,False,False,False,False,False,False,False,False,False,False,False,False,False,False,False,False,False,False,False,True
1,0,2.0,25.0,50.0,5.0,3.0,0.029,54.4,23.42,False,False,False,False,False,False,False,False,False,False,False,False,False,False,False,False,False,False,False,False,False,False,False,False,False,False,False,False,False,True
1,0,2.0,25.0,50.0,10.0,3.0,0.029,54.4,23.456,False,False,False,False,False,False,False,False,False,False,False,False,False,False,False,False,False,False,False,False,False,False,False,False,False,False,False,False,False,True
1,0,2.0,25.0,50.0,20.0,3.0,0.029,54.4,23.478,False,False,False,False,False,False,False,False,False,False,False,False,False,False,False,False,False,False,False,False,False,False,False,False,False,False,False,False,False,True
1,0,2.0,25.0,50.0,30.0,3.0,0.029,54.4,23.52,False,False,False,False,False,False,False,False,False,False,False,False,False,False,False,False,False,False,False,False,False,False,False,False,False,False,False,False,False,True
1,0,2.0,25.0,50.0,60.0,3.0,0.029,54.4,23.49,False,False,False,False,False,False,False,False,False,False,False,False,False,False,False,False,False,False,False,False,False,False,False,False,False,False,False,False,False,True
1,0,2.0,25.0,50.0,120.0,3.0,0.029,54.4,23.21,False,False,False,False,False,False,False,False,False,False,False,False,False,False,False,False,False,False,False,False,False,False,False,False,False,False,False,False,False,True
1,0,2.0,25.0,50.0,180.0,3.0,0.029,54.4,22.89,False,False,False,False,False,False,False,False,False,False,False,False,False,False,False,False,False,False,False,False,False,False,False,False,False,False,False,False,False,True
1,0,0.5,25.0,50.0,30.0,3.0,0.029,54.4,28.456,False,False,False,False,False,False,False,False,False,False,False,False,False,False,False,False,False,False,False,False,False,False,False,False,False,False,False,False,False,True
1,0,1.0,25.0,50.0,30.0,3.0,0.029,54.4,25.678,False,False,False,False,False,False,False,False,False,False,False,False,False,False,False,False,False,False,False,False,False,False,False,False,False,False,False,False,False,True
1,0,2.0,25.0,50.0,30.0,3.0,0.029,54.4,23.52,False,False,False,False,False,False,False,False,False,False,False,False,False,False,False,False,False,False,False,False,False,False,False,False,False,False,False,False,False,True
1,0,3.0,25.0,50.0,30.0,3.0,0.029,54.4,18.234,False,False,False,False,False,False,False,False,False,False,False,False,False,False,False,False,False,False,False,False,False,False,False,False,False,False,False,False,False,True
1,0,4.0,25.0,50.0,30.0,3.0,0.029,54.4,14.567,False,False,False,False,False,False,False,False,False,False,False,False,False,False,False,False,False,False,False,False,False,False,False,False,False,False,False,False,False,True
1,0,2.0,25.0,50.0,30.0,3.0,0.029,54.4,23.01,False,False,False,False,False,False,False,False,False,False,False,False,False,False,False,False,False,False,False,False,False,False,False,False,False,False,False,False,False,True
1,0,2.0,25.0,50.0,30.0,3.0,0.029,54.4,22.8,False,False,False,False,False,False,False,False,False,False,False,False,False,False,False,False,False,False,False,False,False,False,False,False,False,False,False,False,False,True
1,0,2.0,25.0,0.3,45.0,7.5,0.029,54.4,0.115,False,False,False,False,False,False,False,False,False,False,False,False,False,False,False,False,False,False,False,False,False,False,False,False,False,False,False,False,False,True
0,0,10.0,20.0,100.0,1440.0,7.0,0.089,73.0866666666667,5.5,False,False,False,False,False,False,False,False,False,False,False,False,False,False,False,False,False,False,False,False,False,False,False,False,False,False,False,False,False,False
0,1,0.6,25.0,50.0,2880.0,3.0,0.015,2.9,3.0,False,False,False,False,False,False,False,False,False,False,False,False,False,False,False,False,False,False,False,False,False,False,False,False,False,False,False,False,False,False
0,1,0.6,25.0,50.0,2880.0,5.0,0.015,2.9,8.0,False,False,False,False,False,False,False,False,False,False,False,False,False,False,False,False,False,False,False,False,False,False,False,False,False,False,False,False,False,False
0,1,0.6,25.0,50.0,2880.0,7.0,0.015,2.9,12.0,False,False,False,False,False,False,False,False,False,False,False,False,False,False,False,False,False,False,False,False,False,False,False,False,False,False,False,False,False,False
0,1,0.6,25.0,10.0,2880.0,5.0,0.015,2.9,5.0,False,False,False,False,False,False,False,False,False,False,False,False,False,False,False,False,False,False,False,False,False,False,False,False,False,False,False,False,False,False
0,1,0.6,25.0,25.0,2880.0,5.0,0.015,2.9,7.0,False,False,False,False,False,False,False,False,False,False,False,False,False,False,False,False,False,False,False,False,False,False,False,False,False,False,False,False,False,False
0,1,0.6,25.0,50.0,2880.0,5.0,0.015,2.9,8.5,False,False,False,False,False,False,False,False,False,False,False,False,False,False,False,False,False,False,False,False,False,False,False,False,False,False,False,False,False,False
0,1,0.6,25.0,100.0,2880.0,5.0,0.015,2.9,9.5,False,False,False,False,False,False,False,False,False,False,False,False,False,False,False,False,False,False,False,False,False,False,False,False,False,False,False,False,False,False
0,1,0.6,25.0,200.0,2880.0,5.0,0.015,2.9,10.2,False,False,False,False,False,False,False,False,False,False,False,False,False,False,False,False,False,False,False,False,False,False,False,False,False,False,False,False,False,False
0,1,0.5,25.0,50.0,360.0,4.0,0.035,0.0795,20.0,False,False,False,False,False,False,False,False,False,False,False,False,False,False,False,False,False,False,False,False,False,False,False,False,False,False,False,False,False,False
0,1,10.0,25.0,31.0,1440.0,7.0,0.015,0.056,12.4,False,False,False,False,False,False,False,False,False,False,False,False,False,False,False,False,False,False,False,False,False,False,False,False,False,False,False,False,False,False
0,1,1.0,23.0,1.0,1440.0,3.0,0.015,0.056,1.034,False,False,False,False,False,False,False,False,False,False,False,False,False,False,False,False,False,False,False,False,False,False,False,False,False,False,False,False,False,False
0,1,1.0,23.0,10.0,1440.0,3.0,0.015,0.056,10.671,False,False,False,False,False,False,False,False,False,False,False,False,False,False,False,False,False,False,False,False,False,False,False,False,False,False,False,False,False,False
0,1,1.0,23.0,150.0,1440.0,3.0,0.015,0.056,101.841,False,False,False,False,False,False,False,False,False,False,False,False,False,False,False,False,False,False,False,False,False,False,False,False,False,False,False,False,False,False
0,1,1.0,23.0,150.0,120.0,3.0,0.035,0.056,104.83,False,False,False,False,False,False,False,False,False,False,False,False,False,False,False,False,False,False,False,False,False,False,False,False,False,False,False,False,False,False
0,1,1.0,23.0,150.0,120.0,3.0,0.035,0.056,98.49,False,False,False,False,False,False,False,False,False,False,False,False,False,False,False,False,False,False,False,False,False,False,False,False,False,False,False,False,False,False
0,1,1.0,23.0,150.0,120.0,5.0,0.035,0.056,30.0,False,False,False,False,False,False,False,False,False,False,False,False,False,False,False,False,False,False,False,False,False,False,False,False,False,False,False,False,False,False
0,1,1.0,23.0,150.0,120.0,7.0,0.035,0.056,7.5,False,False,False,False,False,False,False,False,False,False,False,False,False,False,False,False,False,False,False,False,False,False,False,False,False,False,False,False,False,False
0,1,1.0,23.0,150.0,120.0,9.0,0.035,0.056,15.0,False,False,False,False,False,False,False,False,False,False,False,False,False,False,False,False,False,False,False,False,False,False,False,False,False,False,False,False,False,False
0,1,1.0,23.0,150.0,120.0,11.0,0.035,0.056,4.5,False,False,False,False,False,False,False,False,False,False,False,False,False,False,False,False,False,False,False,False,False,False,False,False,False,False,False,False,False,False
0,1,1.0,23.0,1.0,360.0,3.0,0.035,0.056,25.0,False,False,False,False,False,False,False,False,False,False,False,False,False,False,False,False,False,False,False,False,False,False,False,False,False,False,False,False,False,False
0,1,1.0,23.0,10.0,360.0,3.0,0.035,0.056,65.0,False,False,False,False,False,False,False,False,False,False,False,False,False,False,False,False,False,False,False,False,False,False,False,False,False,False,False,False,False,False
0,1,1.0,23.0,50.0,360.0,3.0,0.035,0.056,95.0,False,False,False,False,False,False,False,False,False,False,False,False,False,False,False,False,False,False,False,False,False,False,False,False,False,False,False,False,False,False
0,1,1.0,23.0,100.0,360.0,3.0,0.035,0.056,118.0,False,False,False,False,False,False,False,False,False,False,False,False,False,False,False,False,False,False,False,False,False,False,False,False,False,False,False,False,False,False
0,1,1.0,23.0,150.0,360.0,3.0,0.035,0.056,135.0,False,False,False,False,False,False,False,False,False,False,False,False,False,False,False,False,False,False,False,False,False,False,False,False,False,False,False,False,False,False
0,1,1.0,23.0,200.0,360.0,3.0,0.035,0.056,140.0,False,False,False,False,False,False,False,False,False,False,False,False,False,False,False,False,False,False,False,False,False,False,False,False,False,False,False,False,False,False
0,1,1.0,23.0,150.0,360.0,3.0,0.035,0.056,101.0,False,False,False,False,False,False,False,False,False,False,False,False,False,False,False,False,False,False,False,False,False,False,False,False,False,False,False,False,False,False
0,1,1.0,23.0,150.0,360.0,3.0,0.035,0.056,96.0,False,False,False,False,False,False,False,False,False,False,False,False,False,False,False,False,False,False,False,False,False,False,False,False,False,False,False,False,False,False
0,1,1.0,23.0,150.0,360.0,3.0,0.035,0.056,89.0,False,False,False,False,False,False,False,False,False,False,False,False,False,False,False,False,False,False,False,False,False,False,False,False,False,False,False,False,False,False
0,1,1.0,23.0,10.0,360.0,3.0,0.035,0.056,10.7,False,False,False,False,False,False,False,False,False,False,False,False,False,False,False,False,False,False,False,False,False,False,False,False,False,False,False,False,False,False
0,1,1.0,23.0,10.0,360.0,3.0,0.035,0.056,9.5,False,False,False,False,False,False,False,False,False,False,False,False,False,False,False,False,False,False,False,False,False,False,False,False,False,False,False,False,False,False
0,1,1.0,23.0,10.0,360.0,3.0,0.035,0.056,8.3,False,False,False,False,False,False,False,False,False,False,False,False,False,False,False,False,False,False,False,False,False,False,False,False,False,False,False,False,False,False
0,1,1.0,23.0,1.4,120.0,3.0,0.035,0.056,0.98,False,False,False,False,False,False,False,False,False,False,False,False,False,False,False,False,False,False,False,False,False,False,False,False,False,False,False,False,False,False
0,1,1.0,23.0,1.4,1440.0,3.0,0.015,0.056,1.09,False,False,False,False,False,False,False,False,False,False,False,False,False,False,False,False,False,False,False,False,False,False,False,False,False,False,False,False,False,False
0,0,1.0,23.0,1.0,1440.0,3.0,0.089,0.103,0.649,False,False,False,False,False,False,False,False,False,False,False,False,False,False,False,False,False,False,False,False,False,False,False,False,False,False,False,False,False,False
0,0,1.0,23.0,10.0,1440.0,3.0,0.089,0.103,9.006,False,False,False,False,False,False,False,False,False,False,False,False,False,False,False,False,False,False,False,False,False,False,False,False,False,False,False,False,False,False
0,0,1.0,23.0,150.0,1440.0,3.0,0.089,0.103,79.992,False,False,False,False,False,False,False,False,False,False,False,False,False,False,False,False,False,False,False,False,False,False,False,False,False,False,False,False,False,False
0,0,1.0,23.0,150.0,120.0,3.0,0.035,0.103,79.99,False,False,False,False,False,False,False,False,False,False,False,False,False,False,False,False,False,False,False,False,False,False,False,False,False,False,False,False,False,False
0,0,1.0,23.0,150.0,120.0,3.0,0.035,0.103,73.41,False,False,False,False,False,False,False,False,False,False,False,False,False,False,False,False,False,False,False,False,False,False,False,False,False,False,False,False,False,False
0,0,1.0,23.0,1.0,360.0,3.0,0.035,0.103,15.0,False,False,False,False,False,False,False,False,False,False,False,False,False,False,False,False,False,False,False,False,False,False,False,False,False,False,False,False,False,False
0,0,1.0,23.0,10.0,360.0,3.0,0.035,0.103,35.0,False,False,False,False,False,False,False,False,False,False,False,False,False,False,False,False,False,False,False,False,False,False,False,False,False,False,False,False,False,False
0,0,1.0,23.0,50.0,360.0,3.0,0.035,0.103,60.0,False,False,False,False,False,False,False,False,False,False,False,False,False,False,False,False,False,False,False,False,False,False,False,False,False,False,False,False,False,False
0,0,1.0,23.0,100.0,360.0,3.0,0.035,0.103,78.0,False,False,False,False,False,False,False,False,False,False,False,False,False,False,False,False,False,False,False,False,False,False,False,False,False,False,False,False,False,False
0,0,1.0,23.0,150.0,360.0,3.0,0.035,0.103,85.0,False,False,False,False,False,False,False,False,False,False,False,False,False,False,False,False,False,False,False,False,False,False,False,False,False,False,False,False,False,False
0,0,1.0,23.0,200.0,360.0,3.0,0.035,0.103,88.0,False,False,False,False,False,False,False,False,False,False,False,False,False,False,False,False,False,False,False,False,False,False,False,False,False,False,False,False,False,False
0,0,1.0,23.0,150.0,360.0,3.0,0.035,0.103,80.0,False,False,False,False,False,False,False,False,False,False,False,False,False,False,False,False,False,False,False,False,False,False,False,False,False,False,False,False,False,False
0,0,1.0,23.0,150.0,360.0,3.0,0.035,0.103,86.0,False,False,False,False,False,False,False,False,False,False,False,False,False,False,False,False,False,False,False,False,False,False,False,False,False,False,False,False,False,False
0,0,1.0,23.0,150.0,360.0,3.0,0.035,0.103,78.0,False,False,False,False,False,False,False,False,False,False,False,False,False,False,False,False,False,False,False,False,False,False,False,False,False,False,False,False,False,False
0,0,1.0,23.0,10.0,360.0,3.0,0.035,0.103,9.5,False,False,False,False,False,False,False,False,False,False,False,False,False,False,False,False,False,False,False,False,False,False,False,False,False,False,False,False,False,False
0,0,1.0,23.0,10.0,360.0,3.0,0.035,0.103,7.0,False,False,False,False,False,False,False,False,False,False,False,False,False,False,False,False,False,False,False,False,False,False,False,False,False,False,False,False,False,False
0,0,1.0,23.0,10.0,360.0,3.0,0.035,0.103,7.0,False,False,False,False,False,False,False,False,False,False,False,False,False,False,False,False,False,False,False,False,False,False,False,False,False,False,False,False,False,False
0,0,2.0,25.0,100.0,9.81366459627329,7.0,0.0896666666666667,54.4,3.19004524886877,False,False,False,False,False,False,False,False,False,False,False,False,False,False,False,False,False,False,False,False,False,False,False,False,False,False,False,False,False,False
0,0,2.0,25.0,100.0,20.0,7.0,0.0896666666666667,54.4,3.98190045248869,False,False,False,False,False,False,False,False,False,False,False,False,False,False,False,False,False,False,False,False,False,False,False,False,False,False,False,False,False,False
0,0,2.0,25.0,100.0,29.8136645962732,7.0,0.0896666666666667,54.4,5.0,False,False,False,False,False,False,False,False,False,False,False,False,False,False,False,False,False,False,False,False,False,False,False,False,False,False,False,False,False,False
0,0,2.0,25.0,100.0,40.0,7.0,0.0896666666666667,54.4,7.14932126696832,False,False,False,False,False,False,False,False,False,False,False,False,False,False,False,False,False,False,False,False,False,False,False,False,False,False,False,False,False,False
0,0,2.0,25.0,100.0,49.9378881987577,7.0,0.0896666666666667,0.056,7.48868778280543,False,False,False,False,False,False,False,False,False,False,False,False,False,False,False,False,False,False,False,False,False,False,False,False,False,False,False,False,False,False
0,0,2.0,25.0,100.0,59.8757763975155,7.0,0.0896666666666667,0.056,7.82805429864253,False,False,False,False,False,False,False,False,False,False,False,False,False,False,False,False,False,False,False,False,False,False,False,False,False,False,False,False,False,False
0,1,1.0,30.0,100.0,90.0,3.0,0.035,8.5,33.9,False,False,False,False,False,False,False,False,False,False,False,False,False,False,False,False,False,False,False,False,False,False,False,False,False,False,False,False,False,False
0,1,1.0,30.0,10.0,180.0,2.0,0.035,8.5,7.234,False,False,False,False,False,False,False,False,False,False,False,False,False,False,False,False,False,False,False,False,False,False,False,False,False,False,False,False,False,False
0,1,1.0,30.0,10.0,180.0,3.0,0.035,8.5,8.692,False,False,False,False,False,False,False,False,False,False,False,False,False,False,False,False,False,False,False,False,False,False,False,False,False,False,False,False,False,False
0,1,1.0,30.0,10.0,180.0,4.0,0.035,8.5,8.123,False,False,False,False,False,False,False,False,False,False,False,False,False,False,False,False,False,False,False,False,False,False,False,False,False,False,False,False,False,False
0,1,1.0,30.0,10.0,180.0,5.0,0.035,8.5,7.456,False,False,False,False,False,False,False,False,False,False,False,False,False,False,False,False,False,False,False,False,False,False,False,False,False,False,False,False,False,False
0,1,1.0,30.0,10.0,180.0,6.0,0.035,8.5,6.234,False,False,False,False,False,False,False,False,False,False,False,False,False,False,False,False,False,False,False,False,False,False,False,False,False,False,False,False,False,False
0,1,1.0,30.0,10.0,180.0,7.0,0.035,8.5,4.876,False,False,False,False,False,False,False,False,False,False,False,False,False,False,False,False,False,False,False,False,False,False,False,False,False,False,False,False,False,False
0,1,1.0,30.0,10.0,180.0,8.0,0.035,8.5,3.432,False,False,False,False,False,False,False,False,False,False,False,False,False,False,False,False,False,False,False,False,False,False,False,False,False,False,False,False,False,False
0,1,1.0,30.0,10.0,180.0,9.0,0.035,8.5,2.345,False,False,False,False,False,False,False,False,False,False,False,False,False,False,False,False,False,False,False,False,False,False,False,False,False,False,False,False,False,False
0,1,1.0,30.0,10.0,180.0,3.0,0.035,8.5,8.692,False,False,False,False,False,False,False,False,False,False,False,False,False,False,False,False,False,False,False,False,False,False,False,False,False,False,False,False,False,False
0,1,1.0,30.0,20.0,180.0,3.0,0.035,8.5,15.234,False,False,False,False,False,False,False,False,False,False,False,False,False,False,False,False,False,False,False,False,False,False,False,False,False,False,False,False,False,False
0,1,1.0,30.0,30.0,180.0,3.0,0.035,8.5,20.567,False,False,False,False,False,False,False,False,False,False,False,False,False,False,False,False,False,False,False,False,False,False,False,False,False,False,False,False,False,False
0,1,1.0,30.0,40.0,180.0,3.0,0.035,8.5,24.789,False,False,False,False,False,False,False,False,False,False,False,False,False,False,False,False,False,False,False,False,False,False,False,False,False,False,False,False,False,False
0,1,1.0,30.0,50.0,180.0,3.0,0.035,8.5,28.123,False,False,False,False,False,False,False,False,False,False,False,False,False,False,False,False,False,False,False,False,False,False,False,False,False,False,False,False,False,False
0,1,1.0,30.0,60.0,180.0,3.0,0.035,8.5,30.456,False,False,False,False,False,False,False,False,False,False,False,False,False,False,False,False,False,False,False,False,False,False,False,False,False,False,False,False,False,False
0,1,1.0,30.0,80.0,180.0,3.0,0.035,8.5,32.345,False,False,False,False,False,False,False,False,False,False,False,False,False,False,False,False,False,False,False,False,False,False,False,False,False,False,False,False,False,False
0,1,1.0,30.0,100.0,180.0,3.0,0.035,8.5,33.9,False,False,False,False,False,False,False,False,False,False,False,False,False,False,False,False,False,False,False,False,False,False,False,False,False,False,False,False,False,False
0,1,1.0,30.0,10.0,10.0,3.0,0.035,8.5,3.123,False,False,False,False,False,False,False,False,False,False,False,False,False,False,False,False,False,False,False,False,False,False,False,False,False,False,False,False,False,False
0,1,1.0,30.0,10.0,20.0,3.0,0.035,8.5,5.678,False,False,False,False,False,False,False,False,False,False,False,False,False,False,False,False,False,False,False,False,False,False,False,False,False,False,False,False,False,False
0,1,1.0,30.0,10.0,30.0,3.0,0.035,8.5,7.234,False,False,False,False,False,False,False,False,False,False,False,False,False,False,False,False,False,False,False,False,False,False,False,False,False,False,False,False,False,False
0,1,1.0,30.0,10.0,40.0,3.0,0.035,8.5,8.234,False,False,False,False,False,False,False,False,False,False,False,False,False,False,False,False,False,False,False,False,False,False,False,False,False,False,False,False,False,False
0,1,1.0,30.0,10.0,50.0,3.0,0.035,8.5,8.567,False,False,False,False,False,False,False,False,False,False,False,False,False,False,False,False,False,False,False,False,False,False,False,False,False,False,False,False,False,False
0,1,1.0,30.0,10.0,60.0,3.0,0.035,8.5,8.765,False,False,False,False,False,False,False,False,False,False,False,False,False,False,False,False,False,False,False,False,False,False,False,False,False,False,False,False,False,False
0,1,1.0,30.0,10.0,90.0,3.0,0.035,8.5,8.87,False,False,False,False,False,False,False,False,False,False,False,False,False,False,False,False,False,False,False,False,False,False,False,False,False,False,False,False,False,False
0,1,1.0,30.0,10.0,120.0,3.0,0.035,8.5,8.87,False,False,False,False,False,False,False,False,False,False,False,False,False,False,False,False,False,False,False,False,False,False,False,False,False,False,False,False,False,False
0,1,0.2,30.0,10.0,180.0,3.0,0.035,8.5,26.45,False,False,False,False,False,False,False,False,False,False,False,False,False,False,False,False,False,False,False,False,False,False,False,False,False,False,False,False,False,False
0,1,0.4,30.0,10.0,180.0,3.0,0.035,8.5,19.23,False,False,False,False,False,False,False,False,False,False,False,False,False,False,False,False,False,False,False,False,False,False,False,False,False,False,False,False,False,False
0,1,0.6,30.0,10.0,180.0,3.0,0.035,8.5,12.34,False,False,False,False,False,False,False,False,False,False,False,False,False,False,False,False,False,False,False,False,False,False,False,False,False,False,False,False,False,False
0,1,0.8,30.0,10.0,180.0,3.0,0.035,8.5,7.89,False,False,False,False,False,False,False,False,False,False,False,False,False,False,False,False,False,False,False,False,False,False,False,False,False,False,False,False,False,False
0,1,1.0,30.0,10.0,180.0,3.0,0.035,8.5,6.89,False,False,False,False,False,False,False,False,False,False,False,False,False,False,False,False,False,False,False,False,False,False,False,False,False,False,False,False,False,False
0,1,1.2,30.0,10.0,180.0,3.0,0.035,8.5,6.12,False,False,False,False,False,False,False,False,False,False,False,False,False,False,False,False,False,False,False,False,False,False,False,False,False,False,False,False,False,False
0,1,1.5,30.0,10.0,180.0,3.0,0.035,8.5,5.23,False,False,False,False,False,False,False,False,False,False,False,False,False,False,False,False,False,False,False,False,False,False,False,False,False,False,False,False,False,False
0,1,2.0,30.0,10.0,180.0,3.0,0.035,8.5,4.58,False,False,False,False,False,False,False,False,False,False,False,False,False,False,False,False,False,False,False,False,False,False,False,False,False,False,False,False,False,False
0,1,1.0,40.0,100.0,90.0,3.0,0.035,8.5,25.126,False,False,False,False,False,False,False,False,False,False,False,False,False,False,False,False,False,False,False,False,False,False,False,False,False,False,False,False,False,False
0,1,1.0,50.0,100.0,90.0,3.0,0.035,8.5,23.256,False,False,False,False,False,False,False,False,False,False,False,False,False,False,False,False,False,False,False,False,False,False,False,False,False,False,False,False,False,False
0,1,1.0,30.0,10.0,180.0,3.0,0.035,8.5,6.89,False,False,False,False,False,False,False,False,False,False,False,False,False,False,False,False,False,False,False,False,False,False,False,False,False,False,False,False,False,False
0,0,0.1,25.0,5.0,1440.0,7.0,0.089,73.0866666666667,7.2,False,False,False,False,False,False,False,False,False,False,False,False,False,False,False,False,False,False,False,False,False,False,False,False,False,False,False,False,False,False
0,0,0.3,25.0,5.0,1440.0,7.0,0.089,73.0866666666667,3.2,False,False,False,False,False,False,False,False,False,False,False,False,False,False,False,False,False,False,False,False,False,False,False,False,False,False,False,False,False,False
0,0,0.5,25.0,5.0,1440.0,7.0,0.089,73.0866666666667,1.3,False,False,False,False,False,False,False,False,False,False,False,False,False,False,False,False,False,False,False,False,False,False,False,False,False,False,False,False,False,False
0,0,0.7,25.0,5.0,1440.0,7.0,0.089,73.0866666666667,1.4,False,False,False,False,False,False,False,False,False,False,False,False,False,False,False,False,False,False,False,False,False,False,False,False,False,False,False,False,False,False
0,0,0.9,25.0,5.0,1440.0,7.0,0.089,73.0866666666667,0.8,False,False,False,False,False,False,False,False,False,False,False,False,False,False,False,False,False,False,False,False,False,False,False,False,False,False,False,False,False,False
0,0,1.1,25.0,5.0,1440.0,7.0,0.089,73.0866666666667,0.7,False,False,False,False,False,False,False,False,False,False,False,False,False,False,False,False,False,False,False,False,False,False,False,False,False,False,False,False,False,False
0,0,1.3,25.0,5.0,1440.0,7.0,0.089,73.0866666666667,0.6,False,False,False,False,False,False,False,False,False,False,False,False,False,False,False,False,False,False,False,False,False,False,False,False,False,False,False,False,False,False
0,0,1.5,25.0,5.0,1440.0,7.0,0.089,73.0866666666667,0.5,False,False,False,False,False,False,False,False,False,False,False,False,False,False,False,False,False,False,False,False,False,False,False,False,False,False,False,False,False,False
0,0,1.7,25.0,5.0,1440.0,7.0,0.089,73.0866666666667,0.4,False,False,False,False,False,False,False,False,False,False,False,False,False,False,False,False,False,False,False,False,False,False,False,False,False,False,False,False,False,False
0,0,1.9,25.0,5.0,1440.0,7.0,0.089,73.0866666666667,0.3,False,False,False,False,False,False,False,False,False,False,False,False,False,False,False,False,False,False,False,False,False,False,False,False,False,False,False,False,False,False
0,0,2.0,25.0,30.0,1440.0,5.25,0.089,73.0866666666667,8.893,False,False,False,False,False,False,False,False,False,False,False,False,False,False,False,False,False,False,False,False,False,False,False,False,False,False,False,False,False,False
0,0,2.0,25.0,30.0,1440.0,5.25,0.089,73.0866666666667,9.26,False,False,False,False,False,False,False,False,False,False,False,False,False,False,False,False,False,False,False,False,False,False,False,False,False,False,False,False,False,False
0,0,2.0,25.0,30.0,1440.0,5.25,0.089,73.0866666666667,14.1,False,False,False,False,False,False,False,False,False,False,False,False,False,False,False,False,False,False,False,False,False,False,False,False,False,False,False,False,False,False
0,0,2.0,25.0,30.0,1440.0,5.25,0.089,73.0866666666667,15.2,False,False,False,False,False,False,False,False,False,False,False,False,False,False,False,False,False,False,False,False,False,False,False,False,False,False,False,False,False,False
0,0,2.0,25.0,30.0,1.0,5.25,0.0828333333333333,54.4,2.232,False,False,False,False,False,False,False,False,False,False,False,False,False,False,False,False,False,False,False,False,False,False,False,False,False,False,False,False,False,False
0,0,2.0,25.0,30.0,5.0,5.25,0.0828333333333333,54.4,5.456,False,False,False,False,False,False,False,False,False,False,False,False,False,False,False,False,False,False,False,False,False,False,False,False,False,False,False,False,False,False
0,0,2.0,25.0,30.0,15.0,5.25,0.0828333333333333,54.4,7.286,False,False,False,False,False,False,False,False,False,False,False,False,False,False,False,False,False,False,False,False,False,False,False,False,False,False,False,False,False,False
0,0,2.0,25.0,30.0,30.0,5.25,0.0828333333333333,54.4,8.03,False,False,False,False,False,False,False,False,False,False,False,False,False,False,False,False,False,False,False,False,False,False,False,False,False,False,False,False,False,False
0,0,2.0,25.0,30.0,60.0,5.25,0.0828333333333333,79.4866666666667,8.432,False,False,False,False,False,False,False,False,False,False,False,False,False,False,False,False,False,False,False,False,False,False,False,False,False,False,False,False,False,False
0,0,2.0,25.0,30.0,120.0,5.25,0.0828333333333333,34.0916666666667,8.74,False,False,False,False,False,False,False,False,False,False,False,False,False,False,False,False,False,False,False,False,False,False,False,False,False,False,False,False,False,False
0,0,2.0,25.0,30.0,240.0,5.25,0.0828333333333333,34.0916666666667,8.83,False,False,False,False,False,False,False,False,False,False,False,False,False,False,False,False,False,False,False,False,False,False,False,False,False,False,False,False,False,False
0,0,2.0,25.0,30.0,480.0,5.25,0.0828333333333333,108.207105263158,8.88,False,False,False,False,False,False,False,False,False,False,False,False,False,False,False,False,False,False,False,False,False,False,False,False,False,False,False,False,False,False
0,0,2.0,25.0,30.0,720.0,5.25,0.089,108.207105263158,8.893,False,False,False,False,False,False,False,False,False,False,False,False,False,False,False,False,False,False,False,False,False,False,False,False,False,False,False,False,False,False
0,0,2.0,25.0,30.0,1440.0,5.25,0.089,73.0866666666667,8.893,False,False,False,False,False,False,False,False,False,False,False,False,False,False,False,False,False,False,False,False,False,False,False,False,False,False,False,False,False,False
0,0,2.0,25.0,30.0,1.0,5.25,0.0828333333333333,54.4,6.82,False,False,False,False,False,False,False,False,False,False,False,False,False,False,False,False,False,False,False,False,False,False,False,False,False,False,False,False,False,False
0,0,2.0,25.0,30.0,5.0,5.25,0.0828333333333333,54.4,9.982,False,False,False,False,False,False,False,False,False,False,False,False,False,False,False,False,False,False,False,False,False,False,False,False,False,False,False,False,False,False
0,0,2.0,25.0,30.0,15.0,5.25,0.0828333333333333,54.4,11.593,False,False,False,False,False,False,False,False,False,False,False,False,False,False,False,False,False,False,False,False,False,False,False,False,False,False,False,False,False,False
0,0,2.0,25.0,30.0,30.0,5.25,0.0828333333333333,54.4,12.214,False,False,False,False,False,False,False,False,False,False,False,False,False,False,False,False,False,False,False,False,False,False,False,False,False,False,False,False,False,False
0,0,2.0,25.0,30.0,60.0,5.25,0.0828333333333333,79.4866666666667,12.833,False,False,False,False,False,False,False,False,False,False,False,False,False,False,False,False,False,False,False,False,False,False,False,False,False,False,False,False,False,False
0,0,2.0,25.0,30.0,120.0,5.25,0.0828333333333333,34.0916666666667,13.3,False,False,False,False,False,False,False,False,False,False,False,False,False,False,False,False,False,False,False,False,False,False,False,False,False,False,False,False,False,False
0,0,2.0,25.0,30.0,240.0,5.25,0.0828333333333333,34.0916666666667,13.6,False,False,False,False,False,False,False,False,False,False,False,False,False,False,False,False,False,False,False,False,False,False,False,False,False,False,False,False,False,False
0,0,2.0,25.0,30.0,480.0,5.25,0.0828333333333333,108.207105263158,13.9,False,False,False,False,False,False,False,False,False,False,False,False,False,False,False,False,False,False,False,False,False,False,False,False,False,False,False,False,False,False
0,0,2.0,25.0,30.0,720.0,5.25,0.089,108.207105263158,14.05,False,False,False,False,False,False,False,False,False,False,False,False,False,False,False,False,False,False,False,False,False,False,False,False,False,False,False,False,False,False
0,0,2.0,25.0,30.0,1440.0,5.25,0.089,73.0866666666667,14.1,False,False,False,False,False,False,False,False,False,False,False,False,False,False,False,False,False,False,False,False,False,False,False,False,False,False,False,False,False,False
0,0,2.0,25.0,30.0,1440.0,5.25,0.089,73.0866666666667,6.82,False,False,False,False,False,False,False,False,False,False,False,False,False,False,False,False,False,False,False,False,False,False,False,False,False,False,False,False,False,False
0,0,2.0,25.0,60.0,1440.0,5.25,0.089,73.0866666666667,9.455,False,False,False,False,False,False,False,False,False,False,False,False,False,False,False,False,False,False,False,False,False,False,False,False,False,False,False,False,False,False
0,0,2.0,25.0,90.0,1440.0,5.25,0.089,73.0866666666667,12.276,False,False,False,False,False,False,False,False,False,False,False,False,False,False,False,False,False,False,False,False,False,False,False,False,False,False,False,False,False,False
0,0,2.0,25.0,30.0,1440.0,5.25,0.089,73.0866666666667,12.462,False,False,False,False,False,False,False,False,False,False,False,False,False,False,False,False,False,False,False,False,False,False,False,False,False,False,False,False,False,False
0,0,2.0,25.0,60.0,1440.0,5.25,0.089,73.0866666666667,21.046,False,False,False,False,False,False,False,False,False,False,False,False,False,False,False,False,False,False,False,False,False,False,False,False,False,False,False,False,False,False
0,0,2.0,25.0,90.0,1440.0,5.25,0.089,73.0866666666667,25.049,False,False,False,False,False,False,False,False,False,False,False,False,False,False,False,False,False,False,False,False,False,False,False,False,False,False,False,False,False,False
0,0,2.0,25.0,30.0,1440.0,5.25,0.089,73.0866666666667,9.796,False,False,False,False,False,False,False,False,False,False,False,False,False,False,False,False,False,False,False,False,False,False,False,False,False,False,False,False,False,False
0,0,2.0,25.0,60.0,1440.0,5.25,0.089,73.0866666666667,18.289,False,False,False,False,False,False,False,False,False,False,False,False,False,False,False,False,False,False,False,False,False,False,False,False,False,False,False,False,False,False
0,0,2.0,25.0,90.0,1440.0,5.25,0.089,73.0866666666667,23.251,False,False,False,False,False,False,False,False,False,False,False,False,False,False,False,False,False,False,False,False,False,False,False,False,False,False,False,False,False,False
0,0,2.0,25.0,30.0,1440.0,5.25,0.089,73.0866666666667,11.129,False,False,False,False,False,False,False,False,False,False,False,False,False,False,False,False,False,False,False,False,False,False,False,False,False,False,False,False,False,False
0,0,2.0,25.0,60.0,1440.0,5.25,0.089,73.0866666666667,20.306,False,False,False,False,False,False,False,False,False,False,False,False,False,False,False,False,False,False,False,False,False,False,False,False,False,False,False,False,False,False
0,0,2.0,25.0,90.0,1440.0,5.25,0.089,73.0866666666667,24.613,False,False,False,False,False,False,False,False,False,False,False,False,False,False,False,False,False,False,False,False,False,False,False,False,False,False,False,False,False,False
0,1,1.0,22.0,9.5,30.0,3.0,0.035,13.629,2.973,False,False,False,False,False,False,False,False,False,False,False,False,False,False,False,False,False,False,False,False,False,False,False,False,False,False,False,False,False,False
0,1,1.0,22.0,47.48,30.0,3.0,0.035,13.629,11.159,False,False,False,False,False,False,False,False,False,False,False,False,False,False,False,False,False,False,False,False,False,False,False,False,False,False,False,False,False,False
0,1,1.0,22.0,94.97,30.0,3.0,0.035,13.629,17.123,False,False,False,False,False,False,False,False,False,False,False,False,False,False,False,False,False,False,False,False,False,False,False,False,False,False,False,False,False,False
0,1,1.0,22.0,9.5,30.0,3.0,0.035,13.629,1.629,False,False,False,False,False,False,False,False,False,False,False,False,False,False,False,False,False,False,False,False,False,False,False,False,False,False,False,False,False,False
0,1,1.0,22.0,47.48,30.0,3.0,0.035,13.629,6.662,False,False,False,False,False,False,False,False,False,False,False,False,False,False,False,False,False,False,False,False,False,False,False,False,False,False,False,False,False,False
0,1,1.0,22.0,94.97,30.0,3.0,0.035,13.629,8.319,False,False,False,False,False,False,False,False,False,False,False,False,False,False,False,False,False,False,False,False,False,False,False,False,False,False,False,False,False,False
0,1,1.0,22.0,9.5,30.0,3.0,0.035,13.629,1.724,False,False,False,False,False,False,False,False,False,False,False,False,False,False,False,False,False,False,False,False,False,False,False,False,False,False,False,False,False,False
0,1,1.0,22.0,47.48,30.0,3.0,0.035,13.629,6.677,False,False,False,False,False,False,False,False,False,False,False,False,False,False,False,False,False,False,False,False,False,False,False,False,False,False,False,False,False,False
0,1,1.0,22.0,94.97,30.0,3.0,0.035,13.629,10.546,False,False,False,False,False,False,False,False,False,False,False,False,False,False,False,False,False,False,False,False,False,False,False,False,False,False,False,False,False,False
0,1,1.0,22.0,9.5,120.0,3.0,0.035,13.0846930232558,8.091,False,False,False,False,False,False,False,False,False,False,False,False,False,False,False,False,False,False,False,False,False,False,False,False,False,False,False,False,False,False
0,1,1.0,22.0,47.48,120.0,3.0,0.035,13.0846930232558,34.607,False,False,False,False,False,False,False,False,False,False,False,False,False,False,False,False,False,False,False,False,False,False,False,False,False,False,False,False,False,False
0,1,1.0,22.0,94.97,120.0,3.0,0.035,13.0846930232558,53.696,False,False,False,False,False,False,False,False,False,False,False,False,False,False,False,False,False,False,False,False,False,False,False,False,False,False,False,False,False,False
0,1,1.0,22.0,9.5,120.0,3.0,0.035,13.0846930232558,2.512,False,False,False,False,False,False,False,False,False,False,False,False,False,False,False,False,False,False,False,False,False,False,False,False,False,False,False,False,False,False
0,1,1.0,22.0,47.48,120.0,3.0,0.035,13.0846930232558,10.26,False,False,False,False,False,False,False,False,False,False,False,False,False,False,False,False,False,False,False,False,False,False,False,False,False,False,False,False,False,False
0,1,1.0,22.0,94.97,120.0,3.0,0.035,13.0846930232558,17.272,False,False,False,False,False,False,False,False,False,False,False,False,False,False,False,False,False,False,False,False,False,False,False,False,False,False,False,False,False,False
0,1,1.0,22.0,9.5,120.0,3.0,0.035,13.0846930232558,3.044,False,False,False,False,False,False,False,False,False,False,False,False,False,False,False,False,False,False,False,False,False,False,False,False,False,False,False,False,False,False
0,1,1.0,22.0,47.48,120.0,3.0,0.035,13.0846930232558,12.443,False,False,False,False,False,False,False,False,False,False,False,False,False,False,False,False,False,False,False,False,False,False,False,False,False,False,False,False,False,False
0,1,1.0,22.0,94.97,120.0,3.0,0.035,13.0846930232558,17.211,False,False,False,False,False,False,False,False,False,False,False,False,False,False,False,False,False,False,False,False,False,False,False,False,False,False,False,False,False,False
0,0,1.0,22.0,3.1,0.0,4.0,0.035,13.629,0.0,False,False,False,False,False,False,False,False,False,False,False,False,False,False,False,False,False,False,False,False,False,False,False,False,False,False,False,False,False,False
0,0,1.0,22.0,3.1,30.0,4.0,0.035,13.629,1.4,False,False,False,False,False,False,False,False,False,False,False,False,False,False,False,False,False,False,False,False,False,False,False,False,False,False,False,False,False,False
0,0,1.0,22.0,3.1,60.0,4.0,0.035,13.0846930232558,1.55,False,False,False,False,False,False,False,False,False,False,False,False,False,False,False,False,False,False,False,False,False,False,False,False,False,False,False,False,False,False
0,0,1.0,22.0,3.1,90.0,4.0,0.035,13.0846930232558,1.77,False,False,False,False,False,False,False,False,False,False,False,False,False,False,False,False,False,False,False,False,False,False,False,False,False,False,False,False,False,False
0,0,1.0,22.0,3.1,120.0,4.0,0.035,13.0846930232558,1.61,False,False,False,False,False,False,False,False,False,False,False,False,False,False,False,False,False,False,False,False,False,False,False,False,False,False,False,False,False,False
0,0,1.0,22.0,3.1,180.0,4.0,0.035,13.0846930232558,1.3,False,False,False,False,False,False,False,False,False,False,False,False,False,False,False,False,False,False,False,False,False,False,False,False,False,False,False,False,False,False
0,0,1.0,22.0,3.1,240.0,4.0,0.035,13.0846930232558,1.09,False,False,False,False,False,False,False,False,False,False,False,False,False,False,False,False,False,False,False,False,False,False,False,False,False,False,False,False,False,False
0,0,1.0,22.0,3.1,300.0,4.0,0.035,13.0846930232558,0.93,False,False,False,False,False,False,False,False,False,False,False,False,False,False,False,False,False,False,False,False,False,False,False,False,False,False,False,False,False,False
0,0,1.0,22.0,15.5,60.0,4.0,0.035,13.0846930232558,4.37,False,False,False,False,False,False,False,False,False,False,False,False,False,False,False,False,False,False,False,False,False,False,False,False,False,False,False,False,False,False
0,0,1.0,22.0,31.0,60.0,4.0,0.035,13.0846930232558,6.54,False,False,False,False,False,False,False,False,False,False,False,False,False,False,False,False,False,False,False,False,False,False,False,False,False,False,False,False,False,False
0,0,1.0,22.0,2.17,90.0,4.0,0.035,13.0846930232558,1.55,False,False,False,False,False,False,False,False,False,False,False,False,False,False,False,False,False,False,False,False,False,False,False,False,False,False,False,False,False,False
0,0,1.0,22.0,4.65,90.0,4.0,0.035,13.0846930232558,3.1,False,False,False,False,False,False,False,False,False,False,False,False,False,False,False,False,False,False,False,False,False,False,False,False,False,False,False,False,False,False
0,0,1.0,22.0,8.37,90.0,4.0,0.035,13.0846930232558,5.27,False,False,False,False,False,False,False,False,False,False,False,False,False,False,False,False,False,False,False,False,False,False,False,False,False,False,False,False,False,False
0,0,1.0,22.0,14.26,90.0,4.0,0.035,13.0846930232558,8.06,False,False,False,False,False,False,False,False,False,False,False,False,False,False,False,False,False,False,False,False,False,False,False,False,False,False,False,False,False,False
0,0,1.0,22.0,23.25,90.0,4.0,0.035,13.0846930232558,10.85,False,False,False,False,False,False,False,False,False,False,False,False,False,False,False,False,False,False,False,False,False,False,False,False,False,False,False,False,False,False
0,0,1.0,22.0,34.72,90.0,4.0,0.035,13.0846930232558,13.02,False,False,False,False,False,False,False,False,False,False,False,False,False,False,False,False,False,False,False,False,False,False,False,False,False,False,False,False,False,False
0,0,1.0,22.0,52.08,90.0,4.0,0.035,13.0846930232558,14.88,False,False,False,False,False,False,False,False,False,False,False,False,False,False,False,False,False,False,False,False,False,False,False,False,False,False,False,False,False,False
0,0,1.0,22.0,77.5,90.0,4.0,0.035,13.0846930232558,15.5,False,False,False,False,False,False,False,False,False,False,False,False,False,False,False,False,False,False,False,False,False,False,False,False,False,False,False,False,False,False
0,0,1.0,22.0,3.1,120.0,4.0,0.035,13.0846930232558,3.04,False,False,False,False,False,False,False,False,False,False,False,False,False,False,False,False,False,False,False,False,False,False,False,False,False,False,False,False,False,False
0,0,1.0,22.0,3.1,120.0,5.0,0.035,34.0916666666667,2.17,False,False,False,False,False,False,False,False,False,False,False,False,False,False,False,False,False,False,False,False,False,False,False,False,False,False,False,False,False,False
0,0,1.0,22.0,3.1,120.0,6.0,0.035,34.0916666666667,1.09,False,False,False,False,False,False,False,False,False,False,False,False,False,False,False,False,False,False,False,False,False,False,False,False,False,False,False,False,False,False
0,0,1.0,22.0,3.1,120.0,7.0,0.035,34.0916666666667,0.56,False,False,False,False,False,False,False,False,False,False,False,False,False,False,False,False,False,False,False,False,False,False,False,False,False,False,False,False,False,False
0,0,1.0,22.0,3.1,120.0,8.0,0.035,34.0916666666667,0.31,False,False,False,False,False,False,False,False,False,False,False,False,False,False,False,False,False,False,False,False,False,False,False,False,False,False,False,False,False,False
0,0,1.0,22.0,3.1,120.0,9.0,0.035,34.0916666666667,0.19,False,False,False,False,False,False,False,False,False,False,False,False,False,False,False,False,False,False,False,False,False,False,False,False,False,False,False,False,False,False
0,0,1.0,22.0,3.1,120.0,10.0,0.035,34.0916666666667,0.12,False,False,False,False,False,False,False,False,False,False,False,False,False,False,False,False,False,False,False,False,False,False,False,False,False,False,False,False,False,False
0,0,1.0,22.0,3.1,120.0,11.0,0.035,34.0916666666667,0.06,False,False,False,False,False,False,False,False,False,False,False,False,False,False,False,False,False,False,False,False,False,False,False,False,False,False,False,False,False,False
0,0,10.0,20.0,10.0,1440.0,7.0,0.089,73.0866666666667,2.0,False,False,False,False,False,False,False,False,False,False,False,False,False,False,False,False,False,False,False,False,False,False,False,False,False,False,False,False,False,False
0,1,5.0,22.0,60.8,180.0,2.0,0.102666666666667,13.0846930232558,3.44,False,False,False,False,False,False,False,False,False,False,False,False,False,False,False,False,False,False,False,False,False,False,False,False,False,False,False,False,False,False
0,1,5.0,22.0,60.8,180.0,6.2,0.0469,34.0916666666667,2.56,False,False,False,False,False,False,False,False,False,False,False,False,False,False,False,False,False,False,False,False,False,False,False,False,False,False,False,False,False,False
0,1,25.0,22.0,60.8,180.0,2.0,0.102666666666667,13.0846930232558,1.46,False,False,False,False,False,False,False,False,False,False,False,False,False,False,False,False,False,False,False,False,False,False,False,False,False,False,False,False,False,False
0,1,25.0,22.0,60.8,180.0,6.2,0.0469,34.0916666666667,1.23,False,False,False,False,False,False,False,False,False,False,False,False,False,False,False,False,False,False,False,False,False,False,False,False,False,False,False,False,False,False
0,1,5.0,22.0,60.8,135.0,2.0,0.102666666666667,13.0846930232558,3.28,False,False,False,False,False,False,False,False,False,False,False,False,False,False,False,False,False,False,False,False,False,False,False,False,False,False,False,False,False,False
0,1,5.0,22.0,60.8,135.0,6.2,0.0469,34.0916666666667,2.45,False,False,False,False,False,False,False,False,False,False,False,False,False,False,False,False,False,False,False,False,False,False,False,False,False,False,False,False,False,False
0,1,25.0,22.0,60.8,45.0,2.0,0.102666666666667,13.0846930232558,1.43,False,False,False,False,False,False,False,False,False,False,False,False,False,False,False,False,False,False,False,False,False,False,False,False,False,False,False,False,False,False
0,1,25.0,22.0,60.8,45.0,6.2,0.0469,79.4866666666667,1.2,False,False,False,False,False,False,False,False,False,False,False,False,False,False,False,False,False,False,False,False,False,False,False,False,False,False,False,False,False,False
0,1,1.0,22.0,60.8,180.0,2.0,0.035,13.0846930232558,5.0,False,False,False,False,False,False,False,False,False,False,False,False,False,False,False,False,False,False,False,False,False,False,False,False,False,False,False,False,False,False
0,1,1.0,22.0,60.8,180.0,6.2,0.035,34.0916666666667,3.5,False,False,False,False,False,False,False,False,False,False,False,False,False,False,False,False,False,False,False,False,False,False,False,False,False,False,False,False,False,False
0,1,10.0,22.0,60.8,180.0,2.0,0.102666666666667,13.0846930232558,2.7,False,False,False,False,False,False,False,False,False,False,False,False,False,False,False,False,False,False,False,False,False,False,False,False,False,False,False,False,False,False
0,1,10.0,22.0,60.8,180.0,6.2,0.0469,34.0916666666667,2.3,False,False,False,False,False,False,False,False,False,False,False,False,False,False,False,False,False,False,False,False,False,False,False,False,False,False,False,False,False,False
0,1,50.0,22.0,60.8,180.0,2.0,0.102666666666667,13.0846930232558,0.97,False,False,False,False,False,False,False,False,False,False,False,False,False,False,False,False,False,False,False,False,False,False,False,False,False,False,False,False,False,False
0,1,50.0,22.0,60.8,180.0,6.2,0.0469,34.0916666666667,0.92,False,False,False,False,False,False,False,False,False,False,False,False,False,False,False,False,False,False,False,False,False,False,False,False,False,False,False,False,False,False
0,1,0.2,22.0,60.8,180.0,2.0,0.035,13.0846930232558,8.0,False,False,False,False,False,False,False,False,False,False,False,False,False,False,False,False,False,False,False,False,False,False,False,False,False,False,False,False,False,False
0,1,0.2,22.0,60.8,180.0,6.2,0.035,34.0916666666667,6.5,False,False,False,False,False,False,False,False,False,False,False,False,False,False,False,False,False,False,False,False,False,False,False,False,False,False,False,False,False,False
0,1,2.0,22.0,60.8,180.0,2.0,0.102666666666667,13.0846930232558,6.5,False,False,False,False,False,False,False,False,False,False,False,False,False,False,False,False,False,False,False,False,False,False,False,False,False,False,False,False,False,False
0,1,2.0,22.0,60.8,180.0,6.2,0.0469,34.0916666666667,4.5,False,False,False,False,False,False,False,False,False,False,False,False,False,False,False,False,False,False,False,False,False,False,False,False,False,False,False,False,False,False
0,1,5.0,22.0,60.8,10.0,2.0,0.102666666666667,54.4,2.6,False,False,False,False,False,False,False,False,False,False,False,False,False,False,False,False,False,False,False,False,False,False,False,False,False,False,False,False,False,False
0,1,5.0,22.0,60.8,10.0,6.2,0.0469,54.4,1.9,False,False,False,False,False,False,False,False,False,False,False,False,False,False,False,False,False,False,False,False,False,False,False,False,False,False,False,False,False,False
0,1,25.0,22.0,60.8,10.0,2.0,0.102666666666667,54.4,1.3,False,False,False,False,False,False,False,False,False,False,False,False,False,False,False,False,False,False,False,False,False,False,False,False,False,False,False,False,False,False
0,1,25.0,22.0,60.8,10.0,6.2,0.0469,54.4,1.1,False,False,False,False,False,False,False,False,False,False,False,False,False,False,False,False,False,False,False,False,False,False,False,False,False,False,False,False,False,False
0,0,5.0,22.0,60.8,180.0,4.0,0.029,13.0846930232558,5.44,False,False,False,False,False,False,False,False,False,False,False,False,False,False,False,False,False,False,False,False,False,False,False,False,False,False,False,False,False,False
0,0,5.0,22.0,60.8,180.0,6.2,0.029,34.0916666666667,5.71,False,False,False,False,False,False,False,False,False,False,False,False,False,False,False,False,False,False,False,False,False,False,False,False,False,False,False,False,False,False
0,0,25.0,22.0,60.8,180.0,4.0,0.029,13.0846930232558,1.98,False,False,False,False,False,False,False,False,False,False,False,False,False,False,False,False,False,False,False,False,False,False,False,False,False,False,False,False,False,False
0,0,25.0,22.0,60.8,180.0,6.2,0.029,34.0916666666667,2.06,False,False,False,False,False,False,False,False,False,False,False,False,False,False,False,False,False,False,False,False,False,False,False,False,False,False,False,False,False,False
0,0,5.0,22.0,60.8,60.0,4.0,0.029,13.0846930232558,5.3,False,False,False,False,False,False,False,False,False,False,False,False,False,False,False,False,False,False,False,False,False,False,False,False,False,False,False,False,False,False
0,0,5.0,22.0,60.8,60.0,6.2,0.029,79.4866666666667,5.55,False,False,False,False,False,False,False,False,False,False,False,False,False,False,False,False,False,False,False,False,False,False,False,False,False,False,False,False,False,False
0,0,25.0,22.0,60.8,20.0,4.0,0.029,54.4,1.91,False,False,False,False,False,False,False,False,False,False,False,False,False,False,False,False,False,False,False,False,False,False,False,False,False,False,False,False,False,False
0,0,25.0,22.0,60.8,20.0,6.2,0.029,54.4,1.97,False,False,False,False,False,False,False,False,False,False,False,False,False,False,False,False,False,False,False,False,False,False,False,False,False,False,False,False,False,False
0,0,1.0,22.0,60.8,180.0,6.2,0.035,34.0916666666667,11.3,False,False,False,False,False,False,False,False,False,False,False,False,False,False,False,False,False,False,False,False,False,False,False,False,False,False,False,False,False,False
0,0,10.0,22.0,60.8,180.0,6.2,0.029,34.0916666666667,4.1,False,False,False,False,False,False,False,False,False,False,False,False,False,False,False,False,False,False,False,False,False,False,False,False,False,False,False,False,False,False
0,0,50.0,22.0,60.8,180.0,6.2,0.029,34.0916666666667,1.13,False,False,False,False,False,False,False,False,False,False,False,False,False,False,False,False,False,False,False,False,False,False,False,False,False,False,False,False,False,False
0,0,0.2,22.0,60.8,180.0,6.2,0.035,34.0916666666667,16.0,False,False,False,False,False,False,False,False,False,False,False,False,False,False,False,False,False,False,False,False,False,False,False,False,False,False,False,False,False,False
0,0,0.2,22.0,60.8,180.0,4.0,0.035,13.0846930232558,15.0,False,False,False,False,False,False,False,False,False,False,False,False,False,False,False,False,False,False,False,False,False,False,False,False,False,False,False,False,False,False
0,0,2.0,22.0,60.8,180.0,6.2,0.029,34.0916666666667,8.0,False,False,False,False,False,False,False,False,False,False,False,False,False,False,False,False,False,False,False,False,False,False,False,False,False,False,False,False,False,False
0,0,2.0,22.0,60.8,180.0,4.0,0.029,13.0846930232558,7.5,False,False,False,False,False,False,False,False,False,False,False,False,False,False,False,False,False,False,False,False,False,False,False,False,False,False,False,False,False,False
0,0,5.0,22.0,60.8,10.0,4.0,0.029,54.4,3.6,False,False,False,False,False,False,False,False,False,False,False,False,False,False,False,False,False,False,False,False,False,False,False,False,False,False,False,False,False,False
0,0,5.0,22.0,60.8,10.0,6.2,0.029,54.4,3.8,False,False,False,False,False,False,False,False,False,False,False,False,False,False,False,False,False,False,False,False,False,False,False,False,False,False,False,False,False,False
0,0,25.0,22.0,60.8,10.0,4.0,0.029,54.4,1.6,False,False,False,False,False,False,False,False,False,False,False,False,False,False,False,False,False,False,False,False,False,False,False,False,False,False,False,False,False,False
0,0,25.0,22.0,60.8,10.0,6.2,0.029,54.4,1.7,False,False,False,False,False,False,False,False,False,False,False,False,False,False,False,False,False,False,False,False,False,False,False,False,False,False,False,False,False,False
0,1,1.0,22.0,10.0,0.0,3.0,0.035,8.5,0.0,False,False,False,False,False,False,False,False,False,False,False,False,False,False,False,False,False,False,False,False,False,False,False,False,False,False,False,False,False,False
0,1,1.0,22.0,10.0,5.0,3.0,0.035,8.5,3.0,False,False,False,False,False,False,False,False,False,False,False,False,False,False,False,False,False,False,False,False,False,False,False,False,False,False,False,False,False,False
0,1,1.0,22.0,10.0,10.0,3.0,0.035,8.5,5.0,False,False,False,False,False,False,False,False,False,False,False,False,False,False,False,False,False,False,False,False,False,False,False,False,False,False,False,False,False,False
0,1,1.0,22.0,10.0,15.0,3.0,0.035,8.5,6.0,False,False,False,False,False,False,False,False,False,False,False,False,False,False,False,False,False,False,False,False,False,False,False,False,False,False,False,False,False,False
0,1,1.0,22.0,10.0,20.0,3.0,0.035,8.5,6.8,False,False,False,False,False,False,False,False,False,False,False,False,False,False,False,False,False,False,False,False,False,False,False,False,False,False,False,False,False,False
0,1,1.0,22.0,10.0,30.0,3.0,0.035,8.5,7.2,False,False,False,False,False,False,False,False,False,False,False,False,False,False,False,False,False,False,False,False,False,False,False,False,False,False,False,False,False,False
0,1,1.0,22.0,10.0,45.0,3.0,0.035,13.0846930232558,7.5,False,False,False,False,False,False,False,False,False,False,False,False,False,False,False,False,False,False,False,False,False,False,False,False,False,False,False,False,False,False
0,1,1.0,22.0,10.0,60.0,3.0,0.035,13.0846930232558,7.7,False,False,False,False,False,False,False,False,False,False,False,False,False,False,False,False,False,False,False,False,False,False,False,False,False,False,False,False,False,False
0,1,1.0,22.0,10.0,90.0,3.0,0.035,13.0846930232558,7.86,False,False,False,False,False,False,False,False,False,False,False,False,False,False,False,False,False,False,False,False,False,False,False,False,False,False,False,False,False,False
0,1,1.0,22.0,50.0,0.0,3.0,0.035,8.5,0.0,False,False,False,False,False,False,False,False,False,False,False,False,False,False,False,False,False,False,False,False,False,False,False,False,False,False,False,False,False,False
0,1,1.0,22.0,50.0,5.0,3.0,0.035,8.5,12.0,False,False,False,False,False,False,False,False,False,False,False,False,False,False,False,False,False,False,False,False,False,False,False,False,False,False,False,False,False,False
0,1,1.0,22.0,50.0,10.0,3.0,0.035,8.5,20.0,False,False,False,False,False,False,False,False,False,False,False,False,False,False,False,False,False,False,False,False,False,False,False,False,False,False,False,False,False,False
0,1,1.0,22.0,50.0,15.0,3.0,0.035,8.5,25.0,False,False,False,False,False,False,False,False,False,False,False,False,False,False,False,False,False,False,False,False,False,False,False,False,False,False,False,False,False,False
0,1,1.0,22.0,50.0,20.0,3.0,0.035,8.5,28.0,False,False,False,False,False,False,False,False,False,False,False,False,False,False,False,False,False,False,False,False,False,False,False,False,False,False,False,False,False,False
0,1,1.0,22.0,50.0,30.0,3.0,0.035,8.5,30.0,False,False,False,False,False,False,False,False,False,False,False,False,False,False,False,False,False,False,False,False,False,False,False,False,False,False,False,False,False,False
0,1,1.0,22.0,50.0,45.0,3.0,0.035,13.0846930232558,31.0,False,False,False,False,False,False,False,False,False,False,False,False,False,False,False,False,False,False,False,False,False,False,False,False,False,False,False,False,False,False
0,1,1.0,22.0,50.0,60.0,3.0,0.035,13.0846930232558,31.5,False,False,False,False,False,False,False,False,False,False,False,False,False,False,False,False,False,False,False,False,False,False,False,False,False,False,False,False,False,False
0,1,1.0,22.0,50.0,90.0,3.0,0.035,13.0846930232558,32.0,False,False,False,False,False,False,False,False,False,False,False,False,False,False,False,False,False,False,False,False,False,False,False,False,False,False,False,False,False,False
0,1,1.0,22.0,100.0,0.0,3.0,0.035,8.5,0.0,False,False,False,False,False,False,False,False,False,False,False,False,False,False,False,False,False,False,False,False,False,False,False,False,False,False,False,False,False,False
0,1,1.0,22.0,100.0,5.0,3.0,0.035,8.5,20.0,False,False,False,False,False,False,False,False,False,False,False,False,False,False,False,False,False,False,False,False,False,False,False,False,False,False,False,False,False,False
0,1,1.0,22.0,100.0,10.0,3.0,0.035,8.5,32.0,False,False,False,False,False,False,False,False,False,False,False,False,False,False,False,False,False,False,False,False,False,False,False,False,False,False,False,False,False,False
0,1,1.0,22.0,100.0,15.0,3.0,0.035,8.5,40.0,False,False,False,False,False,False,False,False,False,False,False,False,False,False,False,False,False,False,False,False,False,False,False,False,False,False,False,False,False,False
0,1,1.0,22.0,100.0,20.0,3.0,0.035,8.5,45.0,False,False,False,False,False,False,False,False,False,False,False,False,False,False,False,False,False,False,False,False,False,False,False,False,False,False,False,False,False,False
0,1,1.0,22.0,100.0,30.0,3.0,0.035,8.5,48.0,False,False,False,False,False,False,False,False,False,False,False,False,False,False,False,False,False,False,False,False,False,False,False,False,False,False,False,False,False,False
0,1,1.0,22.0,100.0,45.0,3.0,0.035,13.0846930232558,51.0,False,False,False,False,False,False,False,False,False,False,False,False,False,False,False,False,False,False,False,False,False,False,False,False,False,False,False,False,False,False
0,1,1.0,22.0,100.0,60.0,3.0,0.035,13.0846930232558,53.0,False,False,False,False,False,False,False,False,False,False,False,False,False,False,False,False,False,False,False,False,False,False,False,False,False,False,False,False,False,False
0,1,1.0,22.0,100.0,90.0,3.0,0.035,13.0846930232558,54.75,False,False,False,False,False,False,False,False,False,False,False,False,False,False,False,False,False,False,False,False,False,False,False,False,False,False,False,False,False,False
0,0,1.0,22.0,10.0,0.0,4.0,0.035,13.629,0.0,False,False,False,False,False,False,False,False,False,False,False,False,False,False,False,False,False,False,False,False,False,False,False,False,False,False,False,False,False,False
0,0,1.0,22.0,10.0,5.0,4.0,0.035,13.629,2.5,False,False,False,False,False,False,False,False,False,False,False,False,False,False,False,False,False,False,False,False,False,False,False,False,False,False,False,False,False,False
0,0,1.0,22.0,10.0,10.0,4.0,0.035,13.629,3.5,False,False,False,False,False,False,False,False,False,False,False,False,False,False,False,False,False,False,False,False,False,False,False,False,False,False,False,False,False,False
0,0,1.0,22.0,10.0,15.0,4.0,0.035,13.629,4.0,False,False,False,False,False,False,False,False,False,False,False,False,False,False,False,False,False,False,False,False,False,False,False,False,False,False,False,False,False,False
0,0,1.0,22.0,10.0,20.0,4.0,0.035,13.629,4.3,False,False,False,False,False,False,False,False,False,False,False,False,False,False,False,False,False,False,False,False,False,False,False,False,False,False,False,False,False,False
0,0,1.0,22.0,10.0,30.0,4.0,0.035,13.629,4.5,False,False,False,False,False,False,False,False,False,False,False,False,False,False,False,False,False,False,False,False,False,False,False,False,False,False,False,False,False,False
0,0,1.0,22.0,10.0,45.0,4.0,0.035,13.0846930232558,4.6,False,False,False,False,False,False,False,False,False,False,False,False,False,False,False,False,False,False,False,False,False,False,False,False,False,False,False,False,False,False
0,0,1.0,22.0,10.0,60.0,4.0,0.035,13.0846930232558,4.7,False,False,False,False,False,False,False,False,False,False,False,False,False,False,False,False,False,False,False,False,False,False,False,False,False,False,False,False,False,False
0,0,1.0,22.0,50.0,0.0,4.0,0.035,13.629,0.0,False,False,False,False,False,False,False,False,False,False,False,False,False,False,False,False,False,False,False,False,False,False,False,False,False,False,False,False,False,False
0,0,1.0,22.0,50.0,5.0,4.0,0.035,13.629,5.5,False,False,False,False,False,False,False,False,False,False,False,False,False,False,False,False,False,False,False,False,False,False,False,False,False,False,False,False,False,False
0,0,1.0,22.0,50.0,10.0,4.0,0.035,13.629,8.0,False,False,False,False,False,False,False,False,False,False,False,False,False,False,False,False,False,False,False,False,False,False,False,False,False,False,False,False,False,False
0,0,1.0,22.0,50.0,15.0,4.0,0.035,13.629,10.0,False,False,False,False,False,False,False,False,False,False,False,False,False,False,False,False,False,False,False,False,False,False,False,False,False,False,False,False,False,False
0,0,1.0,22.0,50.0,20.0,4.0,0.035,13.629,11.0,False,False,False,False,False,False,False,False,False,False,False,False,False,False,False,False,False,False,False,False,False,False,False,False,False,False,False,False,False,False
0,0,1.0,22.0,50.0,30.0,4.0,0.035,13.629,11.8,False,False,False,False,False,False,False,False,False,False,False,False,False,False,False,False,False,False,False,False,False,False,False,False,False,False,False,False,False,False
0,0,1.0,22.0,50.0,45.0,4.0,0.035,13.0846930232558,12.2,False,False,False,False,False,False,False,False,False,False,False,False,False,False,False,False,False,False,False,False,False,False,False,False,False,False,False,False,False,False
0,0,1.0,22.0,50.0,60.0,4.0,0.035,13.0846930232558,12.5,False,False,False,False,False,False,False,False,False,False,False,False,False,False,False,False,False,False,False,False,False,False,False,False,False,False,False,False,False,False
0,0,1.0,22.0,100.0,0.0,4.0,0.035,13.629,0.0,False,False,False,False,False,False,False,False,False,False,False,False,False,False,False,False,False,False,False,False,False,False,False,False,False,False,False,False,False,False
0,0,1.0,22.0,100.0,5.0,4.0,0.035,13.629,8.0,False,False,False,False,False,False,False,False,False,False,False,False,False,False,False,False,False,False,False,False,False,False,False,False,False,False,False,False,False,False
0,0,1.0,22.0,100.0,10.0,4.0,0.035,13.629,12.0,False,False,False,False,False,False,False,False,False,False,False,False,False,False,False,False,False,False,False,False,False,False,False,False,False,False,False,False,False,False
0,0,1.0,22.0,100.0,15.0,4.0,0.035,13.629,15.0,False,False,False,False,False,False,False,False,False,False,False,False,False,False,False,False,False,False,False,False,False,False,False,False,False,False,False,False,False,False
0,0,1.0,22.0,100.0,20.0,4.0,0.035,13.629,16.5,False,False,False,False,False,False,False,False,False,False,False,False,False,False,False,False,False,False,False,False,False,False,False,False,False,False,False,False,False,False
0,0,1.0,22.0,100.0,30.0,4.0,0.035,13.629,17.5,False,False,False,False,False,False,False,False,False,False,False,False,False,False,False,False,False,False,False,False,False,False,False,False,False,False,False,False,False,False
0,0,1.0,22.0,100.0,45.0,4.0,0.035,13.0846930232558,18.3,False,False,False,False,False,False,False,False,False,False,False,False,False,False,False,False,False,False,False,False,False,False,False,False,False,False,False,False,False,False
0,0,1.0,22.0,100.0,60.0,4.0,0.035,13.0846930232558,18.85,False,False,False,False,False,False,False,False,False,False,False,False,False,False,False,False,False,False,False,False,False,False,False,False,False,False,False,False,False,False
