scenario,generation,objective_mean,objective_lower_95,objective_upper_95
10th percentile,1,-0.19094826013627308,-0.26133420973470817,-0.13173049257793384
10th percentile,2,-0.21495844012528945,-0.2655432401753699,-0.16545783304056794
10th percentile,3,-0.22433124078251412,-0.2747821209454777,-0.16941093100825452
10th percentile,4,-0.24649560371215334,-0.27713409676497375,-0.18239817618321083
10th percentile,5,-0.2637148271636918,-0.2944564480563792,-0.216880599122794
10th percentile,6,-0.2823441361172664,-0.3453534466191023,-0.2397558207327496
10th percentile,7,-0.2907763910172064,-0.34984797163880826,-0.24042024170770954
10th percentile,8,-0.31143378377073044,-0.3793692773436345,-0.24603824721592166
10th percentile,9,-0.31355610123510624,-0.3793692773436345,-0.24603824721592166
10th percentile,10,-0.32680189631286294,-0.38184292248663104,-0.2811733677534554
10th percentile,11,-0.334260183929095,-0.38447862636175795,-0.28273011071346443
10th percentile,12,-0.34356990647531227,-0.38447862636175795,-0.29274383294359646
10th percentile,13,-0.3502861237864058,-0.38755381788549376,-0.3002287116988031
10th percentile,14,-0.3536395715959623,-0.38755381788549376,-0.30286209093170813
10th percentile,15,-0.3661981420208521,-0.3920033537216413,-0.34617531225636383
10th percentile,16,-0.3693755248751416,-0.39967930831669446,-0.34617531225636383
10th percentile,17,-0.37503022191558,-0.39967930831669446,-0.3474382464340041
10th percentile,18,-0.38238188373799326,-0.4031924764682075,-0.3581357013651469
10th percentile,19,-0.38248239164459863,-0.4031924764682075,-0.35827482489667967
10th percentile,20,-0.387241280453064,-0.4074248595036389,-0.35827482489667967
10th percentile,21,-0.3899852918535832,-0.4074248595036389,-0.3593277069054382
10th percentile,22,-0.3919366703496453,-0.4075254856329431,-0.3610408928930741
10th percentile,23,-0.3928236345555093,-0.4085310568398238,-0.36111168703853874
10th percentile,24,-0.3943217102905814,-0.4093930296767661,-0.36269267492157414
10th percentile,25,-0.39462812295467076,-0.4093930296767661,-0.36269267492157414
10th percentile,26,-0.39593681307430617,-0.4093930296767661,-0.36290884224982123
10th percentile,27,-0.3983624240880298,-0.4093930296767661,-0.3647169966661983
10th percentile,28,-0.40211729727438,-0.4093930296767661,-0.3938172638604131
10th percentile,29,-0.40211729727438,-0.4093930296767661,-0.3938172638604131
10th percentile,30,-0.402238470899693,-0.4093930296767661,-0.3938172638604131
10th percentile,31,-0.4022413718580153,-0.4093930296767661,-0.3938172638604131
10th percentile,32,-0.4022413718580153,-0.4093930296767661,-0.3938172638604131
10th percentile,33,-0.4022413718580153,-0.4093930296767661,-0.3938172638604131
10th percentile,34,-0.4022413718580153,-0.4093930296767661,-0.3938172638604131
10th percentile,35,-0.4042246021695723,-0.4096987547842347,-0.3952000161816354
10th percentile,36,-0.4042745121396118,-0.4096987547842347,-0.3952000161816354
10th percentile,37,-0.40433231295832683,-0.4096987547842347,-0.39533006802374415
10th percentile,38,-0.4044854312351928,-0.4096987547842347,-0.3956678906891484
10th percentile,39,-0.4044854312351928,-0.4096987547842347,-0.3956678906891484
10th percentile,40,-0.4044854312351928,-0.40969875478423473,-0.3956678906891484
10th percentile,41,-0.40459170511320847,-0.40969875478423473,-0.3956678906891484
10th percentile,42,-0.4046585630642537,-0.41011677749994674,-0.3956678906891484
10th percentile,43,-0.4046585630642537,-0.41011677749994674,-0.3956678906891484
10th percentile,44,-0.4051254478280872,-0.41011677749994674,-0.39567458414669254
10th percentile,45,-0.40531705358535397,-0.41011677749994674,-0.39567458414669254
10th percentile,46,-0.4053258799367224,-0.41011677749994674,-0.39569444343727156
10th percentile,47,-0.40541045625802247,-0.41011677749994674,-0.39569444343727156
10th percentile,48,-0.40588737493393207,-0.41011677749994674,-0.39592918959271767
10th percentile,49,-0.4059069378032124,-0.41011677749994674,-0.39592918959271767
10th percentile,50,-0.4059069378032124,-0.41011677749994674,-0.39592918959271767
10th percentile,51,-0.4059069378032124,-0.41011677749994674,-0.39592918959271767
10th percentile,52,-0.40598871082324417,-0.41011677749994674,-0.3965629304979641
10th percentile,53,-0.40598871082324417,-0.41011677749994674,-0.3965629304979641
10th percentile,54,-0.4070299215752338,-0.41011677749994674,-0.40435968428513724
10th percentile,55,-0.4072506889681118,-0.41011677749994674,-0.40447295000168965
10th percentile,56,-0.40728940371364775,-0.41011677749994674,-0.40447295000168965
10th percentile,57,-0.4072989334572162,-0.41011677749994674,-0.40447295000168965
10th percentile,58,-0.4072989334572162,-0.41011677749994674,-0.40447295000168965
10th percentile,59,-0.4072989334572162,-0.41011677749994674,-0.40447295000168965
10th percentile,60,-0.4072989334572162,-0.41011677749994674,-0.40447295000168965
10th percentile,61,-0.4072989334572162,-0.41011677749994674,-0.40447295000168965
10th percentile,62,-0.4072989334572162,-0.41011677749994674,-0.40447295000168965
10th percentile,63,-0.4073001766317065,-0.41011677749994674,-0.40448258460398945
10th percentile,64,-0.4073001766317065,-0.41011677749994674,-0.40448258460398945
10th percentile,65,-0.4073001766317065,-0.41011677749994674,-0.40448258460398945
10th percentile,66,-0.4073001766317065,-0.41011677749994674,-0.40448258460398945
10th percentile,67,-0.4078457951508404,-0.4103490260155207,-0.40448258460398945
10th percentile,68,-0.4078457951508404,-0.4103490260155207,-0.40448258460398945
10th percentile,69,-0.40786463556658487,-0.4103490260155207,-0.40448258460398945
10th percentile,70,-0.40786463556658487,-0.4103490260155207,-0.40448258460398945
10th percentile,71,-0.40786463556658487,-0.4103490260155207,-0.40448258460398945
10th percentile,72,-0.40818203370770745,-0.4103490260155207,-0.40495667448195255
10th percentile,73,-0.40818203370770745,-0.4103490260155207,-0.40495667448195255
10th percentile,74,-0.40818203370770745,-0.4103490260155207,-0.40495667448195255
10th percentile,75,-0.40818203370770745,-0.4103490260155207,-0.40495667448195255
10th percentile,76,-0.40818203370770745,-0.4103490260155207,-0.40495667448195255
10th percentile,77,-0.40823485502252427,-0.4103490260155207,-0.40495667448195255
10th percentile,78,-0.4082377535584268,-0.4103490260155207,-0.40495667448195255
10th percentile,79,-0.40858222085216944,-0.4103490260155207,-0.40739052240276163
10th percentile,80,-0.4086773315112605,-0.4103490260155207,-0.4075223718383937
10th percentile,81,-0.4086773315112605,-0.4103490260155207,-0.4075223718383937
10th percentile,82,-0.4086773315112605,-0.4103490260155207,-0.4075223718383937
10th percentile,83,-0.4086773315112605,-0.4103490260155207,-0.4075223718383937
10th percentile,84,-0.4086773315112605,-0.4103490260155207,-0.4075223718383937
10th percentile,85,-0.4088230232706781,-0.41035660258207257,-0.4075481104051233
10th percentile,86,-0.4088230232706781,-0.41035660258207257,-0.4075481104051233
10th percentile,87,-0.4088230232706781,-0.41035660258207257,-0.4075481104051233
10th percentile,88,-0.4088230232706781,-0.41035660258207257,-0.4075481104051233
10th percentile,89,-0.4088230232706781,-0.41035660258207257,-0.4075481104051233
10th percentile,90,-0.4088230232706781,-0.41035660258207257,-0.4075481104051233
10th percentile,91,-0.40882302756240013,-0.41035660258207257,-0.4075481104051233
10th percentile,92,-0.40882302756240013,-0.41035660258207257,-0.4075481104051233
10th percentile,93,-0.40882302756240013,-0.41035660258207257,-0.4075481104051233
10th percentile,94,-0.40882302756240013,-0.41035660258207257,-0.4075481104051233
10th percentile,95,-0.40882302756240013,-0.41035660258207257,-0.4075481104051233
10th percentile,96,-0.40883142539843115,-0.410378536858483,-0.407560637520461
10th percentile,97,-0.40883142539843115,-0.410378536858483,-0.407560637520461
10th percentile,98,-0.4088498795018193,-0.410378536858483,-0.40758703300409416
10th percentile,99,-0.4088498795018193,-0.410378536858483,-0.40758703300409416
10th percentile,100,-0.40890700364166055,-0.410378536858483,-0.40758703300409416
10th percentile,101,-0.40890700364166055,-0.410378536858483,-0.40758703300409416
10th percentile,102,-0.40890700364166055,-0.410378536858483,-0.40758703300409416
10th percentile,103,-0.40893734844727947,-0.410378536858483,-0.4078222052476414
10th percentile,104,-0.4089385914190501,-0.41038816988970545,-0.4078222052476414
10th percentile,105,-0.4089385914190501,-0.41038816988970545,-0.4078222052476414
10th percentile,106,-0.4090817243930577,-0.41038816988970545,-0.40840086720563046
10th percentile,107,-0.4090817243930577,-0.41038816988970545,-0.40840086720563046
10th percentile,108,-0.4090817243930577,-0.41038816988970545,-0.40840086720563046
10th percentile,109,-0.4090817243930577,-0.41038816988970545,-0.40840086720563046
10th percentile,110,-0.409095326561067,-0.41038816988970545,-0.4084037489953165
10th percentile,111,-0.409095326561067,-0.41038816988970545,-0.4084037489953165
10th percentile,112,-0.409095326561067,-0.41038816988970545,-0.4084037489953165
10th percentile,113,-0.409095326561067,-0.41038816988970545,-0.4084037489953165
10th percentile,114,-0.409095326561067,-0.41038816988970545,-0.4084037489953165
10th percentile,115,-0.409095326561067,-0.41038816988970545,-0.4084037489953165
10th percentile,116,-0.409095326561067,-0.41038816988970545,-0.4084037489953165
10th percentile,117,-0.409095326561067,-0.41038816988970545,-0.4084037489953165
10th percentile,118,-0.4091305983897781,-0.41038816988970545,-0.4084037489953165
10th percentile,119,-0.4091305983897781,-0.41038816988970545,-0.4084037489953165
10th percentile,120,-0.4091305983897781,-0.41038816988970545,-0.4084037489953165
10th percentile,121,-0.4091305983897781,-0.41038816988970545,-0.4084037489953165
10th percentile,122,-0.4091305983897781,-0.41038816988970545,-0.4084037489953165
10th percentile,123,-0.4091305983897781,-0.41038816988970545,-0.4084037489953165
10th percentile,124,-0.4091311652522737,-0.41038816988970545,-0.4084037489953165
10th percentile,125,-0.4091311652522737,-0.41038816988970545,-0.4084037489953165
10th percentile,126,-0.4091311652522737,-0.41038816988970545,-0.4084037489953165
10th percentile,127,-0.4091311652522737,-0.41038816988970545,-0.4084037489953165
10th percentile,128,-0.4091311652522737,-0.41038816988970545,-0.4084037489953165
10th percentile,129,-0.4091311652522737,-0.41038816988970545,-0.4084037489953165
10th percentile,130,-0.4091311652522737,-0.41038816988970545,-0.4084037489953165
10th percentile,131,-0.4091311652522737,-0.41038816988970545,-0.4084037489953165
10th percentile,132,-0.4091311652522737,-0.41038816988970545,-0.4084037489953165
10th percentile,133,-0.40918694712745085,-0.4105136791088539,-0.4084037489953165
10th percentile,134,-0.40918711326776586,-0.4105149666962951,-0.4084037489953165
10th percentile,135,-0.4091888081184695,-0.41052810178924853,-0.4084037489953165
10th percentile,136,-0.4091888081184695,-0.41052810178924853,-0.4084037489953165
10th percentile,137,-0.4091888081184695,-0.41052810178924853,-0.4084037489953165
10th percentile,138,-0.409234499596827,-0.41052810178924853,-0.4084037489953165
10th percentile,139,-0.40925334592054574,-0.41052810178924853,-0.40843070677942706
10th percentile,140,-0.40925334592054574,-0.41052810178924853,-0.40843070677942706
10th percentile,141,-0.40927505718008533,-0.41052810178924853,-0.40843070677942706
10th percentile,142,-0.40928495794437714,-0.41052810178924853,-0.40843070677942706
10th percentile,143,-0.40928495794437714,-0.41052810178924853,-0.40843070677942706
10th percentile,144,-0.40928495794437714,-0.41052810178924853,-0.40843070677942706
10th percentile,145,-0.40928495794437714,-0.41052810178924853,-0.40843070677942706
10th percentile,146,-0.40928495794437714,-0.41052810178924853,-0.40843070677942706
10th percentile,147,-0.40934147248630454,-0.41052810178924853,-0.40843070677942706
10th percentile,148,-0.40934147248630454,-0.41052810178924853,-0.40843070677942706
10th percentile,149,-0.40934147248630454,-0.41052810178924853,-0.40843070677942706
10th percentile,150,-0.40934700724054984,-0.41052810178924853,-0.40847360112482894
10th percentile,151,-0.40934700724054984,-0.41052810178924853,-0.40847360112482894
10th percentile,152,-0.40934700724054984,-0.41052810178924853,-0.40847360112482894
10th percentile,153,-0.40934700724054984,-0.41052810178924853,-0.40847360112482894
10th percentile,154,-0.4093769774531776,-0.41052810178924853,-0.40847360112482894
10th percentile,155,-0.40944539849411915,-0.41052810178924853,-0.40847360112482894
10th percentile,156,-0.40944539849411915,-0.41052810178924853,-0.40847360112482894
10th percentile,157,-0.40944539849411915,-0.41052810178924853,-0.40847360112482894
10th percentile,158,-0.40944539849411915,-0.41052810178924853,-0.40847360112482894
10th percentile,159,-0.40944539849411915,-0.41052810178924853,-0.40847360112482894
10th percentile,160,-0.40944539849411915,-0.41052810178924853,-0.40847360112482894
10th percentile,161,-0.40944539849411915,-0.41052810178924853,-0.40847360112482894
10th percentile,162,-0.40944539849411915,-0.41052810178924853,-0.40847360112482894
10th percentile,163,-0.40944539849411915,-0.41052810178924853,-0.40847360112482894
10th percentile,164,-0.40944539849411915,-0.41052810178924853,-0.40847360112482894
10th percentile,165,-0.40945249043875676,-0.41052810178924853,-0.40847360112482894
10th percentile,166,-0.40945249043875676,-0.41052810178924853,-0.40847360112482894
10th percentile,167,-0.40945249043875676,-0.41052810178924853,-0.40847360112482894
10th percentile,168,-0.40945249043875676,-0.41052810178924853,-0.40847360112482894
10th percentile,169,-0.40945249043875676,-0.41052810178924853,-0.40847360112482894
10th percentile,170,-0.40945249043875676,-0.41052810178924853,-0.40847360112482894
10th percentile,171,-0.40945249043875676,-0.41052810178924853,-0.40847360112482894
10th percentile,172,-0.4095531589611294,-0.4105281017892486,-0.408655789812265
10th percentile,173,-0.4095531589611294,-0.4105281017892486,-0.408655789812265
10th percentile,174,-0.4095531589611294,-0.4105281017892486,-0.408655789812265
10th percentile,175,-0.4095531589611294,-0.4105281017892486,-0.408655789812265
10th percentile,176,-0.4095531589611294,-0.4105281017892486,-0.408655789812265
10th percentile,177,-0.4095681819296145,-0.4105281017892486,-0.408655789812265
10th percentile,178,-0.4095681819296145,-0.4105281017892486,-0.408655789812265
10th percentile,179,-0.4095681819296145,-0.4105281017892486,-0.408655789812265
10th percentile,180,-0.4095681819296145,-0.4105281017892486,-0.408655789812265
10th percentile,181,-0.4095681819296145,-0.4105281017892486,-0.408655789812265
10th percentile,182,-0.4095681819296145,-0.4105281017892486,-0.408655789812265
10th percentile,183,-0.4095681819296145,-0.4105281017892486,-0.408655789812265
10th percentile,184,-0.4095681819296145,-0.4105281017892486,-0.408655789812265
10th percentile,185,-0.4095846069382767,-0.410544303924105,-0.408655789812265
10th percentile,186,-0.4095846069382767,-0.410544303924105,-0.408655789812265
10th percentile,187,-0.4095846069382767,-0.410544303924105,-0.408655789812265
10th percentile,188,-0.4095846069382767,-0.410544303924105,-0.408655789812265
10th percentile,189,-0.4095846069382767,-0.410544303924105,-0.408655789812265
10th percentile,190,-0.4095846069382767,-0.410544303924105,-0.408655789812265
10th percentile,191,-0.40958892354337967,-0.4105540162855867,-0.408655789812265
10th percentile,192,-0.40958892354337967,-0.4105540162855867,-0.408655789812265
10th percentile,193,-0.4097022444805676,-0.4105540162855867,-0.40896717698231144
10th percentile,194,-0.4097022444805676,-0.4105540162855867,-0.40896717698231144
10th percentile,195,-0.40970265392648814,-0.4105540162855867,-0.40896717698231144
10th percentile,196,-0.4097063044948599,-0.4105540162855867,-0.40896717698231144
10th percentile,197,-0.409748880533388,-0.4105540162855867,-0.40896717698231144
10th percentile,198,-0.409748880533388,-0.4105540162855867,-0.40896717698231144
10th percentile,199,-0.409748880533388,-0.4105540162855867,-0.40896717698231144
10th percentile,200,-0.409748880533388,-0.4105540162855867,-0.40896717698231144
10th percentile,201,-0.409748880533388,-0.4105540162855867,-0.40896717698231144
10th percentile,202,-0.4097508058287536,-0.4105540162855867,-0.40896717698231144
10th percentile,203,-0.4097508058287536,-0.4105540162855867,-0.40896717698231144
10th percentile,204,-0.4097508058287536,-0.4105540162855867,-0.40896717698231144
10th percentile,205,-0.4097508058287536,-0.4105540162855867,-0.40896717698231144
10th percentile,206,-0.40977705193508057,-0.4105540162855867,-0.40902623072154726
10th percentile,207,-0.40977705193508057,-0.4105540162855867,-0.40902623072154726
10th percentile,208,-0.40977705193508057,-0.4105540162855867,-0.40902623072154726
10th percentile,209,-0.40977705193508057,-0.4105540162855867,-0.40902623072154726
10th percentile,210,-0.40977705193508057,-0.4105540162855867,-0.40902623072154726
10th percentile,211,-0.40977705193508057,-0.4105540162855867,-0.40902623072154726
10th percentile,212,-0.4098274470469555,-0.4105540162855867,-0.40902623072154726
10th percentile,213,-0.4098274470469555,-0.4105540162855867,-0.40902623072154726
10th percentile,214,-0.4098274470469555,-0.4105540162855867,-0.40902623072154726
10th percentile,215,-0.40983642150901184,-0.4105540162855867,-0.40902623072154726
10th percentile,216,-0.40983642150901184,-0.4105540162855867,-0.40902623072154726
10th percentile,217,-0.40983642150901184,-0.4105540162855867,-0.40902623072154726
10th percentile,218,-0.40983642150901184,-0.4105540162855867,-0.40902623072154726
10th percentile,219,-0.40983642150901184,-0.4105540162855867,-0.40902623072154726
10th percentile,220,-0.40983642150901184,-0.4105540162855867,-0.40902623072154726
10th percentile,221,-0.40983642150901184,-0.4105540162855867,-0.40902623072154726
10th percentile,222,-0.40983642150901184,-0.4105540162855867,-0.40902623072154726
10th percentile,223,-0.40983642150901184,-0.4105540162855867,-0.40902623072154726
10th percentile,224,-0.40983642150901184,-0.4105540162855867,-0.40902623072154726
10th percentile,225,-0.40983642150901184,-0.4105540162855867,-0.40902623072154726
10th percentile,226,-0.40985924077492797,-0.4105540162855867,-0.40902623072154726
10th percentile,227,-0.4099017540494693,-0.4105540162855867,-0.4093320076852214
10th percentile,228,-0.4099017540494693,-0.4105540162855867,-0.4093320076852214
10th percentile,229,-0.4099017540494693,-0.4105540162855867,-0.4093320076852214
10th percentile,230,-0.4099017540494693,-0.4105540162855867,-0.4093320076852214
10th percentile,231,-0.40998819003742015,-0.4105540162855867,-0.4094295257555087
10th percentile,232,-0.40998819003742015,-0.4105540162855867,-0.4094295257555087
10th percentile,233,-0.40998819003742015,-0.4105540162855867,-0.4094295257555087
10th percentile,234,-0.40998819003742015,-0.4105540162855867,-0.4094295257555087
10th percentile,235,-0.40998819003742015,-0.4105540162855867,-0.4094295257555087
10th percentile,236,-0.40998819003742015,-0.4105540162855867,-0.4094295257555087
10th percentile,237,-0.40998819003742015,-0.4105540162855867,-0.4094295257555087
10th percentile,238,-0.40998819003742015,-0.4105540162855867,-0.4094295257555087
10th percentile,239,-0.40998819003742015,-0.4105540162855867,-0.4094295257555087
10th percentile,240,-0.40998819003742015,-0.4105540162855867,-0.4094295257555087
10th percentile,241,-0.409999874306183,-0.4105540162855867,-0.4094295257555087
10th percentile,242,-0.4100009874401388,-0.41056264307374385,-0.4094295257555087
10th percentile,243,-0.4100009874401388,-0.41056264307374385,-0.4094295257555087
10th percentile,244,-0.4100009874401388,-0.41056264307374385,-0.4094295257555087
10th percentile,245,-0.4100009874401388,-0.41056264307374385,-0.4094295257555087
10th percentile,246,-0.4100009874401388,-0.41056264307374385,-0.4094295257555087
10th percentile,247,-0.4100009874401388,-0.41056264307374385,-0.4094295257555087
10th percentile,248,-0.4100034528345625,-0.41056264307374385,-0.4094295257555087
10th percentile,249,-0.4100034528345625,-0.41056264307374385,-0.4094295257555087
10th percentile,250,-0.4100034528345625,-0.41056264307374385,-0.4094295257555087
10th percentile,251,-0.4100034528345625,-0.41056264307374385,-0.4094295257555087
10th percentile,252,-0.4100034528345625,-0.41056264307374385,-0.4094295257555087
10th percentile,253,-0.41002306802899946,-0.41056264307374385,-0.4094295257555087
10th percentile,254,-0.41002306802899946,-0.41056264307374385,-0.4094295257555087
10th percentile,255,-0.41002306802899946,-0.41056264307374385,-0.4094295257555087
10th percentile,256,-0.41002306802899946,-0.41056264307374385,-0.4094295257555087
10th percentile,257,-0.41002306802899946,-0.41056264307374385,-0.4094295257555087
10th percentile,258,-0.41002306802899946,-0.41056264307374385,-0.4094295257555087
10th percentile,259,-0.41002306802899946,-0.41056264307374385,-0.4094295257555087
10th percentile,260,-0.4100250785975792,-0.41056264307374385,-0.4094295257555087
10th percentile,261,-0.4100250785975792,-0.41056264307374385,-0.4094295257555087
10th percentile,262,-0.4100250785975792,-0.41056264307374385,-0.4094295257555087
10th percentile,263,-0.41002538740891226,-0.410565036361575,-0.4094295257555087
10th percentile,264,-0.41002538740891226,-0.410565036361575,-0.4094295257555087
10th percentile,265,-0.41002538740891226,-0.410565036361575,-0.4094295257555087
10th percentile,266,-0.41002538740891226,-0.410565036361575,-0.4094295257555087
10th percentile,267,-0.41002538740891226,-0.410565036361575,-0.4094295257555087
10th percentile,268,-0.41002538740891226,-0.410565036361575,-0.4094295257555087
10th percentile,269,-0.41002538740891226,-0.410565036361575,-0.4094295257555087
10th percentile,270,-0.41002538740891226,-0.410565036361575,-0.4094295257555087
10th percentile,271,-0.41002538740891226,-0.410565036361575,-0.4094295257555087
10th percentile,272,-0.41002538740891226,-0.410565036361575,-0.4094295257555087
10th percentile,273,-0.41002538740891226,-0.410565036361575,-0.4094295257555087
10th percentile,274,-0.41002538740891226,-0.410565036361575,-0.4094295257555087
10th percentile,275,-0.41002538740891226,-0.410565036361575,-0.4094295257555087
10th percentile,276,-0.41002538740891226,-0.410565036361575,-0.4094295257555087
10th percentile,277,-0.41002538740891226,-0.410565036361575,-0.4094295257555087
10th percentile,278,-0.41002538740891226,-0.410565036361575,-0.4094295257555087
10th percentile,279,-0.4100683617841362,-0.410565036361575,-0.4094295257555087
10th percentile,280,-0.41009930663524036,-0.410565036361575,-0.40966934835156565
10th percentile,281,-0.41009930663524036,-0.410565036361575,-0.40966934835156565
10th percentile,282,-0.410108590271396,-0.4105863384582073,-0.40966934835156565
10th percentile,283,-0.410108590271396,-0.4105863384582073,-0.40966934835156565
10th percentile,284,-0.410108590271396,-0.4105863384582073,-0.40966934835156565
10th percentile,285,-0.410108590271396,-0.4105863384582073,-0.40966934835156565
10th percentile,286,-0.410108590271396,-0.4105863384582073,-0.40966934835156565
10th percentile,287,-0.410108590271396,-0.4105863384582073,-0.40966934835156565
10th percentile,288,-0.410108590271396,-0.4105863384582073,-0.40966934835156565
10th percentile,289,-0.410108590271396,-0.4105863384582073,-0.40966934835156565
10th percentile,290,-0.410108590271396,-0.4105863384582073,-0.40966934835156565
10th percentile,291,-0.410108590271396,-0.4105863384582073,-0.40966934835156565
10th percentile,292,-0.410108590271396,-0.4105863384582073,-0.40966934835156565
10th percentile,293,-0.410108590271396,-0.4105863384582073,-0.40966934835156565
10th percentile,294,-0.410108590271396,-0.4105863384582073,-0.40966934835156565
10th percentile,295,-0.410108590271396,-0.4105863384582073,-0.40966934835156565
10th percentile,296,-0.410108590271396,-0.4105863384582073,-0.40966934835156565
10th percentile,297,-0.410108590271396,-0.4105863384582073,-0.40966934835156565
10th percentile,298,-0.410108590271396,-0.4105863384582073,-0.40966934835156565
10th percentile,299,-0.410108590271396,-0.4105863384582073,-0.40966934835156565
10th percentile,300,-0.410108590271396,-0.4105863384582073,-0.40966934835156565
10th percentile,301,-0.410108590271396,-0.4105863384582073,-0.40966934835156565
10th percentile,302,-0.410108590271396,-0.4105863384582073,-0.40966934835156565
10th percentile,303,-0.410108590271396,-0.4105863384582073,-0.40966934835156565
10th percentile,304,-0.41012685968441936,-0.4106274446375099,-0.40966934835156565
10th percentile,305,-0.41012685968441936,-0.4106274446375099,-0.40966934835156565
10th percentile,306,-0.41013340307857077,-0.4106274446375099,-0.40966934835156565
10th percentile,307,-0.4101334131146972,-0.41062752241748945,-0.40966934835156565
10th percentile,308,-0.4101334131146972,-0.41062752241748945,-0.40966934835156565
10th percentile,309,-0.4101334131146972,-0.41062752241748945,-0.40966934835156565
10th percentile,310,-0.41013775228179394,-0.41062752241748945,-0.40966934835156565
10th percentile,311,-0.41013775228179394,-0.41062752241748945,-0.40966934835156565
10th percentile,312,-0.41013775228179394,-0.41062752241748945,-0.40966934835156565
10th percentile,313,-0.41013775228179394,-0.41062752241748945,-0.40966934835156565
10th percentile,314,-0.4101409826073727,-0.4106276626891763,-0.40966934835156565
10th percentile,315,-0.4101409826073727,-0.4106276626891763,-0.40966934835156565
10th percentile,316,-0.4101409826073727,-0.4106276626891763,-0.40966934835156565
10th percentile,317,-0.4101409826073727,-0.4106276626891763,-0.40966934835156565
10th percentile,318,-0.4101409826073727,-0.4106276626891763,-0.40966934835156565
10th percentile,319,-0.4101409826073727,-0.4106276626891763,-0.40966934835156565
10th percentile,320,-0.4101514162000037,-0.4106276626891763,-0.40966934835156565
10th percentile,321,-0.4101514162000037,-0.4106276626891763,-0.40966934835156565
10th percentile,322,-0.4101514162000037,-0.4106276626891763,-0.40966934835156565
10th percentile,323,-0.41016814558996095,-0.4106276626891763,-0.40970698947896944
10th percentile,324,-0.4101825105957683,-0.4106276626891763,-0.40981831827397636
10th percentile,325,-0.4101825105957683,-0.4106276626891763,-0.40981831827397636
10th percentile,326,-0.4101825105957683,-0.4106276626891763,-0.40981831827397636
10th percentile,327,-0.4101825105957683,-0.4106276626891763,-0.40981831827397636
10th percentile,328,-0.4101825105957683,-0.4106276626891763,-0.40981831827397636
10th percentile,329,-0.4101825105957683,-0.4106276626891763,-0.40981831827397636
10th percentile,330,-0.4101825105957683,-0.4106276626891763,-0.40981831827397636
10th percentile,331,-0.4101825105957683,-0.4106276626891763,-0.40981831827397636
10th percentile,332,-0.4101825105957683,-0.4106276626891763,-0.40981831827397636
10th percentile,333,-0.4101848840953252,-0.4106276626891763,-0.40982365864797937
10th percentile,334,-0.4101848840953252,-0.4106276626891763,-0.40982365864797937
10th percentile,335,-0.4101848840953252,-0.4106276626891763,-0.40982365864797937
10th percentile,336,-0.4101848840953252,-0.4106276626891763,-0.40982365864797937
10th percentile,337,-0.4101848840953252,-0.4106276626891763,-0.40982365864797937
10th percentile,338,-0.4101848840953252,-0.4106276626891763,-0.40982365864797937
10th percentile,339,-0.4101848890909102,-0.4106277014049601,-0.40982365864797937
10th percentile,340,-0.4101848890909102,-0.4106277014049601,-0.40982365864797937
10th percentile,341,-0.4101848890909102,-0.4106277014049601,-0.40982365864797937
10th percentile,342,-0.4101848890909102,-0.4106277014049601,-0.40982365864797937
10th percentile,343,-0.4101848890909102,-0.4106277014049601,-0.40982365864797937
10th percentile,344,-0.41020058009309474,-0.4106277014049601,-0.40990542695756127
10th percentile,345,-0.41020058009309474,-0.4106277014049601,-0.40990542695756127
10th percentile,346,-0.41022083327285125,-0.4106277014049601,-0.40990542695756127
10th percentile,347,-0.41022083327285125,-0.4106277014049601,-0.40990542695756127
10th percentile,348,-0.4102419120388525,-0.4106278127044034,-0.40990542695756127
10th percentile,349,-0.4102419120388525,-0.4106278127044034,-0.40990542695756127
10th percentile,350,-0.4102419120388525,-0.4106278127044034,-0.40990542695756127
10th percentile,351,-0.4102419120388525,-0.4106278127044034,-0.40990542695756127
10th percentile,352,-0.4102436455082543,-0.4106278127044034,-0.40990542695756127
10th percentile,353,-0.4102436455082543,-0.4106278127044034,-0.40990542695756127
10th percentile,354,-0.4102436455082543,-0.4106278127044034,-0.40990542695756127
10th percentile,355,-0.4102436526066229,-0.4106278286757328,-0.40990542695756127
10th percentile,356,-0.4102436526066229,-0.4106278286757328,-0.40990542695756127
10th percentile,357,-0.4102436526066229,-0.4106278286757328,-0.40990542695756127
10th percentile,358,-0.4102436526066229,-0.4106278286757328,-0.40990542695756127
10th percentile,359,-0.4102436526066229,-0.4106278286757328,-0.40990542695756127
10th percentile,360,-0.4102436526066229,-0.4106278286757328,-0.40990542695756127
10th percentile,361,-0.4102438326599295,-0.4106282337956726,-0.40990542695756127
10th percentile,362,-0.4102438326599295,-0.4106282337956726,-0.40990542695756127
10th percentile,363,-0.4102438326599295,-0.4106282337956726,-0.40990542695756127
10th percentile,364,-0.4102438326599295,-0.4106282337956726,-0.40990542695756127
10th percentile,365,-0.4102438326599295,-0.4106282337956726,-0.40990542695756127
10th percentile,366,-0.4102438326599295,-0.4106282337956726,-0.40990542695756127
10th percentile,367,-0.4102438326599295,-0.4106282337956726,-0.40990542695756127
10th percentile,368,-0.4102438326599295,-0.4106282337956726,-0.40990542695756127
10th percentile,369,-0.4102438326599295,-0.4106282337956726,-0.40990542695756127
10th percentile,370,-0.4102438326599295,-0.4106282337956726,-0.40990542695756127
10th percentile,371,-0.4102438326599295,-0.4106282337956726,-0.40990542695756127
10th percentile,372,-0.4102438326599295,-0.4106282337956726,-0.40990542695756127
10th percentile,373,-0.41024479963317073,-0.4106282337956726,-0.40990542695756127
10th percentile,374,-0.41024479963317073,-0.4106282337956726,-0.40990542695756127
10th percentile,375,-0.41024479963317073,-0.4106282337956726,-0.40990542695756127
10th percentile,376,-0.41024479963317073,-0.4106282337956726,-0.40990542695756127
10th percentile,377,-0.41024479963317073,-0.4106282337956726,-0.40990542695756127
10th percentile,378,-0.41024479963317073,-0.4106282337956726,-0.40990542695756127
10th percentile,379,-0.41024479963317073,-0.4106282337956726,-0.40990542695756127
10th percentile,380,-0.41024479963317073,-0.4106282337956726,-0.40990542695756127
10th percentile,381,-0.4102494082778397,-0.4106282337956726,-0.40990542695756127
10th percentile,382,-0.4102530806705976,-0.4106364966793782,-0.40990542695756127
10th percentile,383,-0.4102530806705976,-0.4106364966793782,-0.40990542695756127
10th percentile,384,-0.4102530806705976,-0.4106364966793782,-0.40990542695756127
10th percentile,385,-0.4102530806705976,-0.4106364966793782,-0.40990542695756127
10th percentile,386,-0.4102530806705976,-0.4106364966793782,-0.40990542695756127
10th percentile,387,-0.41026136190516455,-0.4106364966793782,-0.409922240883565
10th percentile,388,-0.41026136190516455,-0.4106364966793782,-0.409922240883565
10th percentile,389,-0.41026136190516455,-0.4106364966793782,-0.409922240883565
10th percentile,390,-0.41026136190516455,-0.4106364966793782,-0.409922240883565
10th percentile,391,-0.41026136190516455,-0.4106364966793782,-0.409922240883565
10th percentile,392,-0.41026136190516455,-0.4106364966793782,-0.409922240883565
10th percentile,393,-0.41026136190516455,-0.4106364966793782,-0.409922240883565
10th percentile,394,-0.41026136190516455,-0.4106364966793782,-0.409922240883565
10th percentile,395,-0.41026136190516455,-0.4106364966793782,-0.409922240883565
10th percentile,396,-0.41026136190516455,-0.4106364966793782,-0.409922240883565
10th percentile,397,-0.41026136190516455,-0.4106364966793782,-0.409922240883565
10th percentile,398,-0.41026136190516455,-0.4106364966793782,-0.409922240883565
10th percentile,399,-0.41026136190516455,-0.4106364966793782,-0.409922240883565
10th percentile,400,-0.41026136190516455,-0.4106364966793782,-0.409922240883565
10th percentile,401,-0.41026136190516455,-0.4106364966793782,-0.409922240883565
10th percentile,402,-0.41026136190516455,-0.4106364966793782,-0.409922240883565
10th percentile,403,-0.4102708515435799,-0.4106364966793782,-0.4099390101643657
10th percentile,404,-0.4102708515435799,-0.4106364966793782,-0.4099390101643657
10th percentile,405,-0.4102708515435799,-0.4106364966793782,-0.4099390101643657
10th percentile,406,-0.4102708515435799,-0.4106364966793782,-0.4099390101643657
10th percentile,407,-0.4102708515435799,-0.4106364966793782,-0.4099390101643657
10th percentile,408,-0.4102708515435799,-0.4106364966793782,-0.4099390101643657
10th percentile,409,-0.4102713391219496,-0.4106364966793782,-0.4099390101643657
10th percentile,410,-0.4102713391219496,-0.4106364966793782,-0.4099390101643657
10th percentile,411,-0.4102713391219496,-0.4106364966793782,-0.4099390101643657
10th percentile,412,-0.4102713391219496,-0.4106364966793782,-0.4099390101643657
10th percentile,413,-0.4102713391219496,-0.4106364966793782,-0.4099390101643657
10th percentile,414,-0.4102713391219496,-0.4106364966793782,-0.4099390101643657
10th percentile,415,-0.4102713391219496,-0.4106364966793782,-0.4099390101643657
10th percentile,416,-0.4102713391219496,-0.4106364966793782,-0.4099390101643657
10th percentile,417,-0.4102713391219496,-0.4106364966793782,-0.4099390101643657
10th percentile,418,-0.4102713391219496,-0.4106364966793782,-0.4099390101643657
10th percentile,419,-0.4102713391219496,-0.4106364966793782,-0.4099390101643657
10th percentile,420,-0.4102713391219496,-0.4106364966793782,-0.4099390101643657
10th percentile,421,-0.4102713391219496,-0.4106364966793782,-0.4099390101643657
10th percentile,422,-0.4102713391219496,-0.4106364966793782,-0.4099390101643657
10th percentile,423,-0.4102713391219496,-0.4106364966793782,-0.4099390101643657
10th percentile,424,-0.41027150054291583,-0.41063674601367106,-0.4099390101643657
10th percentile,425,-0.41027150054291583,-0.41063674601367106,-0.4099390101643657
10th percentile,426,-0.41027150054291583,-0.41063674601367106,-0.4099390101643657
10th percentile,427,-0.41027150054291583,-0.41063674601367106,-0.4099390101643657
10th percentile,428,-0.41027150054291583,-0.41063674601367106,-0.4099390101643657
10th percentile,429,-0.41027150054291583,-0.41063674601367106,-0.4099390101643657
10th percentile,430,-0.41027150054291583,-0.41063674601367106,-0.4099390101643657
10th percentile,431,-0.41027150054291583,-0.41063674601367106,-0.4099390101643657
10th percentile,432,-0.41027150054291583,-0.41063674601367106,-0.4099390101643657
10th percentile,433,-0.41027150054291583,-0.41063674601367106,-0.4099390101643657
10th percentile,434,-0.41027150054291583,-0.41063674601367106,-0.4099390101643657
10th percentile,435,-0.41027150054291583,-0.41063674601367106,-0.4099390101643657
10th percentile,436,-0.41027150054291583,-0.41063674601367106,-0.4099390101643657
10th percentile,437,-0.41027150054291583,-0.41063674601367106,-0.4099390101643657
10th percentile,438,-0.41027150054291583,-0.41063674601367106,-0.4099390101643657
10th percentile,439,-0.41027150054291583,-0.41063674601367106,-0.4099390101643657
10th percentile,440,-0.41027150054291583,-0.41063674601367106,-0.4099390101643657
10th percentile,441,-0.41027150054291583,-0.41063674601367106,-0.4099390101643657
10th percentile,442,-0.41027150054291583,-0.41063674601367106,-0.4099390101643657
10th percentile,443,-0.41027339444742744,-0.4106410072988222,-0.4099390101643657
10th percentile,444,-0.41027339444742744,-0.4106410072988222,-0.4099390101643657
10th percentile,445,-0.41027339444742744,-0.4106410072988222,-0.4099390101643657
10th percentile,446,-0.41027339444742744,-0.4106410072988222,-0.4099390101643657
10th percentile,447,-0.41027339444742744,-0.4106410072988222,-0.4099390101643657
10th percentile,448,-0.4102733975367223,-0.41064103124085777,-0.4099390101643657
10th percentile,449,-0.41028026099493065,-0.41064103124085777,-0.4099390101643657
10th percentile,450,-0.41028026099493065,-0.41064103124085777,-0.4099390101643657
10th percentile,451,-0.41028026099493065,-0.41064103124085777,-0.4099390101643657
10th percentile,452,-0.41028026099493065,-0.41064103124085777,-0.4099390101643657
10th percentile,453,-0.41028148836453504,-0.41064103124085777,-0.4099390101643657
10th percentile,454,-0.4102833136440749,-0.41064103124085777,-0.4099431170433303
10th percentile,455,-0.410287826452368,-0.41064103124085777,-0.4099780913076021
10th percentile,456,-0.410287826452368,-0.41064103124085777,-0.4099780913076021
10th percentile,457,-0.410287826452368,-0.41064103124085777,-0.4099780913076021
10th percentile,458,-0.410287826452368,-0.41064103124085777,-0.4099780913076021
10th percentile,459,-0.410287826452368,-0.41064103124085777,-0.4099780913076021
10th percentile,460,-0.410287826452368,-0.41064103124085777,-0.4099780913076021
10th percentile,461,-0.410287826452368,-0.41064103124085777,-0.4099780913076021
10th percentile,462,-0.410287826452368,-0.41064103124085777,-0.4099780913076021
10th percentile,463,-0.410287826452368,-0.41064103124085777,-0.4099780913076021
10th percentile,464,-0.410287826452368,-0.41064103124085777,-0.4099780913076021
10th percentile,465,-0.410287826452368,-0.41064103124085777,-0.4099780913076021
10th percentile,466,-0.410287826452368,-0.41064103124085777,-0.4099780913076021
10th percentile,467,-0.410287826452368,-0.41064103124085777,-0.4099780913076021
10th percentile,468,-0.41028902841477394,-0.41064373565627116,-0.4099780913076021
10th percentile,469,-0.41028902841477394,-0.41064373565627116,-0.4099780913076021
10th percentile,470,-0.41028902841477394,-0.41064373565627116,-0.4099780913076021
10th percentile,471,-0.41028902841477394,-0.41064373565627116,-0.4099780913076021
10th percentile,472,-0.41028902841477394,-0.41064373565627116,-0.4099780913076021
10th percentile,473,-0.41028996216355706,-0.41064583659103304,-0.4099780913076021
10th percentile,474,-0.4103048062992878,-0.41064583659103304,-0.4100657460902874
10th percentile,475,-0.4103048062992878,-0.41064583659103304,-0.4100657460902874
10th percentile,476,-0.4103048062992878,-0.41064583659103304,-0.4100657460902874
10th percentile,477,-0.4103048062992878,-0.41064583659103304,-0.4100657460902874
10th percentile,478,-0.4103048062992878,-0.41064583659103304,-0.4100657460902874
10th percentile,479,-0.4103048062992878,-0.41064583659103304,-0.4100657460902874
10th percentile,480,-0.4103048062992878,-0.41064583659103304,-0.4100657460902874
10th percentile,481,-0.4103048062992878,-0.41064583659103304,-0.4100657460902874
10th percentile,482,-0.4103048062992878,-0.41064583659103304,-0.4100657460902874
10th percentile,483,-0.4103048062992878,-0.41064583659103304,-0.4100657460902874
10th percentile,484,-0.4103048062992878,-0.41064583659103304,-0.4100657460902874
10th percentile,485,-0.4103048062992878,-0.41064583659103304,-0.4100657460902874
10th percentile,486,-0.4103048062992878,-0.41064583659103304,-0.4100657460902874
10th percentile,487,-0.4103048062992878,-0.41064583659103304,-0.4100657460902874
10th percentile,488,-0.4103048062992878,-0.41064583659103304,-0.4100657460902874
10th percentile,489,-0.4103048062992878,-0.41064583659103304,-0.4100657460902874
10th percentile,490,-0.4103048062992878,-0.41064583659103304,-0.4100657460902874
10th percentile,491,-0.4103048062992878,-0.41064583659103304,-0.4100657460902874
10th percentile,492,-0.4103048062992878,-0.41064583659103304,-0.4100657460902874
10th percentile,493,-0.4103048062992878,-0.41064583659103304,-0.4100657460902874
10th percentile,494,-0.4103080622081025,-0.41064583659103304,-0.4100657460902874
10th percentile,495,-0.4103080622081025,-0.41064583659103304,-0.4100657460902874
10th percentile,496,-0.4103080622081025,-0.41064583659103304,-0.4100657460902874
10th percentile,497,-0.41033625656470873,-0.41064583659103304,-0.4100734588147024
10th percentile,498,-0.41033625656470873,-0.41064583659103304,-0.4100734588147024
10th percentile,499,-0.41033625656470873,-0.41064583659103304,-0.4100734588147024
10th percentile,500,-0.41034000906092893,-0.4106542797075285,-0.4100734588147024
20th percentile,1,-0.1825532937485322,-0.23956322975929098,-0.1458923280730917
20th percentile,2,-0.2097488695402605,-0.2481380329764817,-0.15700656348436415
20th percentile,3,-0.21823834947426288,-0.2511271693284088,-0.16882094409812867
20th percentile,4,-0.2437405152009075,-0.2948505818074969,-0.19161542897232967
20th percentile,5,-0.2611462986037416,-0.32610128521112747,-0.20155367858242784
20th percentile,6,-0.28125786263934416,-0.3265359123002933,-0.22676479017145174
20th percentile,7,-0.2878983203396397,-0.3518788131806011,-0.22676479017145174
20th percentile,8,-0.30780284630766047,-0.358374910221955,-0.2520207980759286
20th percentile,9,-0.32236339508505985,-0.36973212147342227,-0.2616082968342468
20th percentile,10,-0.33123548955798393,-0.376262458749477,-0.2616082968342468
20th percentile,11,-0.35010072255505154,-0.3823879492279944,-0.27234353558963653
20th percentile,12,-0.3577934966829023,-0.3944864016561594,-0.275060361964208
20th percentile,13,-0.36297116787205197,-0.40747255755168504,-0.2796659273509444
20th percentile,14,-0.3661583961647536,-0.40747255755168504,-0.2867293300902988
20th percentile,15,-0.3717218054431166,-0.41338443315308826,-0.29868582840712476
20th percentile,16,-0.3751937546828064,-0.41338443315308826,-0.3183796517480436
20th percentile,17,-0.3802456351313206,-0.41338443315308826,-0.32288916831826553
20th percentile,18,-0.3823286603141354,-0.41338443315308826,-0.3290098358098291
20th percentile,19,-0.38388100829511396,-0.41339664954251837,-0.3317406627436767
20th percentile,20,-0.3859838763691471,-0.41339664954251837,-0.3360462406326114
20th percentile,21,-0.3888464408049934,-0.41339664954251837,-0.33916827299805785
20th percentile,22,-0.39466876766606573,-0.41339664954251837,-0.340067328193337
20th percentile,23,-0.3972648996661198,-0.41339664954251837,-0.3578629193903433
20th percentile,24,-0.3974679595835775,-0.41339664954251837,-0.3578629193903433
20th percentile,25,-0.39873697016339704,-0.41373051152448104,-0.3578629193903433
20th percentile,26,-0.3989243464433905,-0.41443427847710834,-0.3578629193903433
20th percentile,27,-0.4000613032686595,-0.41443427847710834,-0.3578629193903433
20th percentile,28,-0.40517739525581986,-0.41443427847710834,-0.38485697782035827
20th percentile,29,-0.4054757010816651,-0.4151789723590584,-0.38485697782035827
20th percentile,30,-0.40798377611070896,-0.415248577709774,-0.3868339251242797
20th percentile,31,-0.40841178985083637,-0.4152653045461495,-0.38864314731003236
20th percentile,32,-0.41082916396139507,-0.41550027065107314,-0.40048653110523164
20th percentile,33,-0.41089503356370083,-0.41550027065107314,-0.40048653110523164
20th percentile,34,-0.41089503356370083,-0.41550027065107314,-0.40048653110523164
20th percentile,35,-0.41089503356370083,-0.41550027065107314,-0.40048653110523164
20th percentile,36,-0.4109467500754965,-0.4155412253937674,-0.40048653110523164
20th percentile,37,-0.41095362276754377,-0.4155412253937674,-0.40048653110523164
20th percentile,38,-0.41117957986929027,-0.41554580771666155,-0.40048653110523164
20th percentile,39,-0.41117957986929027,-0.41554580771666155,-0.40048653110523164
20th percentile,40,-0.4115940435276634,-0.41563271563093745,-0.40048653110523164
20th percentile,41,-0.4118364092232033,-0.41563271563093745,-0.40048653110523164
20th percentile,42,-0.41198503128418906,-0.41563271563093745,-0.40048653110523164
20th percentile,43,-0.41198530884994017,-0.4156348667655086,-0.40048653110523164
20th percentile,44,-0.4120792318456843,-0.415794582084041,-0.40048653110523164
20th percentile,45,-0.41208372807278487,-0.4158294278440707,-0.40048653110523164
20th percentile,46,-0.4121420851514534,-0.41587383292500835,-0.4005769150625883
20th percentile,47,-0.4121801744041864,-0.41587383292500835,-0.4005769150625883
20th percentile,48,-0.4122442620691329,-0.416324589435991,-0.4005769150625883
20th percentile,49,-0.4122535141739167,-0.416324589435991,-0.40059773229835194
20th percentile,50,-0.41228870725936984,-0.416324589435991,-0.400597732298352
20th percentile,51,-0.41238285723505996,-0.4163495939428645,-0.400597732298352
20th percentile,52,-0.41238285723505996,-0.4163495939428645,-0.400597732298352
20th percentile,53,-0.4124769016004448,-0.4163495939428645,-0.400597732298352
20th percentile,54,-0.4126037066944736,-0.4163495939428645,-0.40088304375991696
20th percentile,55,-0.4126037066944736,-0.4163495939428645,-0.40088304375991696
20th percentile,56,-0.4126037066944736,-0.4163495939428645,-0.40088304375991696
20th percentile,57,-0.4127769573164552,-0.4163636101742393,-0.40088304375991696
20th percentile,58,-0.4130568072617116,-0.4163636101742393,-0.40088304375991696
20th percentile,59,-0.41307304834765946,-0.4163636101742393,-0.4008963040706349
20th percentile,60,-0.4146109895481482,-0.4163636101742393,-0.4103055782947046
20th percentile,61,-0.4146109895481482,-0.4163636101742393,-0.4103055782947046
20th percentile,62,-0.4146175551579696,-0.4163636101742393,-0.4103203509168027
20th percentile,63,-0.4146175551579696,-0.4163636101742393,-0.4103203509168027
20th percentile,64,-0.4146952198896362,-0.4163636101742393,-0.4103203509168027
20th percentile,65,-0.4147038951596997,-0.4163636101742393,-0.4103203509168027
20th percentile,66,-0.4147277283887084,-0.4163636101742393,-0.4103739756820724
20th percentile,67,-0.4151740872195476,-0.4163636101742393,-0.4111739193389466
20th percentile,68,-0.41518182947332416,-0.4163636101742393,-0.4111739193389466
20th percentile,69,-0.4152336608606248,-0.4163636101742393,-0.4115756125905271
20th percentile,70,-0.4152336608606248,-0.4163636101742393,-0.4115756125905271
20th percentile,71,-0.4152336608606248,-0.4163636101742393,-0.4115756125905271
20th percentile,72,-0.4152336608606248,-0.4163636101742393,-0.4115756125905271
20th percentile,73,-0.4152336608606248,-0.4163636101742393,-0.4115756125905271
20th percentile,74,-0.4153082589759416,-0.4163727948566692,-0.4117299425230939
20th percentile,75,-0.4155503037850587,-0.4165167063316477,-0.4132608340257353
20th percentile,76,-0.41561865209962623,-0.4165167063316477,-0.41372969011762767
20th percentile,77,-0.41576450695793776,-0.4165167063316477,-0.41486006526954206
20th percentile,78,-0.41576450695793776,-0.4165167063316477,-0.41486006526954206
20th percentile,79,-0.4157890966701614,-0.4165167063316477,-0.4149100990494891
20th percentile,80,-0.4158119868447644,-0.4165167063316477,-0.4149100990494891
20th percentile,81,-0.41587364220550055,-0.4165167063316477,-0.4149535677838289
20th percentile,82,-0.41587778253467456,-0.4165167063316477,-0.4149535677838289
20th percentile,83,-0.41590063350342027,-0.4165167063316477,-0.4149535677838289
20th percentile,84,-0.41590063350342027,-0.4165167063316477,-0.4149535677838289
20th percentile,85,-0.41590063350342027,-0.4165167063316477,-0.4149535677838289
20th percentile,86,-0.41590063350342027,-0.4165167063316477,-0.4149535677838289
20th percentile,87,-0.41590063350342027,-0.4165167063316477,-0.4149535677838289
20th percentile,88,-0.41590063350342027,-0.4165167063316477,-0.4149535677838289
20th percentile,89,-0.4159528039267766,-0.41660393979294574,-0.4149535677838289
20th percentile,90,-0.4159528039267766,-0.41660393979294574,-0.4149535677838289
20th percentile,91,-0.4159528039267766,-0.41660393979294574,-0.4149535677838289
20th percentile,92,-0.41597271172099975,-0.41670902297518325,-0.4149535677838289
20th percentile,93,-0.41597271172099975,-0.41670902297518325,-0.4149535677838289
20th percentile,94,-0.4159953786920191,-0.41670902297518325,-0.4151292368092291
20th percentile,95,-0.4159953786920191,-0.41670902297518325,-0.4151292368092291
20th percentile,96,-0.4159953786920191,-0.41670902297518325,-0.4151292368092291
20th percentile,97,-0.4159953786920191,-0.41670902297518325,-0.4151292368092291
20th percentile,98,-0.4159953786920191,-0.41670902297518325,-0.4151292368092291
20th percentile,99,-0.4159953786920191,-0.41670902297518325,-0.4151292368092291
20th percentile,100,-0.4159953786920191,-0.41670902297518325,-0.4151292368092291
20th percentile,101,-0.4159953786920191,-0.41670902297518325,-0.4151292368092291
20th percentile,102,-0.4159953786920191,-0.41670902297518325,-0.4151292368092291
20th percentile,103,-0.4159953786920191,-0.41670902297518325,-0.4151292368092291
20th percentile,104,-0.4159953786920191,-0.41670902297518325,-0.4151292368092291
20th percentile,105,-0.4159953786920191,-0.41670902297518325,-0.4151292368092291
20th percentile,106,-0.4159953786920191,-0.41670902297518325,-0.4151292368092291
20th percentile,107,-0.41609621660325374,-0.41670902297518325,-0.41522449263654565
20th percentile,108,-0.4161148558366713,-0.41670902297518325,-0.41524819779181227
20th percentile,109,-0.4161211799983337,-0.41670902297518325,-0.41524819779181227
20th percentile,110,-0.4161211799983337,-0.41670902297518325,-0.41524819779181227
20th percentile,111,-0.41614793180504517,-0.41670902297518325,-0.41524819779181227
20th percentile,112,-0.41614793180504517,-0.41670902297518325,-0.41524819779181227
20th percentile,113,-0.41614793180504517,-0.41670902297518325,-0.41524819779181227
20th percentile,114,-0.41619418824577925,-0.41670902297518325,-0.41560668520750105
20th percentile,115,-0.41619418824577925,-0.41670902297518325,-0.41560668520750105
20th percentile,116,-0.41619418824577925,-0.41670902297518325,-0.41560668520750105
20th percentile,117,-0.41619418824577925,-0.41670902297518325,-0.41560668520750105
20th percentile,118,-0.41619418824577925,-0.41670902297518325,-0.41560668520750105
20th percentile,119,-0.41619418824577925,-0.41670902297518325,-0.41560668520750105
20th percentile,120,-0.4162051692777996,-0.41670902297518325,-0.41560668520750105
20th percentile,121,-0.41622072422619905,-0.41670902297518325,-0.41560668520750105
20th percentile,122,-0.41622072422619905,-0.41670902297518325,-0.41560668520750105
20th percentile,123,-0.41622072422619905,-0.41670902297518325,-0.41560668520750105
20th percentile,124,-0.41622072422619905,-0.41670902297518325,-0.41560668520750105
20th percentile,125,-0.4162248889899801,-0.41674129989448677,-0.41560668520750105
20th percentile,126,-0.41623998594817724,-0.4167752680504303,-0.41560668520750105
20th percentile,127,-0.41623998594817724,-0.4167752680504303,-0.41560668520750105
20th percentile,128,-0.41623998594817724,-0.4167752680504303,-0.41560668520750105
20th percentile,129,-0.41623998594817724,-0.4167752680504303,-0.41560668520750105
20th percentile,130,-0.41623998594817724,-0.4167752680504303,-0.41560668520750105
20th percentile,131,-0.41623998594817724,-0.4167752680504303,-0.41560668520750105
20th percentile,132,-0.41623998594817724,-0.4167752680504303,-0.41560668520750105
20th percentile,133,-0.41623998594817724,-0.4167752680504303,-0.41560668520750105
20th percentile,134,-0.41623998594817724,-0.4167752680504303,-0.41560668520750105
20th percentile,135,-0.4162601856022696,-0.4169316517936987,-0.41560668520750105
20th percentile,136,-0.4162601856022696,-0.4169316517936987,-0.41560668520750105
20th percentile,137,-0.41630110212832505,-0.4169316517936987,-0.41588934804553807
20th percentile,138,-0.41630110212832505,-0.4169316517936987,-0.41588934804553807
20th percentile,139,-0.41636127829098524,-0.4169316517936987,-0.4159284906107214
20th percentile,140,-0.41636127829098524,-0.4169316517936987,-0.4159284906107214
20th percentile,141,-0.41636127829098524,-0.4169316517936987,-0.4159284906107214
20th percentile,142,-0.41636127829098524,-0.4169316517936987,-0.4159284906107214
20th percentile,143,-0.41636127829098524,-0.4169316517936987,-0.4159284906107214
20th percentile,144,-0.41636127829098524,-0.4169316517936987,-0.4159284906107214
20th percentile,145,-0.41636127829098524,-0.4169316517936987,-0.4159284906107214
20th percentile,146,-0.41636127829098524,-0.4169316517936987,-0.4159284906107214
20th percentile,147,-0.41636127829098524,-0.4169316517936987,-0.4159284906107214
20th percentile,148,-0.41636127829098524,-0.4169316517936987,-0.4159284906107214
20th percentile,149,-0.41636127829098524,-0.4169316517936987,-0.4159284906107214
20th percentile,150,-0.41636127829098524,-0.4169316517936987,-0.4159284906107214
20th percentile,151,-0.41636127829098524,-0.4169316517936987,-0.4159284906107214
20th percentile,152,-0.416410129936872,-0.4169316517936987,-0.4159284906107214
20th percentile,153,-0.4164339735580965,-0.4169316517936987,-0.4159516886873368
20th percentile,154,-0.4164339735580965,-0.4169316517936987,-0.4159516886873368
20th percentile,155,-0.4164339735580965,-0.4169316517936987,-0.4159516886873368
20th percentile,156,-0.4164339735580965,-0.4169316517936987,-0.4159516886873368
20th percentile,157,-0.4164339735580965,-0.4169316517936987,-0.4159516886873368
20th percentile,158,-0.4164339735580965,-0.4169316517936987,-0.4159516886873368
20th percentile,159,-0.4164339735580965,-0.4169316517936987,-0.4159516886873368
20th percentile,160,-0.4164339735580965,-0.4169316517936987,-0.4159516886873368
20th percentile,161,-0.4164339735580965,-0.4169316517936987,-0.4159516886873368
20th percentile,162,-0.4164469627875872,-0.4169316517936987,-0.4159516886873368
20th percentile,163,-0.41646783608107524,-0.4169316517936987,-0.4159516886873368
20th percentile,164,-0.41646783608107524,-0.4169316517936987,-0.4159516886873368
20th percentile,165,-0.41646783608107524,-0.4169316517936987,-0.4159516886873368
20th percentile,166,-0.41646783608107524,-0.4169316517936987,-0.4159516886873368
20th percentile,167,-0.41646783608107524,-0.4169316517936987,-0.4159516886873368
20th percentile,168,-0.41646783608107524,-0.4169316517936987,-0.4159516886873368
20th percentile,169,-0.41646783608107524,-0.4169316517936987,-0.4159516886873368
20th percentile,170,-0.41646783608107524,-0.4169316517936987,-0.4159516886873368
20th percentile,171,-0.41646783608107524,-0.4169316517936987,-0.4159516886873368
20th percentile,172,-0.41652368118195315,-0.4169316517936987,-0.4162391175574872
20th percentile,173,-0.41652368118195315,-0.4169316517936987,-0.4162391175574872
20th percentile,174,-0.41652368118195315,-0.4169316517936987,-0.4162391175574872
20th percentile,175,-0.41652368118195315,-0.4169316517936987,-0.4162391175574872
20th percentile,176,-0.41653926223267035,-0.4169316517936987,-0.4162391175574872
20th percentile,177,-0.4165536953488081,-0.4169316517936987,-0.4162391175574872
20th percentile,178,-0.4165536953488081,-0.4169316517936987,-0.4162391175574872
20th percentile,179,-0.4165536953488081,-0.4169316517936987,-0.4162391175574872
20th percentile,180,-0.4165536953488081,-0.4169316517936987,-0.4162391175574872
20th percentile,181,-0.4165565099725438,-0.4169316517936987,-0.4162391175574872
20th percentile,182,-0.4165565099725438,-0.4169316517936987,-0.4162391175574872
20th percentile,183,-0.4165565099725438,-0.4169316517936987,-0.4162391175574872
20th percentile,184,-0.4165565099725438,-0.4169316517936987,-0.4162391175574872
20th percentile,185,-0.4165565099725438,-0.4169316517936987,-0.4162391175574872
20th percentile,186,-0.4165565099725438,-0.4169316517936987,-0.4162391175574872
20th percentile,187,-0.4165592798037897,-0.4169316517936987,-0.4162391175574872
20th percentile,188,-0.4165592798037897,-0.4169316517936987,-0.4162391175574872
20th percentile,189,-0.4165592798037897,-0.4169316517936987,-0.4162391175574872
20th percentile,190,-0.41656182570907196,-0.4169316517936987,-0.4162391175574872
20th percentile,191,-0.4165685362114674,-0.4169316517936987,-0.4162391175574872
20th percentile,192,-0.4165685362114674,-0.4169316517936987,-0.4162391175574872
20th percentile,193,-0.4166026701445884,-0.41693773013438884,-0.4162391175574872
20th percentile,194,-0.41667063427502293,-0.4169584837926466,-0.4163422862353204
20th percentile,195,-0.4166740541096982,-0.4169584837926466,-0.41636878995405346
20th percentile,196,-0.4166740541096982,-0.4169584837926466,-0.41636878995405346
20th percentile,197,-0.4166740541096982,-0.4169584837926466,-0.41636878995405346
20th percentile,198,-0.4166740541096982,-0.4169584837926466,-0.41636878995405346
20th percentile,199,-0.4166794575659859,-0.4169584837926466,-0.41636878995405346
20th percentile,200,-0.416694745726117,-0.4169721284946837,-0.41636878995405346
20th percentile,201,-0.4167183277901804,-0.4169721284946837,-0.41636878995405346
20th percentile,202,-0.4167183277901804,-0.4169721284946837,-0.41636878995405346
20th percentile,203,-0.4167183277901804,-0.4169721284946837,-0.41636878995405346
20th percentile,204,-0.41672703320011883,-0.4169721284946837,-0.41636878995405346
20th percentile,205,-0.41672703320011883,-0.4169721284946837,-0.41636878995405346
20th percentile,206,-0.41672703320011883,-0.4169721284946837,-0.41636878995405346
20th percentile,207,-0.41672703320011883,-0.4169721284946837,-0.41636878995405346
20th percentile,208,-0.41675306456770606,-0.4170013023916132,-0.41636878995405346
20th percentile,209,-0.41675306456770606,-0.4170013023916132,-0.41636878995405346
20th percentile,210,-0.41675306456770606,-0.4170013023916132,-0.41636878995405346
20th percentile,211,-0.41675306456770606,-0.4170013023916132,-0.41636878995405346
20th percentile,212,-0.41675306456770606,-0.4170013023916132,-0.41636878995405346
20th percentile,213,-0.41675306456770606,-0.4170013023916132,-0.41636878995405346
20th percentile,214,-0.41675306456770606,-0.4170013023916132,-0.41636878995405346
20th percentile,215,-0.41675306456770606,-0.4170013023916132,-0.41636878995405346
20th percentile,216,-0.41675306456770606,-0.4170013023916132,-0.41636878995405346
20th percentile,217,-0.41677648717386806,-0.41718282758936903,-0.41636878995405346
20th percentile,218,-0.41677648717386806,-0.41718282758936903,-0.41636878995405346
20th percentile,219,-0.41677648717386806,-0.41718282758936903,-0.41636878995405346
20th percentile,220,-0.41677648717386806,-0.41718282758936903,-0.41636878995405346
20th percentile,221,-0.41677648717386806,-0.41718282758936903,-0.41636878995405346
20th percentile,222,-0.41677648717386806,-0.41718282758936903,-0.41636878995405346
20th percentile,223,-0.41677648717386806,-0.41718282758936903,-0.41636878995405346
20th percentile,224,-0.41677648717386806,-0.41718282758936903,-0.41636878995405346
20th percentile,225,-0.41677648717386806,-0.41718282758936903,-0.41636878995405346
20th percentile,226,-0.41677648717386806,-0.41718282758936903,-0.41636878995405346
20th percentile,227,-0.41677648717386806,-0.41718282758936903,-0.41636878995405346
20th percentile,228,-0.41677648717386806,-0.41718282758936903,-0.41636878995405346
20th percentile,229,-0.41677648717386806,-0.41718282758936903,-0.41636878995405346
20th percentile,230,-0.41677648717386806,-0.41718282758936903,-0.41636878995405346
20th percentile,231,-0.41677648717386806,-0.41718282758936903,-0.41636878995405346
20th percentile,232,-0.41677648717386806,-0.41718282758936903,-0.41636878995405346
20th percentile,233,-0.41677648717386806,-0.41718282758936903,-0.41636878995405346
20th percentile,234,-0.41677648717386806,-0.41718282758936903,-0.41636878995405346
20th percentile,235,-0.41677648717386806,-0.41718282758936903,-0.41636878995405346
20th percentile,236,-0.41677648717386806,-0.41718282758936903,-0.41636878995405346
20th percentile,237,-0.4167791100505154,-0.41718282758936903,-0.41636878995405346
20th percentile,238,-0.4167791100505154,-0.41718282758936903,-0.41636878995405346
20th percentile,239,-0.4167911745672511,-0.41718282758936903,-0.41636878995405346
20th percentile,240,-0.4167911745672511,-0.41718282758936903,-0.41636878995405346
20th percentile,241,-0.41680791041342297,-0.4171994562129163,-0.41636878995405346
20th percentile,242,-0.41680791041342297,-0.4171994562129163,-0.41636878995405346
20th percentile,243,-0.41680791041342297,-0.4171994562129163,-0.41636878995405346
20th percentile,244,-0.41680791041342297,-0.4171994562129163,-0.41636878995405346
20th percentile,245,-0.41682930193892515,-0.4171994562129163,-0.41636878995405346
20th percentile,246,-0.41682930193892515,-0.4171994562129163,-0.41636878995405346
20th percentile,247,-0.41682930193892515,-0.4171994562129163,-0.41636878995405346
20th percentile,248,-0.41682930193892515,-0.4171994562129163,-0.41636878995405346
20th percentile,249,-0.41682930193892515,-0.4171994562129163,-0.41636878995405346
20th percentile,250,-0.41682930193892515,-0.4171994562129163,-0.41636878995405346
20th percentile,251,-0.41682930193892515,-0.4171994562129163,-0.41636878995405346
20th percentile,252,-0.41682930193892515,-0.4171994562129163,-0.41636878995405346
20th percentile,253,-0.41682930193892515,-0.4171994562129163,-0.41636878995405346
20th percentile,254,-0.41682930193892515,-0.4171994562129163,-0.41636878995405346
20th percentile,255,-0.41682930193892515,-0.4171994562129163,-0.41636878995405346
20th percentile,256,-0.41683021666092773,-0.4171994562129163,-0.41637084807855945
20th percentile,257,-0.41683021666092773,-0.4171994562129163,-0.41637084807855945
20th percentile,258,-0.41683021666092773,-0.4171994562129163,-0.41637084807855945
20th percentile,259,-0.41683021666092773,-0.4171994562129163,-0.41637084807855945
20th percentile,260,-0.41683021666092773,-0.4171994562129163,-0.41637084807855945
20th percentile,261,-0.41683021666092773,-0.4171994562129163,-0.41637084807855945
20th percentile,262,-0.41683021666092773,-0.4171994562129163,-0.41637084807855945
20th percentile,263,-0.41683021666092773,-0.4171994562129163,-0.41637084807855945
20th percentile,264,-0.4168583553426443,-0.41724123401994156,-0.41637084807855945
20th percentile,265,-0.4168583553426443,-0.41724123401994156,-0.41637084807855945
20th percentile,266,-0.4168583553426443,-0.41724123401994156,-0.41637084807855945
20th percentile,267,-0.4168583553426443,-0.41724123401994156,-0.41637084807855945
20th percentile,268,-0.4168603485597811,-0.41724123401994156,-0.41637084807855945
20th percentile,269,-0.4168603485597811,-0.41724123401994156,-0.41637084807855945
20th percentile,270,-0.41686115178650346,-0.41724123401994156,-0.41637084807855945
20th percentile,271,-0.41686115178650346,-0.41724123401994156,-0.41637084807855945
20th percentile,272,-0.41691823133541944,-0.41724123401994156,-0.41643419730440107
20th percentile,273,-0.41691823133541944,-0.41724123401994156,-0.41643419730440107
20th percentile,274,-0.41691823133541944,-0.41724123401994156,-0.41643419730440107
20th percentile,275,-0.41691823133541944,-0.41724123401994156,-0.41643419730440107
20th percentile,276,-0.41691823133541944,-0.41724123401994156,-0.41643419730440107
20th percentile,277,-0.41691823133541944,-0.41724123401994156,-0.41643419730440107
20th percentile,278,-0.41691823133541944,-0.41724123401994156,-0.41643419730440107
20th percentile,279,-0.41691823133541944,-0.41724123401994156,-0.41643419730440107
20th percentile,280,-0.41691823133541944,-0.41724123401994156,-0.41643419730440107
20th percentile,281,-0.41691823133541944,-0.41724123401994156,-0.41643419730440107
20th percentile,282,-0.41691823133541944,-0.41724123401994156,-0.41643419730440107
20th percentile,283,-0.416923613436272,-0.41724123401994156,-0.41643419730440107
20th percentile,284,-0.41692659004250643,-0.41724123401994156,-0.4164572660027183
20th percentile,285,-0.4169561378549075,-0.41724123401994156,-0.41668626154882643
20th percentile,286,-0.4169561378549075,-0.41724123401994156,-0.41668626154882643
20th percentile,287,-0.4169561378549075,-0.41724123401994156,-0.41668626154882643
20th percentile,288,-0.4169561378549075,-0.41724123401994156,-0.41668626154882643
20th percentile,289,-0.4169561378549075,-0.41724123401994156,-0.41668626154882643
20th percentile,290,-0.4169589464320122,-0.41724123401994156,-0.41668626154882643
20th percentile,291,-0.4169589464320122,-0.41724123401994156,-0.41668626154882643
20th percentile,292,-0.4169589464320122,-0.41724123401994156,-0.41668626154882643
20th percentile,293,-0.4169646560416468,-0.41728548349460987,-0.41668626154882643
20th percentile,294,-0.4169646560416468,-0.41728548349460987,-0.41668626154882643
20th percentile,295,-0.4169646560416468,-0.41728548349460987,-0.41668626154882643
20th percentile,296,-0.4169646560416468,-0.41728548349460987,-0.41668626154882643
20th percentile,297,-0.4169646560416468,-0.41728548349460987,-0.41668626154882643
20th percentile,298,-0.4169713018706543,-0.41728548349460987,-0.41668626154882643
20th percentile,299,-0.4169713018706543,-0.41728548349460987,-0.41668626154882643
20th percentile,300,-0.41697761524882415,-0.41728548349460987,-0.41668626154882643
20th percentile,301,-0.4169852459419726,-0.41730994279435873,-0.41668626154882643
20th percentile,302,-0.41698969948870435,-0.41730994279435873,-0.41668626154882643
20th percentile,303,-0.41698969948870435,-0.41730994279435873,-0.41668626154882643
20th percentile,304,-0.41699389604039405,-0.41730994279435873,-0.4166957037901283
20th percentile,305,-0.41699389604039405,-0.41730994279435873,-0.4166957037901283
20th percentile,306,-0.41699389604039405,-0.41730994279435873,-0.4166957037901283
20th percentile,307,-0.41699389604039405,-0.41730994279435873,-0.4166957037901283
20th percentile,308,-0.41700311286290603,-0.41730994279435873,-0.4166957037901283
20th percentile,309,-0.41700311286290603,-0.41730994279435873,-0.4166957037901283
20th percentile,310,-0.41700311286290603,-0.41730994279435873,-0.4166957037901283
20th percentile,311,-0.41700311286290603,-0.41730994279435873,-0.4166957037901283
20th percentile,312,-0.41700311286290603,-0.41730994279435873,-0.4166957037901283
20th percentile,313,-0.41700311286290603,-0.41730994279435873,-0.4166957037901283
20th percentile,314,-0.41700311286290603,-0.41730994279435873,-0.4166957037901283
20th percentile,315,-0.41700311286290603,-0.41730994279435873,-0.4166957037901283
20th percentile,316,-0.41700311286290603,-0.41730994279435873,-0.4166957037901283
20th percentile,317,-0.41700311286290603,-0.41730994279435873,-0.4166957037901283
20th percentile,318,-0.4170112188335091,-0.41730994279435873,-0.4167139422239854
20th percentile,319,-0.4170260520827361,-0.41730994279435873,-0.4167139422239854
20th percentile,320,-0.4170260520827361,-0.41730994279435873,-0.4167139422239854
20th percentile,321,-0.4170260520827361,-0.41730994279435873,-0.4167139422239854
20th percentile,322,-0.4170260520827361,-0.41730994279435873,-0.4167139422239854
20th percentile,323,-0.4170260520827361,-0.41730994279435873,-0.4167139422239854
20th percentile,324,-0.4170260520827361,-0.41730994279435873,-0.4167139422239854
20th percentile,325,-0.4170260520827361,-0.41730994279435873,-0.4167139422239854
20th percentile,326,-0.4170260520827361,-0.41730994279435873,-0.4167139422239854
20th percentile,327,-0.4170260520827361,-0.41730994279435873,-0.4167139422239854
20th percentile,328,-0.4170260520827361,-0.41730994279435873,-0.4167139422239854
20th percentile,329,-0.4170260520827361,-0.41730994279435873,-0.4167139422239854
20th percentile,330,-0.4170260520827361,-0.41730994279435873,-0.4167139422239854
20th percentile,331,-0.4170492879085853,-0.41730994279435873,-0.4167139422239854
20th percentile,332,-0.4170492879085853,-0.41730994279435873,-0.4167139422239854
20th percentile,333,-0.4170492879085853,-0.41730994279435873,-0.4167139422239854
20th percentile,334,-0.4170492879085853,-0.41730994279435873,-0.4167139422239854
20th percentile,335,-0.4170583970092556,-0.41730994279435873,-0.4167845377541802
20th percentile,336,-0.4170583970092556,-0.41730994279435873,-0.4167845377541802
20th percentile,337,-0.4170583970092556,-0.41730994279435873,-0.4167845377541802
20th percentile,338,-0.4170583970092556,-0.41730994279435873,-0.4167845377541802
20th percentile,339,-0.4170583970092556,-0.41730994279435873,-0.4167845377541802
20th percentile,340,-0.417077013016555,-0.41730994279435873,-0.4167845377541802
20th percentile,341,-0.417077013016555,-0.41730994279435873,-0.4167845377541802
20th percentile,342,-0.41709033671685036,-0.41730994279435873,-0.41680028394841384
20th percentile,343,-0.4170958132242732,-0.4173523857268862,-0.41680028394841384
20th percentile,344,-0.4170958132242732,-0.4173523857268862,-0.41680028394841384
20th percentile,345,-0.4171078740107134,-0.4173523857268862,-0.41680028394841384
20th percentile,346,-0.4171078740107134,-0.4173523857268862,-0.41680028394841384
20th percentile,347,-0.4171078740107134,-0.4173523857268862,-0.41680028394841384
20th percentile,348,-0.4171078740107134,-0.4173523857268862,-0.41680028394841384
20th percentile,349,-0.4171078740107134,-0.4173523857268862,-0.41680028394841384
20th percentile,350,-0.4171078740107134,-0.4173523857268862,-0.41680028394841384
20th percentile,351,-0.417112894551546,-0.4173912949183388,-0.41680028394841384
20th percentile,352,-0.4171153805605984,-0.4173912949183388,-0.41680028394841384
20th percentile,353,-0.4171153805605984,-0.4173912949183388,-0.41680028394841384
20th percentile,354,-0.4171153805605984,-0.4173912949183388,-0.41680028394841384
20th percentile,355,-0.4171153805605984,-0.4173912949183388,-0.41680028394841384
20th percentile,356,-0.4171153805605984,-0.4173912949183388,-0.41680028394841384
20th percentile,357,-0.4171153805605984,-0.4173912949183388,-0.41680028394841384
20th percentile,358,-0.4171153805605984,-0.4173912949183388,-0.41680028394841384
20th percentile,359,-0.4171153805605984,-0.4173912949183388,-0.41680028394841384
20th percentile,360,-0.41711803152834026,-0.4173912949183388,-0.41680028394841384
20th percentile,361,-0.41711803152834026,-0.4173912949183388,-0.41680028394841384
20th percentile,362,-0.41711803152834026,-0.4173912949183388,-0.41680028394841384
20th percentile,363,-0.4171337307505326,-0.4173912949183388,-0.41680028394841384
20th percentile,364,-0.4171477603877808,-0.4173912949183388,-0.41680028394841384
20th percentile,365,-0.4171477603877808,-0.4173912949183388,-0.41680028394841384
20th percentile,366,-0.4171477603877808,-0.4173912949183388,-0.41680028394841384
20th percentile,367,-0.4171477603877808,-0.4173912949183388,-0.41680028394841384
20th percentile,368,-0.4171477603877808,-0.4173912949183388,-0.41680028394841384
20th percentile,369,-0.4171477603877808,-0.4173912949183388,-0.41680028394841384
20th percentile,370,-0.4171477603877808,-0.4173912949183388,-0.41680028394841384
20th percentile,371,-0.4171477603877808,-0.4173912949183388,-0.41680028394841384
20th percentile,372,-0.41715322323989434,-0.4174035863355944,-0.41680028394841384
20th percentile,373,-0.41715322323989434,-0.4174035863355944,-0.41680028394841384
20th percentile,374,-0.41715322323989434,-0.4174035863355944,-0.41680028394841384
20th percentile,375,-0.41715322323989434,-0.4174035863355944,-0.41680028394841384
20th percentile,376,-0.41715322323989434,-0.4174035863355944,-0.41680028394841384
20th percentile,377,-0.41715322323989434,-0.4174035863355944,-0.41680028394841384
20th percentile,378,-0.41715322323989434,-0.4174035863355944,-0.41680028394841384
20th percentile,379,-0.41715322323989434,-0.4174035863355944,-0.41680028394841384
20th percentile,380,-0.4171570109206438,-0.4174035863355944,-0.41680028394841384
20th percentile,381,-0.4171570109206438,-0.4174035863355944,-0.41680028394841384
20th percentile,382,-0.4171570109206438,-0.4174035863355944,-0.41680028394841384
20th percentile,383,-0.4171570109206438,-0.4174035863355944,-0.41680028394841384
20th percentile,384,-0.4171570109206438,-0.4174035863355944,-0.41680028394841384
20th percentile,385,-0.4171570109206438,-0.4174035863355944,-0.41680028394841384
20th percentile,386,-0.4171570109206438,-0.4174035863355944,-0.41680028394841384
20th percentile,387,-0.4171570109206438,-0.4174035863355944,-0.41680028394841384
20th percentile,388,-0.4171570109206438,-0.4174035863355944,-0.41680028394841384
20th percentile,389,-0.4171570109206438,-0.4174035863355944,-0.41680028394841384
20th percentile,390,-0.4171570109206438,-0.4174035863355944,-0.41680028394841384
20th percentile,391,-0.4171570109206438,-0.4174035863355944,-0.41680028394841384
20th percentile,392,-0.4171570109206438,-0.4174035863355944,-0.41680028394841384
20th percentile,393,-0.4171570109206438,-0.4174035863355944,-0.41680028394841384
20th percentile,394,-0.4171570109206438,-0.4174035863355944,-0.41680028394841384
20th percentile,395,-0.4171570109206438,-0.4174035863355944,-0.41680028394841384
20th percentile,396,-0.4171570109206438,-0.4174035863355944,-0.41680028394841384
20th percentile,397,-0.4171570109206438,-0.4174035863355944,-0.41680028394841384
20th percentile,398,-0.4171570109206438,-0.4174035863355944,-0.41680028394841384
20th percentile,399,-0.4171570109206438,-0.4174035863355944,-0.41680028394841384
20th percentile,400,-0.4171570109206438,-0.4174035863355944,-0.41680028394841384
20th percentile,401,-0.4171570109206438,-0.4174035863355944,-0.41680028394841384
20th percentile,402,-0.4171570109206438,-0.4174035863355944,-0.41680028394841384
20th percentile,403,-0.4171570109206438,-0.4174035863355944,-0.41680028394841384
20th percentile,404,-0.4171570109206438,-0.4174035863355944,-0.41680028394841384
20th percentile,405,-0.4171640162769081,-0.4174035863355944,-0.4168545754594622
20th percentile,406,-0.4171640162769081,-0.4174035863355944,-0.4168545754594622
20th percentile,407,-0.4171640162769081,-0.4174035863355944,-0.4168545754594622
20th percentile,408,-0.4171651787818608,-0.4174035863355944,-0.4168545754594622
20th percentile,409,-0.4171651787818608,-0.4174035863355944,-0.4168545754594622
20th percentile,410,-0.4171663478532038,-0.4174035863355944,-0.4168545754594622
20th percentile,411,-0.4171663478532038,-0.4174035863355944,-0.4168545754594622
20th percentile,412,-0.4171663478532038,-0.4174035863355944,-0.4168545754594622
20th percentile,413,-0.4171663478532038,-0.4174035863355944,-0.4168545754594622
20th percentile,414,-0.4171663478532038,-0.4174035863355944,-0.4168545754594622
20th percentile,415,-0.4171663478532038,-0.4174035863355944,-0.4168545754594622
20th percentile,416,-0.4171663478532038,-0.4174035863355944,-0.4168545754594622
20th percentile,417,-0.4171663478532038,-0.4174035863355944,-0.4168545754594622
20th percentile,418,-0.4171663478532038,-0.4174035863355944,-0.4168545754594622
20th percentile,419,-0.4171663478532038,-0.4174035863355944,-0.4168545754594622
20th percentile,420,-0.4171663478532038,-0.4174035863355944,-0.4168545754594622
20th percentile,421,-0.4171663478532038,-0.4174035863355944,-0.4168545754594622
20th percentile,422,-0.4171663478532038,-0.4174035863355944,-0.4168545754594622
20th percentile,423,-0.4171663478532038,-0.4174035863355944,-0.4168545754594622
20th percentile,424,-0.4171663478532038,-0.4174035863355944,-0.4168545754594622
20th percentile,425,-0.4171690316323227,-0.4174035863355944,-0.4168545754594622
20th percentile,426,-0.4171690316323227,-0.4174035863355944,-0.4168545754594622
20th percentile,427,-0.4171690316323227,-0.4174035863355944,-0.4168545754594622
20th percentile,428,-0.4171690316323227,-0.4174035863355944,-0.4168545754594622
20th percentile,429,-0.4171690316323227,-0.4174035863355944,-0.4168545754594622
20th percentile,430,-0.4171690316323227,-0.4174035863355944,-0.4168545754594622
20th percentile,431,-0.4171690316323227,-0.4174035863355944,-0.4168545754594622
20th percentile,432,-0.4171690316323227,-0.4174035863355944,-0.4168545754594622
20th percentile,433,-0.4171690316323227,-0.4174035863355944,-0.4168545754594622
20th percentile,434,-0.4171690316323227,-0.4174035863355944,-0.4168545754594622
20th percentile,435,-0.4171690316323227,-0.4174035863355944,-0.4168545754594622
20th percentile,436,-0.4171690316323227,-0.4174035863355944,-0.4168545754594622
20th percentile,437,-0.4171690316323227,-0.4174035863355944,-0.4168545754594622
20th percentile,438,-0.4171690316323227,-0.4174035863355944,-0.4168545754594622
20th percentile,439,-0.4171690316323227,-0.4174035863355944,-0.4168545754594622
20th percentile,440,-0.4171690316323227,-0.4174035863355944,-0.4168545754594622
20th percentile,441,-0.4171701482473681,-0.41741224010219646,-0.4168545754594622
20th percentile,442,-0.4171701482473681,-0.41741224010219646,-0.4168545754594622
20th percentile,443,-0.4171701482473681,-0.41741224010219646,-0.4168545754594622
20th percentile,444,-0.4171734667044863,-0.41741224010219646,-0.4168545754594622
20th percentile,445,-0.4171734667044863,-0.41741224010219646,-0.4168545754594622
20th percentile,446,-0.4171734667044863,-0.41741224010219646,-0.4168545754594622
20th percentile,447,-0.4171734667044863,-0.41741224010219646,-0.4168545754594622
20th percentile,448,-0.4171734667044863,-0.41741224010219646,-0.4168545754594622
20th percentile,449,-0.4171734667044863,-0.41741224010219646,-0.4168545754594622
20th percentile,450,-0.4171734667044863,-0.41741224010219646,-0.4168545754594622
20th percentile,451,-0.4171734667044863,-0.41741224010219646,-0.4168545754594622
20th percentile,452,-0.4171734667044863,-0.41741224010219646,-0.4168545754594622
20th percentile,453,-0.4171734667044863,-0.41741224010219646,-0.4168545754594622
20th percentile,454,-0.4171734667044863,-0.41741224010219646,-0.4168545754594622
20th percentile,455,-0.4171734667044863,-0.41741224010219646,-0.4168545754594622
20th percentile,456,-0.4171734667044863,-0.41741224010219646,-0.4168545754594622
20th percentile,457,-0.4171734667044863,-0.41741224010219646,-0.4168545754594622
20th percentile,458,-0.4171734667044863,-0.41741224010219646,-0.4168545754594622
20th percentile,459,-0.4171734667044863,-0.41741224010219646,-0.4168545754594622
20th percentile,460,-0.4171734667044863,-0.41741224010219646,-0.4168545754594622
20th percentile,461,-0.4171734667044863,-0.41741224010219646,-0.4168545754594622
20th percentile,462,-0.4171734667044863,-0.41741224010219646,-0.4168545754594622
20th percentile,463,-0.4171734667044863,-0.41741224010219646,-0.4168545754594622
20th percentile,464,-0.4171734667044863,-0.41741224010219646,-0.4168545754594622
20th percentile,465,-0.41717384917720796,-0.41741224010219646,-0.4168545754594622
20th percentile,466,-0.41717384917720796,-0.41741224010219646,-0.4168545754594622
20th percentile,467,-0.41717384917720796,-0.41741224010219646,-0.4168545754594622
20th percentile,468,-0.41717384917720796,-0.41741224010219646,-0.4168545754594622
20th percentile,469,-0.41717384917720796,-0.41741224010219646,-0.4168545754594622
20th percentile,470,-0.41717384917720796,-0.41741224010219646,-0.4168545754594622
20th percentile,471,-0.41717506749311867,-0.41741224010219646,-0.4168545754594622
20th percentile,472,-0.41717506749311867,-0.41741224010219646,-0.4168545754594622
20th percentile,473,-0.41717506749311867,-0.41741224010219646,-0.4168545754594622
20th percentile,474,-0.41717506749311867,-0.41741224010219646,-0.4168545754594622
20th percentile,475,-0.41717506749311867,-0.41741224010219646,-0.4168545754594622
20th percentile,476,-0.41717506749311867,-0.41741224010219646,-0.4168545754594622
20th percentile,477,-0.41717506749311867,-0.41741224010219646,-0.4168545754594622
20th percentile,478,-0.41717506749311867,-0.41741224010219646,-0.4168545754594622
20th percentile,479,-0.41717506749311867,-0.41741224010219646,-0.4168545754594622
20th percentile,480,-0.41717506749311867,-0.41741224010219646,-0.4168545754594622
20th percentile,481,-0.41717506749311867,-0.41741224010219646,-0.4168545754594622
20th percentile,482,-0.41717506749311867,-0.41741224010219646,-0.4168545754594622
20th percentile,483,-0.41717506749311867,-0.41741224010219646,-0.4168545754594622
20th percentile,484,-0.41717506749311867,-0.41741224010219646,-0.4168545754594622
20th percentile,485,-0.41717506749311867,-0.41741224010219646,-0.4168545754594622
20th percentile,486,-0.41717506749311867,-0.41741224010219646,-0.4168545754594622
20th percentile,487,-0.41718417016366977,-0.41741224010219646,-0.4168545754594622
20th percentile,488,-0.41718417016366977,-0.41741224010219646,-0.4168545754594622
20th percentile,489,-0.41718417016366977,-0.41741224010219646,-0.4168545754594622
20th percentile,490,-0.41718417016366977,-0.41741224010219646,-0.4168545754594622
20th percentile,491,-0.41718417016366977,-0.41741224010219646,-0.4168545754594622
20th percentile,492,-0.41718417016366977,-0.41741224010219646,-0.4168545754594622
20th percentile,493,-0.41718417016366977,-0.41741224010219646,-0.4168545754594622
20th percentile,494,-0.41718417016366977,-0.41741224010219646,-0.4168545754594622
20th percentile,495,-0.41718417016366977,-0.41741224010219646,-0.4168545754594622
20th percentile,496,-0.41718417016366977,-0.41741224010219646,-0.4168545754594622
20th percentile,497,-0.41718417016366977,-0.41741224010219646,-0.4168545754594622
20th percentile,498,-0.41718417016366977,-0.41741224010219646,-0.4168545754594622
20th percentile,499,-0.41718417016366977,-0.41741224010219646,-0.4168545754594622
20th percentile,500,-0.41718417016366977,-0.41741224010219646,-0.4168545754594622
30th percentile,1,-0.22808321553095387,-0.3167952946803641,-0.17052317701008152
30th percentile,2,-0.24587026688446684,-0.32276325976085546,-0.20749567669850447
30th percentile,3,-0.28003312448161877,-0.3390946873631259,-0.21247914999297168
30th percentile,4,-0.30661325821114993,-0.36667504363735537,-0.21975330647312014
30th percentile,5,-0.3117071923496488,-0.36667504363735537,-0.23440732921572852
30th percentile,6,-0.3286066285289733,-0.42486949635339777,-0.2386112912846138
30th percentile,7,-0.3394935566280566,-0.42497542810556926,-0.2557077769960794
30th percentile,8,-0.36135885609312696,-0.4356416316777829,-0.2930604655569841
30th percentile,9,-0.3801161332473083,-0.4356416316777829,-0.3117218123203098
30th percentile,10,-0.3869770392385118,-0.4356416316777829,-0.33446716163878043
30th percentile,11,-0.3962444235042367,-0.44961471504801676,-0.34326924455297575
30th percentile,12,-0.40524347982762265,-0.44967135652258816,-0.3707376909494591
30th percentile,13,-0.4102154591013293,-0.45386170445530777,-0.3707376909494591
30th percentile,14,-0.41808012952625334,-0.4549413562105943,-0.39050639474781906
30th percentile,15,-0.42555340554157006,-0.46634075218971677,-0.4010709827065635
30th percentile,16,-0.42991640661024205,-0.46634075218971677,-0.4063385730855199
30th percentile,17,-0.43840935839554146,-0.4705099423849394,-0.409308816398075
30th percentile,18,-0.4460230713545813,-0.4730889690505025,-0.409308816398075
30th percentile,19,-0.45095025082981355,-0.4730889690505025,-0.41279295276522066
30th percentile,20,-0.4548207819178519,-0.4730889690505025,-0.4139503247047705
30th percentile,21,-0.46310852714116235,-0.4735201323029067,-0.43278106221474555
30th percentile,22,-0.4641676209372371,-0.47372258246005045,-0.4379960537660148
30th percentile,23,-0.465989458838719,-0.4777412290407717,-0.4379960537660148
30th percentile,24,-0.4660237237460583,-0.4777412290407717,-0.4382379899663361
30th percentile,25,-0.4670723161681291,-0.4777412290407717,-0.4382379899663361
30th percentile,26,-0.4670723161681291,-0.4777412290407717,-0.4382379899663361
30th percentile,27,-0.4670723161681291,-0.4777412290407717,-0.4382379899663361
30th percentile,28,-0.4671747909051149,-0.4777412290407717,-0.4384685581245542
30th percentile,29,-0.4672926656179276,-0.4777412290407717,-0.4387337762283827
30th percentile,30,-0.46742705157770503,-0.4779160785365329,-0.4387337762283827
30th percentile,31,-0.46775809574662697,-0.47830923878245696,-0.4399451499126781
30th percentile,32,-0.46782155209507115,-0.47830923878245696,-0.4399451499126781
30th percentile,33,-0.46845419476685357,-0.4785548287772952,-0.4401224039110815
30th percentile,34,-0.4684595772660982,-0.4785669394005955,-0.4401224039110815
30th percentile,35,-0.46891318084183525,-0.4785669394005955,-0.4436378316230438
30th percentile,36,-0.47251733260197326,-0.4785669394005955,-0.4626153276991066
30th percentile,37,-0.4730931064745153,-0.47870769429163573,-0.4626153276991066
30th percentile,38,-0.4730931064745153,-0.47870769429163573,-0.4626153276991066
30th percentile,39,-0.4738716890947178,-0.47870769429163573,-0.46503895120121075
30th percentile,40,-0.47418703080323715,-0.47870769429163573,-0.4655049164452335
30th percentile,41,-0.4742391919308746,-0.47870769429163573,-0.4655120229496319
30th percentile,42,-0.4742907467068684,-0.4787136158394912,-0.4655120229496319
30th percentile,43,-0.47432441680578663,-0.4787136158394912,-0.46558778067219786
30th percentile,44,-0.47464434291058233,-0.4787136158394912,-0.46562227898241765
30th percentile,45,-0.47470335998219804,-0.4787136158394912,-0.46562227898241765
30th percentile,46,-0.47508680001516623,-0.4787136158394912,-0.46562227898241765
30th percentile,47,-0.47512768117453985,-0.4787136158394912,-0.46562227898241765
30th percentile,48,-0.47512768117453985,-0.4787136158394912,-0.46562227898241765
30th percentile,49,-0.47512768117453985,-0.4787136158394912,-0.46562227898241765
30th percentile,50,-0.4755580489914591,-0.4787136158394912,-0.46562593778605693
30th percentile,51,-0.4755580489914591,-0.4787136158394912,-0.46562593778605693
30th percentile,52,-0.4755767189301965,-0.4787136158394912,-0.46562593778605693
30th percentile,53,-0.4765209649090238,-0.4787136158394912,-0.47279573913917305
30th percentile,54,-0.4767167809743757,-0.4787136158394912,-0.47338443026901006
30th percentile,55,-0.4767167809743757,-0.4787136158394912,-0.47338443026901006
30th percentile,56,-0.4767209550026522,-0.4787136158394912,-0.47338443026901006
30th percentile,57,-0.47673177281087986,-0.4787136158394912,-0.47338443026901006
30th percentile,58,-0.47679430295369185,-0.4787136158394912,-0.4735251230903371
30th percentile,59,-0.476891717663524,-0.4787136158394912,-0.4742516926919486
30th percentile,60,-0.476891717663524,-0.4787136158394912,-0.4742516926919486
30th percentile,61,-0.47696929496590246,-0.47874517104764663,-0.4742516926919486
30th percentile,62,-0.47696929496590246,-0.47874517104764663,-0.4742516926919486
30th percentile,63,-0.4773508359594666,-0.47874517104764663,-0.4755944128327229
30th percentile,64,-0.47735183803707243,-0.47874517104764663,-0.4755944128327229
30th percentile,65,-0.47780627645552726,-0.4788013185879874,-0.4768842169190211
30th percentile,66,-0.47780627645552726,-0.4788013185879874,-0.4768842169190211
30th percentile,67,-0.47780627645552726,-0.4788013185879874,-0.4768842169190211
30th percentile,68,-0.47780627645552726,-0.4788013185879874,-0.4768842169190211
30th percentile,69,-0.4778331840934033,-0.4788013185879874,-0.47704503978833535
30th percentile,70,-0.4778331840934033,-0.4788013185879874,-0.47704503978833535
30th percentile,71,-0.4778331840934033,-0.4788013185879874,-0.47704503978833535
30th percentile,72,-0.4778331840934033,-0.4788013185879874,-0.47704503978833535
30th percentile,73,-0.4778601728825424,-0.4788013185879874,-0.47704503978833535
30th percentile,74,-0.4778609802747263,-0.4788013185879874,-0.47704503978833535
30th percentile,75,-0.4778609802747263,-0.4788013185879874,-0.47704503978833535
30th percentile,76,-0.4778609802747263,-0.4788013185879874,-0.47704503978833535
30th percentile,77,-0.47792275091084246,-0.4788013185879874,-0.4771195170818562
30th percentile,78,-0.47809931181676635,-0.4788013185879874,-0.477166703414946
30th percentile,79,-0.47809931181676635,-0.4788013185879874,-0.477166703414946
30th percentile,80,-0.4781263470364756,-0.47880600029199244,-0.477166703414946
30th percentile,81,-0.4781263470364756,-0.47880600029199244,-0.477166703414946
30th percentile,82,-0.47814192500812613,-0.4789267295722834,-0.477166703414946
30th percentile,83,-0.47814192500812613,-0.4789267295722834,-0.477166703414946
30th percentile,84,-0.47814192500812613,-0.4789267295722834,-0.477166703414946
30th percentile,85,-0.47814192500812613,-0.4789267295722834,-0.477166703414946
30th percentile,86,-0.4781470473500985,-0.4789267295722834,-0.4771782286843837
30th percentile,87,-0.4781470473500985,-0.4789267295722834,-0.4771782286843837
30th percentile,88,-0.4781470473500985,-0.4789267295722834,-0.4771782286843837
30th percentile,89,-0.4781470473500985,-0.4789267295722834,-0.4771782286843837
30th percentile,90,-0.4781733807255666,-0.4789267295722834,-0.47723747877918704
30th percentile,91,-0.478231020072335,-0.479054627608582,-0.47723747877918704
30th percentile,92,-0.478231020072335,-0.479054627608582,-0.47723747877918704
30th percentile,93,-0.47828128155721455,-0.479054627608582,-0.47728237718690636
30th percentile,94,-0.47828128155721455,-0.479054627608582,-0.47728237718690636
30th percentile,95,-0.47828128155721455,-0.479054627608582,-0.47728237718690636
30th percentile,96,-0.47828128155721455,-0.479054627608582,-0.47728237718690636
30th percentile,97,-0.47828128155721455,-0.479054627608582,-0.47728237718690636
30th percentile,98,-0.47828128155721455,-0.479054627608582,-0.47728237718690636
30th percentile,99,-0.47828128155721455,-0.479054627608582,-0.47728237718690636
30th percentile,100,-0.47828128155721455,-0.479054627608582,-0.47728237718690636
30th percentile,101,-0.47828128155721455,-0.479054627608582,-0.47728237718690636
30th percentile,102,-0.47828128155721455,-0.479054627608582,-0.47728237718690636
30th percentile,103,-0.47828128155721455,-0.479054627608582,-0.47728237718690636
30th percentile,104,-0.47828128155721455,-0.479054627608582,-0.47728237718690636
30th percentile,105,-0.47828128155721455,-0.479054627608582,-0.47728237718690636
30th percentile,106,-0.4782985087210753,-0.479054627608582,-0.47728237718690636
30th percentile,107,-0.4782985087210753,-0.479054627608582,-0.47728237718690636
30th percentile,108,-0.4782985087210753,-0.479054627608582,-0.47728237718690636
30th percentile,109,-0.4782985087210753,-0.479054627608582,-0.47728237718690636
30th percentile,110,-0.4782985087210753,-0.479054627608582,-0.47728237718690636
30th percentile,111,-0.4783051202314085,-0.479054627608582,-0.47728237718690636
30th percentile,112,-0.4783726581625964,-0.479054627608582,-0.47728237718690636
30th percentile,113,-0.4783726581625964,-0.479054627608582,-0.47728237718690636
30th percentile,114,-0.478452126552122,-0.479054627608582,-0.47728237718690636
30th percentile,115,-0.478452126552122,-0.479054627608582,-0.47728237718690636
30th percentile,116,-0.478452126552122,-0.479054627608582,-0.47728237718690636
30th percentile,117,-0.478452126552122,-0.479054627608582,-0.47728237718690636
30th percentile,118,-0.478452126552122,-0.479054627608582,-0.47728237718690636
30th percentile,119,-0.478452126552122,-0.479054627608582,-0.47728237718690636
30th percentile,120,-0.478452126552122,-0.479054627608582,-0.47728237718690636
30th percentile,121,-0.478452126552122,-0.479054627608582,-0.47728237718690636
30th percentile,122,-0.478452126552122,-0.479054627608582,-0.47728237718690636
30th percentile,123,-0.478452126552122,-0.479054627608582,-0.47728237718690636
30th percentile,124,-0.478452126552122,-0.479054627608582,-0.47728237718690636
30th percentile,125,-0.4784996319480245,-0.479054627608582,-0.4773580210004705
30th percentile,126,-0.4784996319480245,-0.479054627608582,-0.4773580210004705
30th percentile,127,-0.4784996319480245,-0.479054627608582,-0.4773580210004705
30th percentile,128,-0.4784996319480245,-0.479054627608582,-0.4773580210004705
30th percentile,129,-0.4784996319480245,-0.479054627608582,-0.4773580210004705
30th percentile,130,-0.47851238127899,-0.479054627608582,-0.4773580210004705
30th percentile,131,-0.47855569983669655,-0.479054627608582,-0.47739342632627846
30th percentile,132,-0.47858387585567297,-0.479054627608582,-0.47739342632627846
30th percentile,133,-0.47858387585567297,-0.479054627608582,-0.47739342632627846
30th percentile,134,-0.47862936598810346,-0.479054627608582,-0.47739342632627846
30th percentile,135,-0.47862936598810346,-0.479054627608582,-0.47739342632627846
30th percentile,136,-0.4786347985270097,-0.479054627608582,-0.47740564953881737
30th percentile,137,-0.4786347985270097,-0.479054627608582,-0.47740564953881737
30th percentile,138,-0.4786347985270097,-0.479054627608582,-0.47740564953881737
30th percentile,139,-0.4786347985270097,-0.479054627608582,-0.47740564953881737
30th percentile,140,-0.4786384418779243,-0.479054627608582,-0.47740564953881737
30th percentile,141,-0.4786446469285431,-0.479054627608582,-0.47740564953881737
30th percentile,142,-0.47865902911418007,-0.479054627608582,-0.47740564953881737
30th percentile,143,-0.47865902911418007,-0.479054627608582,-0.47740564953881737
30th percentile,144,-0.47865902911418007,-0.479054627608582,-0.47740564953881737
30th percentile,145,-0.47865902911418007,-0.479054627608582,-0.47740564953881737
30th percentile,146,-0.47865902911418007,-0.479054627608582,-0.47740564953881737
30th percentile,147,-0.47865902911418007,-0.479054627608582,-0.47740564953881737
30th percentile,148,-0.47865925663599435,-0.479054627608582,-0.47740564953881737
30th percentile,149,-0.47865925663599435,-0.479054627608582,-0.47740564953881737
30th percentile,150,-0.47865925663599435,-0.479054627608582,-0.47740564953881737
30th percentile,151,-0.47868554627067106,-0.47925837227732604,-0.47740564953881737
30th percentile,152,-0.47868554627067106,-0.47925837227732604,-0.47740564953881737
30th percentile,153,-0.478688673682966,-0.47926540895498987,-0.47740564953881737
30th percentile,154,-0.478688673682966,-0.47926540895498987,-0.47740564953881737
30th percentile,155,-0.478688673682966,-0.47926540895498987,-0.47740564953881737
30th percentile,156,-0.478688673682966,-0.47926540895498987,-0.47740564953881737
30th percentile,157,-0.478688673682966,-0.47926540895498987,-0.47740564953881737
30th percentile,158,-0.478688673682966,-0.47926540895498987,-0.47740564953881737
30th percentile,159,-0.478688673682966,-0.47926540895498987,-0.47740564953881737
30th percentile,160,-0.478688673682966,-0.47926540895498987,-0.47740564953881737
30th percentile,161,-0.478688673682966,-0.47926540895498987,-0.47740564953881737
30th percentile,162,-0.478688673682966,-0.47926540895498987,-0.47740564953881737
30th percentile,163,-0.4788018527478878,-0.47926540895498987,-0.4782827872919608
30th percentile,164,-0.4788018527478878,-0.47926540895498987,-0.4782827872919608
30th percentile,165,-0.47885260444386607,-0.47926540895498987,-0.4783524972844516
30th percentile,166,-0.47885260444386607,-0.47926540895498987,-0.4783524972844516
30th percentile,167,-0.47885260444386607,-0.47926540895498987,-0.4783524972844516
30th percentile,168,-0.47885260444386607,-0.47926540895498987,-0.4783524972844516
30th percentile,169,-0.47885260444386607,-0.47926540895498987,-0.4783524972844516
30th percentile,170,-0.4788737687941459,-0.47929133877198354,-0.4783524972844516
30th percentile,171,-0.4788737687941459,-0.47929133877198354,-0.4783524972844516
30th percentile,172,-0.4788737687941459,-0.47929133877198354,-0.4783524972844516
30th percentile,173,-0.47889608238055026,-0.47929133877198354,-0.4783524972844516
30th percentile,174,-0.4788967783793813,-0.47929133877198354,-0.4783524972844516
30th percentile,175,-0.4788967783793813,-0.47929133877198354,-0.4783524972844516
30th percentile,176,-0.4788967783793813,-0.47929133877198354,-0.4783524972844516
30th percentile,177,-0.47891450588438167,-0.47929133877198354,-0.4783524972844516
30th percentile,178,-0.47891450588438167,-0.47929133877198354,-0.4783524972844516
30th percentile,179,-0.47891450588438167,-0.47929133877198354,-0.4783524972844516
30th percentile,180,-0.4789301435155804,-0.47929133877198354,-0.4783524972844516
30th percentile,181,-0.4789301435155804,-0.47929133877198354,-0.4783524972844516
30th percentile,182,-0.4789301435155804,-0.47929133877198354,-0.4783524972844516
30th percentile,183,-0.4789301435155804,-0.47929133877198354,-0.4783524972844516
30th percentile,184,-0.4789301435155804,-0.47929133877198354,-0.4783524972844516
30th percentile,185,-0.4789301435155804,-0.47929133877198354,-0.4783524972844516
30th percentile,186,-0.47893217103002356,-0.47929133877198354,-0.4783524972844516
30th percentile,187,-0.47893217103002356,-0.47929133877198354,-0.4783524972844516
30th percentile,188,-0.47893217103002356,-0.47929133877198354,-0.4783524972844516
30th percentile,189,-0.47893217103002356,-0.47929133877198354,-0.4783524972844516
30th percentile,190,-0.47893217103002356,-0.47929133877198354,-0.4783524972844516
30th percentile,191,-0.47893217103002356,-0.47929133877198354,-0.4783524972844516
30th percentile,192,-0.4789611520277225,-0.47929133877198354,-0.4785771000166185
30th percentile,193,-0.4789611520277225,-0.47929133877198354,-0.4785771000166185
30th percentile,194,-0.4789611520277225,-0.47929133877198354,-0.4785771000166185
30th percentile,195,-0.4789611520277225,-0.47929133877198354,-0.4785771000166185
30th percentile,196,-0.4789611520277225,-0.47929133877198354,-0.4785771000166185
30th percentile,197,-0.4789611520277225,-0.47929133877198354,-0.4785771000166185
30th percentile,198,-0.4789611520277225,-0.47929133877198354,-0.4785771000166185
30th percentile,199,-0.47896339333243987,-0.47929133877198354,-0.4785771000166185
30th percentile,200,-0.47896339333243987,-0.47929133877198354,-0.4785771000166185
30th percentile,201,-0.47896339333243987,-0.47929133877198354,-0.4785771000166185
30th percentile,202,-0.47897180135489387,-0.47931025682250505,-0.4785771000166185
30th percentile,203,-0.47897180135489387,-0.47931025682250505,-0.4785771000166185
30th percentile,204,-0.47898025239188613,-0.47931025682250505,-0.4785771000166185
30th percentile,205,-0.47898025239188613,-0.47931025682250505,-0.4785771000166185
30th percentile,206,-0.4790014306587455,-0.4794510401144111,-0.4785771000166185
30th percentile,207,-0.4790014306587455,-0.4794510401144111,-0.4785771000166185
30th percentile,208,-0.4790014306587455,-0.4794510401144111,-0.4785771000166185
30th percentile,209,-0.4790014306587455,-0.4794510401144111,-0.4785771000166185
30th percentile,210,-0.4790014306587455,-0.4794510401144111,-0.4785771000166185
30th percentile,211,-0.4790014306587455,-0.4794510401144111,-0.4785771000166185
30th percentile,212,-0.47903032416275215,-0.4794510401144111,-0.47862964000225083
30th percentile,213,-0.47903032416275215,-0.4794510401144111,-0.47862964000225083
30th percentile,214,-0.47903032416275215,-0.4794510401144111,-0.47862964000225083
30th percentile,215,-0.47903032416275215,-0.4794510401144111,-0.47862964000225083
30th percentile,216,-0.47903032416275215,-0.4794510401144111,-0.47862964000225083
30th percentile,217,-0.47903032416275215,-0.4794510401144111,-0.47862964000225083
30th percentile,218,-0.47903032416275215,-0.4794510401144111,-0.47862964000225083
30th percentile,219,-0.47903032416275215,-0.4794510401144111,-0.47862964000225083
30th percentile,220,-0.47903032416275215,-0.4794510401144111,-0.47862964000225083
30th percentile,221,-0.47903032416275215,-0.4794510401144111,-0.47862964000225083
30th percentile,222,-0.47904317666274,-0.4794510401144111,-0.47862964000225083
30th percentile,223,-0.47904317666274,-0.4794510401144111,-0.47862964000225083
30th percentile,224,-0.47904317666274,-0.4794510401144111,-0.47862964000225083
30th percentile,225,-0.47904317666274,-0.4794510401144111,-0.47862964000225083
30th percentile,226,-0.47904317666274,-0.4794510401144111,-0.47862964000225083
30th percentile,227,-0.47904317666274,-0.4794510401144111,-0.47862964000225083
30th percentile,228,-0.47909488147308066,-0.47946442606581746,-0.47862964000225083
30th percentile,229,-0.47909488147308066,-0.47946442606581746,-0.47862964000225083
30th percentile,230,-0.4791065000931506,-0.47946442606581746,-0.47862964000225083
30th percentile,231,-0.4791065000931506,-0.47946442606581746,-0.47862964000225083
30th percentile,232,-0.4791065000931506,-0.47946442606581746,-0.47862964000225083
30th percentile,233,-0.4791065000931506,-0.47946442606581746,-0.47862964000225083
30th percentile,234,-0.4791065000931506,-0.47946442606581746,-0.47862964000225083
30th percentile,235,-0.4791168383086063,-0.47946442606581746,-0.47862964000225083
30th percentile,236,-0.4791168383086063,-0.47946442606581746,-0.47862964000225083
30th percentile,237,-0.4791168383086063,-0.47946442606581746,-0.47862964000225083
30th percentile,238,-0.4791168383086063,-0.47946442606581746,-0.47862964000225083
30th percentile,239,-0.4791168383086063,-0.47946442606581746,-0.47862964000225083
30th percentile,240,-0.4791168383086063,-0.47946442606581746,-0.47862964000225083
30th percentile,241,-0.4791168383086063,-0.47946442606581746,-0.47862964000225083
30th percentile,242,-0.4791168383086063,-0.47946442606581746,-0.47862964000225083
30th percentile,243,-0.4791168383086063,-0.47946442606581746,-0.47862964000225083
30th percentile,244,-0.4791168383086063,-0.47946442606581746,-0.47862964000225083
30th percentile,245,-0.4791203091411094,-0.47946442606581746,-0.47862964000225083
30th percentile,246,-0.4791203091411094,-0.47946442606581746,-0.47862964000225083
30th percentile,247,-0.4791203091411094,-0.47946442606581746,-0.47862964000225083
30th percentile,248,-0.4791203091411094,-0.47946442606581746,-0.47862964000225083
30th percentile,249,-0.47912168744027783,-0.47946442606581746,-0.4786327411753797
30th percentile,250,-0.47912168744027783,-0.47946442606581746,-0.4786327411753797
30th percentile,251,-0.47912168744027783,-0.47946442606581746,-0.4786327411753797
30th percentile,252,-0.47912168744027783,-0.47946442606581746,-0.4786327411753797
30th percentile,253,-0.47915383617556123,-0.4796428665528528,-0.4786327411753797
30th percentile,254,-0.47915383617556123,-0.4796428665528528,-0.4786327411753797
30th percentile,255,-0.47917038424261593,-0.4796428665528528,-0.4787609886950537
30th percentile,256,-0.47917038424261593,-0.4796428665528528,-0.4787609886950537
30th percentile,257,-0.47917038424261593,-0.4796428665528528,-0.4787609886950537
30th percentile,258,-0.47917038424261593,-0.4796428665528528,-0.4787609886950537
30th percentile,259,-0.47917038424261593,-0.4796428665528528,-0.4787609886950537
30th percentile,260,-0.47917038424261593,-0.4796428665528528,-0.4787609886950537
30th percentile,261,-0.4791711615710791,-0.47964461554189497,-0.4787609886950537
30th percentile,262,-0.4791711615710791,-0.47964461554189497,-0.4787609886950537
30th percentile,263,-0.4791711615710791,-0.47964461554189497,-0.4787609886950537
30th percentile,264,-0.4791711615710791,-0.47964461554189497,-0.4787609886950537
30th percentile,265,-0.4791711615710791,-0.47964461554189497,-0.4787609886950537
30th percentile,266,-0.4791807316789418,-0.47964461554189497,-0.4787609886950537
30th percentile,267,-0.4791807316789418,-0.47964461554189497,-0.4787609886950537
30th percentile,268,-0.4791807316789418,-0.47964461554189497,-0.4787609886950537
30th percentile,269,-0.479187166665051,-0.4796944866842414,-0.4787609886950537
30th percentile,270,-0.47923791836102936,-0.4796944866842414,-0.4787816615044125
30th percentile,271,-0.47923791836102936,-0.4796944866842414,-0.4787816615044125
30th percentile,272,-0.47923791836102936,-0.4796944866842414,-0.4787816615044125
30th percentile,273,-0.47923791836102936,-0.4796944866842414,-0.4787816615044125
30th percentile,274,-0.47923791836102936,-0.4796944866842414,-0.4787816615044125
30th percentile,275,-0.47923791836102936,-0.4796944866842414,-0.4787816615044125
30th percentile,276,-0.47923791836102936,-0.4796944866842414,-0.4787816615044125
30th percentile,277,-0.47923791836102936,-0.4796944866842414,-0.4787816615044125
30th percentile,278,-0.47923791836102936,-0.4796944866842414,-0.4787816615044125
30th percentile,279,-0.47923791836102936,-0.4796944866842414,-0.4787816615044125
30th percentile,280,-0.47923791836102936,-0.4796944866842414,-0.4787816615044125
30th percentile,281,-0.47924573646095253,-0.4796944866842414,-0.4787816615044125
30th percentile,282,-0.4792493724773226,-0.47972266581110934,-0.4787816615044125
30th percentile,283,-0.4792493724773226,-0.47972266581110934,-0.4787816615044125
30th percentile,284,-0.4792493724773226,-0.47972266581110934,-0.4787816615044125
30th percentile,285,-0.4792493724773226,-0.47972266581110934,-0.4787816615044125
30th percentile,286,-0.4792493724773226,-0.47972266581110934,-0.4787816615044125
30th percentile,287,-0.4792493724773226,-0.47972266581110934,-0.4787816615044125
30th percentile,288,-0.4792493724773226,-0.47972266581110934,-0.4787816615044125
30th percentile,289,-0.4792493724773226,-0.47972266581110934,-0.4787816615044125
30th percentile,290,-0.4792493724773226,-0.47972266581110934,-0.4787816615044125
30th percentile,291,-0.4792493724773226,-0.47972266581110934,-0.4787816615044125
30th percentile,292,-0.4792493724773226,-0.47972266581110934,-0.4787816615044125
30th percentile,293,-0.4792493724773226,-0.47972266581110934,-0.4787816615044125
30th percentile,294,-0.47924974994956493,-0.47972266581110934,-0.4787816615044125
30th percentile,295,-0.47924974994956493,-0.47972266581110934,-0.4787816615044125
30th percentile,296,-0.47924974994956493,-0.47972266581110934,-0.4787816615044125
30th percentile,297,-0.47924974994956493,-0.47972266581110934,-0.4787816615044125
30th percentile,298,-0.4792542462370043,-0.47972266581110934,-0.4787816615044125
30th percentile,299,-0.4792542462370043,-0.47972266581110934,-0.4787816615044125
30th percentile,300,-0.4792542462370043,-0.47972266581110934,-0.4787816615044125
30th percentile,301,-0.4792542462370043,-0.47972266581110934,-0.4787816615044125
30th percentile,302,-0.4792542462370043,-0.47972266581110934,-0.4787816615044125
30th percentile,303,-0.4792542462370043,-0.47972266581110934,-0.4787816615044125
30th percentile,304,-0.4792542462370043,-0.47972266581110934,-0.4787816615044125
30th percentile,305,-0.4792542462370043,-0.47972266581110934,-0.4787816615044125
30th percentile,306,-0.4792542462370043,-0.47972266581110934,-0.4787816615044125
30th percentile,307,-0.4792542462370043,-0.47972266581110934,-0.4787816615044125
30th percentile,308,-0.4792542462370043,-0.47972266581110934,-0.4787816615044125
30th percentile,309,-0.47926903681252464,-0.47972266581110934,-0.4787816615044125
30th percentile,310,-0.47926903681252464,-0.47972266581110934,-0.4787816615044125
30th percentile,311,-0.47926903681252464,-0.47972266581110934,-0.4787816615044125
30th percentile,312,-0.47926903681252464,-0.47972266581110934,-0.4787816615044125
30th percentile,313,-0.47926903681252464,-0.47972266581110934,-0.4787816615044125
30th percentile,314,-0.47926903681252464,-0.47972266581110934,-0.4787816615044125
30th percentile,315,-0.47926903681252464,-0.47972266581110934,-0.4787816615044125
30th percentile,316,-0.47926903681252464,-0.47972266581110934,-0.4787816615044125
30th percentile,317,-0.47926903681252464,-0.47972266581110934,-0.4787816615044125
30th percentile,318,-0.47926903681252464,-0.47972266581110934,-0.4787816615044125
30th percentile,319,-0.47926903681252464,-0.47972266581110934,-0.4787816615044125
30th percentile,320,-0.47926903681252464,-0.47972266581110934,-0.4787816615044125
30th percentile,321,-0.47926903681252464,-0.47972266581110934,-0.4787816615044125
30th percentile,322,-0.47926903681252464,-0.47972266581110934,-0.4787816615044125
30th percentile,323,-0.47926903681252464,-0.47972266581110934,-0.4787816615044125
30th percentile,324,-0.47926903681252464,-0.47972266581110934,-0.4787816615044125
30th percentile,325,-0.47926903681252464,-0.47972266581110934,-0.4787816615044125
30th percentile,326,-0.4792992826037388,-0.479740099128397,-0.4787816615044125
30th percentile,327,-0.4793089476493149,-0.47978724862243677,-0.4787816615044125
30th percentile,328,-0.4793089476493149,-0.47978724862243677,-0.4787816615044125
30th percentile,329,-0.4793089476493149,-0.47978724862243677,-0.4787816615044125
30th percentile,330,-0.4793089476493149,-0.47978724862243677,-0.4787816615044125
30th percentile,331,-0.4793089476493149,-0.47978724862243677,-0.4787816615044125
30th percentile,332,-0.4793089476493149,-0.47978724862243677,-0.4787816615044125
30th percentile,333,-0.47931373671846744,-0.47978724862243677,-0.4787816615044125
30th percentile,334,-0.47931820521684276,-0.47979730274378124,-0.4787816615044125
30th percentile,335,-0.47931820521684276,-0.47979730274378124,-0.4787816615044125
30th percentile,336,-0.4793511374869527,-0.47979730274378124,-0.4787816615044125
30th percentile,337,-0.47935136163309444,-0.47979730274378124,-0.4787816615044125
30th percentile,338,-0.47935136163309444,-0.47979730274378124,-0.4787816615044125
30th percentile,339,-0.47935136163309444,-0.47979730274378124,-0.4787816615044125
30th percentile,340,-0.47935718380600323,-0.47979730274378124,-0.4787816615044125
30th percentile,341,-0.47935718380600323,-0.47979730274378124,-0.4787816615044125
30th percentile,342,-0.47935718380600323,-0.47979730274378124,-0.4787816615044125
30th percentile,343,-0.47935718380600323,-0.47979730274378124,-0.4787816615044125
30th percentile,344,-0.47935718380600323,-0.47979730274378124,-0.4787816615044125
30th percentile,345,-0.47935718380600323,-0.47979730274378124,-0.4787816615044125
30th percentile,346,-0.47935718380600323,-0.47979730274378124,-0.4787816615044125
30th percentile,347,-0.47935718380600323,-0.47979730274378124,-0.4787816615044125
30th percentile,348,-0.47935718380600323,-0.47979730274378124,-0.4787816615044125
30th percentile,349,-0.4793594586364683,-0.4798024211123277,-0.4787816615044125
30th percentile,350,-0.4793594586364683,-0.4798024211123277,-0.4787816615044125
30th percentile,351,-0.4793594586364683,-0.4798024211123277,-0.4787816615044125
30th percentile,352,-0.4793594586364683,-0.4798024211123277,-0.4787816615044125
30th percentile,353,-0.4793594586364683,-0.4798024211123277,-0.4787816615044125
30th percentile,354,-0.4793594586364683,-0.4798024211123277,-0.4787816615044125
30th percentile,355,-0.4793594586364683,-0.4798024211123277,-0.4787816615044125
30th percentile,356,-0.4793594586364683,-0.4798024211123277,-0.4787816615044125
30th percentile,357,-0.4793594586364683,-0.4798024211123277,-0.4787816615044125
30th percentile,358,-0.4793594586364683,-0.4798024211123277,-0.4787816615044125
30th percentile,359,-0.4793594586364683,-0.4798024211123277,-0.4787816615044125
30th percentile,360,-0.47935973061095716,-0.4798024211123277,-0.4787816615044125
30th percentile,361,-0.47935973061095716,-0.4798024211123277,-0.4787816615044125
30th percentile,362,-0.47935973061095716,-0.4798024211123277,-0.4787816615044125
30th percentile,363,-0.47935973061095716,-0.4798024211123277,-0.4787816615044125
30th percentile,364,-0.47935973061095716,-0.4798024211123277,-0.4787816615044125
30th percentile,365,-0.47935973061095716,-0.4798024211123277,-0.4787816615044125
30th percentile,366,-0.47935973061095716,-0.4798024211123277,-0.4787816615044125
30th percentile,367,-0.47935973061095716,-0.4798024211123277,-0.4787816615044125
30th percentile,368,-0.47935973061095716,-0.4798024211123277,-0.4787816615044125
30th percentile,369,-0.4793604705483071,-0.47980408597136504,-0.4787816615044125
30th percentile,370,-0.4793604705483071,-0.47980408597136504,-0.4787816615044125
30th percentile,371,-0.4793604705483071,-0.47980408597136504,-0.4787816615044125
30th percentile,372,-0.4793604705483071,-0.47980408597136504,-0.4787816615044125
30th percentile,373,-0.4793604705483071,-0.47980408597136504,-0.4787816615044125
30th percentile,374,-0.4793604705483071,-0.47980408597136504,-0.4787816615044125
30th percentile,375,-0.4793604705483071,-0.47980408597136504,-0.4787816615044125
30th percentile,376,-0.4793604705483071,-0.47980408597136504,-0.4787816615044125
30th percentile,377,-0.4793604705483071,-0.47980408597136504,-0.4787816615044125
30th percentile,378,-0.4793604705483071,-0.47980408597136504,-0.4787816615044125
30th percentile,379,-0.4793604705483071,-0.47980408597136504,-0.4787816615044125
30th percentile,380,-0.4793604705483071,-0.47980408597136504,-0.4787816615044125
30th percentile,381,-0.4793604705483071,-0.47980408597136504,-0.4787816615044125
30th percentile,382,-0.4793604705483071,-0.47980408597136504,-0.4787816615044125
30th percentile,383,-0.4793604705483071,-0.47980408597136504,-0.4787816615044125
30th percentile,384,-0.4793604705483071,-0.47980408597136504,-0.4787816615044125
30th percentile,385,-0.4793604705483071,-0.47980408597136504,-0.4787816615044125
30th percentile,386,-0.4793604705483071,-0.47980408597136504,-0.4787816615044125
30th percentile,387,-0.4793604705483071,-0.47980408597136504,-0.4787816615044125
30th percentile,388,-0.4793604705483071,-0.47980408597136504,-0.4787816615044125
30th percentile,389,-0.4793604705483071,-0.47980408597136504,-0.4787816615044125
30th percentile,390,-0.4793604705483071,-0.47980408597136504,-0.4787816615044125
30th percentile,391,-0.4793604705483071,-0.47980408597136504,-0.4787816615044125
30th percentile,392,-0.4793604705483071,-0.47980408597136504,-0.4787816615044125
30th percentile,393,-0.4793604705483071,-0.47980408597136504,-0.4787816615044125
30th percentile,394,-0.4793604705483071,-0.47980408597136504,-0.4787816615044125
30th percentile,395,-0.4793604705483071,-0.47980408597136504,-0.4787816615044125
30th percentile,396,-0.4793635752221662,-0.47980408597136504,-0.4787886470205954
30th percentile,397,-0.4793635752221662,-0.47980408597136504,-0.4787886470205954
30th percentile,398,-0.4793635752221662,-0.47980408597136504,-0.4787886470205954
30th percentile,399,-0.4793635752221662,-0.47980408597136504,-0.4787886470205954
30th percentile,400,-0.4793635752221662,-0.47980408597136504,-0.4787886470205954
30th percentile,401,-0.4793635752221662,-0.47980408597136504,-0.4787886470205954
30th percentile,402,-0.4793635752221662,-0.47980408597136504,-0.4787886470205954
30th percentile,403,-0.4793635752221662,-0.47980408597136504,-0.4787886470205954
30th percentile,404,-0.4793635752221662,-0.47980408597136504,-0.4787886470205954
30th percentile,405,-0.4793635752221662,-0.47980408597136504,-0.4787886470205954
30th percentile,406,-0.4793635752221662,-0.47980408597136504,-0.4787886470205954
30th percentile,407,-0.4793635752221662,-0.47980408597136504,-0.4787886470205954
30th percentile,408,-0.4793635752221662,-0.47980408597136504,-0.4787886470205954
30th percentile,409,-0.4793635752221662,-0.47980408597136504,-0.4787886470205954
30th percentile,410,-0.4793635752221662,-0.47980408597136504,-0.4787886470205954
30th percentile,411,-0.4793635752221662,-0.47980408597136504,-0.4787886470205954
30th percentile,412,-0.4793635752221662,-0.47980408597136504,-0.4787886470205954
30th percentile,413,-0.479387130332982,-0.47980408597136504,-0.4787886470205954
30th percentile,414,-0.479387130332982,-0.47980408597136504,-0.4787886470205954
30th percentile,415,-0.479387130332982,-0.47980408597136504,-0.4787886470205954
30th percentile,416,-0.479387130332982,-0.47980408597136504,-0.4787886470205954
30th percentile,417,-0.479387130332982,-0.47980408597136504,-0.4787886470205954
30th percentile,418,-0.479387130332982,-0.47980408597136504,-0.4787886470205954
30th percentile,419,-0.479387130332982,-0.47980408597136504,-0.4787886470205954
30th percentile,420,-0.47938927190598724,-0.47980408597136504,-0.47879346555985713
30th percentile,421,-0.47938927190598724,-0.47980408597136504,-0.47879346555985713
30th percentile,422,-0.47938927190598724,-0.47980408597136504,-0.47879346555985713
30th percentile,423,-0.47938927190598724,-0.47980408597136504,-0.47879346555985713
30th percentile,424,-0.47938927190598724,-0.47980408597136504,-0.47879346555985713
30th percentile,425,-0.47938927190598724,-0.47980408597136504,-0.47879346555985713
30th percentile,426,-0.47938927190598724,-0.47980408597136504,-0.47879346555985713
30th percentile,427,-0.47938927190598724,-0.47980408597136504,-0.47879346555985713
30th percentile,428,-0.47938927190598724,-0.47980408597136504,-0.47879346555985713
30th percentile,429,-0.47938927190598724,-0.47980408597136504,-0.47879346555985713
30th percentile,430,-0.47938927190598724,-0.47980408597136504,-0.47879346555985713
30th percentile,431,-0.4794240522425118,-0.47980408597136504,-0.4788357575211817
30th percentile,432,-0.4794240522425118,-0.47980408597136504,-0.4788357575211817
30th percentile,433,-0.4794240522425118,-0.47980408597136504,-0.4788357575211817
30th percentile,434,-0.4794240522425118,-0.47980408597136504,-0.4788357575211817
30th percentile,435,-0.4794240522425118,-0.47980408597136504,-0.4788357575211817
30th percentile,436,-0.4794240522425118,-0.47980408597136504,-0.4788357575211817
30th percentile,437,-0.4794240522425118,-0.47980408597136504,-0.4788357575211817
30th percentile,438,-0.4794240522425118,-0.47980408597136504,-0.4788357575211817
30th percentile,439,-0.4794240522425118,-0.47980408597136504,-0.4788357575211817
30th percentile,440,-0.4794240522425118,-0.47980408597136504,-0.4788357575211817
30th percentile,441,-0.4794240522425118,-0.47980408597136504,-0.4788357575211817
30th percentile,442,-0.4794240522425118,-0.47980408597136504,-0.4788357575211817
30th percentile,443,-0.47943604412322854,-0.47980408597136504,-0.4788357575211817
30th percentile,444,-0.47943604412322854,-0.47980408597136504,-0.4788357575211817
30th percentile,445,-0.47943604412322854,-0.47980408597136504,-0.4788357575211817
30th percentile,446,-0.47943604412322854,-0.47980408597136504,-0.4788357575211817
30th percentile,447,-0.47943604412322854,-0.47980408597136504,-0.4788357575211817
30th percentile,448,-0.47943604412322854,-0.47980408597136504,-0.4788357575211817
30th percentile,449,-0.47943604412322854,-0.47980408597136504,-0.4788357575211817
30th percentile,450,-0.47943604412322854,-0.47980408597136504,-0.4788357575211817
30th percentile,451,-0.4794361889830815,-0.47980408597136504,-0.4788357575211817
30th percentile,452,-0.47943619206290605,-0.47980408597136504,-0.4788357575211817
30th percentile,453,-0.47943619206290605,-0.47980408597136504,-0.4788357575211817
30th percentile,454,-0.4794407084789287,-0.4798142479074161,-0.4788357575211817
30th percentile,455,-0.4794407084789287,-0.4798142479074161,-0.4788357575211817
30th percentile,456,-0.479440709279307,-0.4798142479074161,-0.4788357575211817
30th percentile,457,-0.479440709279307,-0.4798142479074161,-0.4788357575211817
30th percentile,458,-0.479440709279307,-0.4798142479074161,-0.4788357575211817
30th percentile,459,-0.479440709279307,-0.4798142479074161,-0.4788357575211817
30th percentile,460,-0.479440709279307,-0.4798142479074161,-0.4788357575211817
30th percentile,461,-0.479440709279307,-0.4798142479074161,-0.4788357575211817
30th percentile,462,-0.47947358658269446,-0.4798553809261445,-0.4788357575211817
30th percentile,463,-0.47947358658269446,-0.4798553809261445,-0.4788357575211817
30th percentile,464,-0.47947358658269446,-0.4798553809261445,-0.4788357575211817
30th percentile,465,-0.47947358658269446,-0.4798553809261445,-0.4788357575211817
30th percentile,466,-0.47947358658269446,-0.4798553809261445,-0.4788357575211817
30th percentile,467,-0.47947358658269446,-0.4798553809261445,-0.4788357575211817
30th percentile,468,-0.47947358658269446,-0.4798553809261445,-0.4788357575211817
30th percentile,469,-0.47947358658269446,-0.4798553809261445,-0.4788357575211817
30th percentile,470,-0.47947358658269446,-0.4798553809261445,-0.4788357575211817
30th percentile,471,-0.47947358658269446,-0.4798553809261445,-0.4788357575211817
30th percentile,472,-0.47947358658269446,-0.4798553809261445,-0.4788357575211817
30th percentile,473,-0.47948009138457265,-0.4798553809261445,-0.47885039332540763
30th percentile,474,-0.47948009138457265,-0.4798553809261445,-0.47885039332540763
30th percentile,475,-0.47948009138457265,-0.4798553809261445,-0.47885039332540763
30th percentile,476,-0.47948009138457265,-0.4798553809261445,-0.47885039332540763
30th percentile,477,-0.47948009138457265,-0.4798553809261445,-0.47885039332540763
30th percentile,478,-0.47948009138457265,-0.4798553809261445,-0.47885039332540763
30th percentile,479,-0.47948009138457265,-0.4798553809261445,-0.47885039332540763
30th percentile,480,-0.47948009138457265,-0.4798553809261445,-0.47885039332540763
30th percentile,481,-0.47948009138457265,-0.4798553809261445,-0.47885039332540763
30th percentile,482,-0.47948009138457265,-0.4798553809261445,-0.47885039332540763
30th percentile,483,-0.47948009138457265,-0.4798553809261445,-0.47885039332540763
30th percentile,484,-0.47948009138457265,-0.4798553809261445,-0.47885039332540763
30th percentile,485,-0.47948009138457265,-0.4798553809261445,-0.47885039332540763
30th percentile,486,-0.47948009138457265,-0.4798553809261445,-0.47885039332540763
30th percentile,487,-0.47948009138457265,-0.4798553809261445,-0.47885039332540763
30th percentile,488,-0.47948009138457265,-0.4798553809261445,-0.47885039332540763
30th percentile,489,-0.47948009138457265,-0.4798553809261445,-0.47885039332540763
30th percentile,490,-0.47948977975269835,-0.4799155721860675,-0.47885039332540763
30th percentile,491,-0.47948977975269835,-0.4799155721860675,-0.47885039332540763
30th percentile,492,-0.47948977975269835,-0.4799155721860675,-0.47885039332540763
30th percentile,493,-0.47948977975269835,-0.4799155721860675,-0.47885039332540763
30th percentile,494,-0.47948977975269835,-0.4799155721860675,-0.47885039332540763
30th percentile,495,-0.47948977975269835,-0.4799155721860675,-0.47885039332540763
30th percentile,496,-0.47948977975269835,-0.4799155721860675,-0.47885039332540763
30th percentile,497,-0.47948977975269835,-0.4799155721860675,-0.47885039332540763
30th percentile,498,-0.47948977975269835,-0.4799155721860675,-0.47885039332540763
30th percentile,499,-0.47948977975269835,-0.4799155721860675,-0.47885039332540763
30th percentile,500,-0.47948977975269835,-0.4799155721860675,-0.47885039332540763
40th percentile,1,-0.3157318464993822,-0.3792920842755734,-0.2575368257081628
40th percentile,2,-0.3421898286464726,-0.37987488902587063,-0.2962554715546291
40th percentile,3,-0.35848335085532546,-0.39687813178206305,-0.3241836194188318
40th percentile,4,-0.4001588486789133,-0.42480172105232006,-0.3566117123816339
40th percentile,5,-0.41177635919051275,-0.4571861144603041,-0.37513404554285673
40th percentile,6,-0.42143985210023727,-0.4620040247013463,-0.38828015984482545
40th percentile,7,-0.44439719541348843,-0.5087454342393075,-0.4003834382346831
40th percentile,8,-0.4530405689453203,-0.5136487656759352,-0.4003834382346831
40th percentile,9,-0.488760718254366,-0.5938604503472584,-0.4189511122876978
40th percentile,10,-0.5033124033856358,-0.5954574728811911,-0.4290175878740042
40th percentile,11,-0.5209071404429977,-0.5986359563581543,-0.4649369014227633
40th percentile,12,-0.5245469054400492,-0.6002808214010888,-0.4665190198322496
40th percentile,13,-0.5313006298601897,-0.6025916921905233,-0.47681801782006633
40th percentile,14,-0.5350100802484764,-0.6051894792218447,-0.47681801782006633
40th percentile,15,-0.5407358173573462,-0.6070327429562166,-0.47681801782006633
40th percentile,16,-0.5412996711053604,-0.6083014138892482,-0.47681801782006633
40th percentile,17,-0.5489335119066591,-0.6110716685886427,-0.47815057286152585
40th percentile,18,-0.5529325464861359,-0.6110716685886427,-0.47815057286152585
40th percentile,19,-0.5588801640654897,-0.6147962504314931,-0.47815057286152585
40th percentile,20,-0.5670825073254451,-0.6147962504314931,-0.4785293212757244
40th percentile,21,-0.5763916274601247,-0.6147962504314931,-0.48464157519608
40th percentile,22,-0.5785465202709055,-0.614846092765681,-0.4932488682490455
40th percentile,23,-0.5801649949653752,-0.6181965850495349,-0.4939634029454286
40th percentile,24,-0.5803666441754293,-0.6181965850495349,-0.4943315352475726
40th percentile,25,-0.5807844670767404,-0.6181965850495349,-0.4943315352475726
40th percentile,26,-0.591242802279875,-0.6181965850495349,-0.49662356836198884
40th percentile,27,-0.5918717260504922,-0.6186581371590578,-0.49662356836198884
40th percentile,28,-0.5922608590596696,-0.6186581371590578,-0.49662356836198884
40th percentile,29,-0.5943542681999704,-0.618848248696613,-0.4987034483430258
40th percentile,30,-0.5943716966733176,-0.618848248696613,-0.4987034483430258
40th percentile,31,-0.5943716966733176,-0.618848248696613,-0.4987034483430258
40th percentile,32,-0.5947852009268171,-0.618848248696613,-0.4987034483430258
40th percentile,33,-0.5952364397649929,-0.618848248696613,-0.4987034483430258
40th percentile,34,-0.6043325507780277,-0.618848248696613,-0.5558606795925627
40th percentile,35,-0.6063927966603798,-0.618848248696613,-0.5686458854278473
40th percentile,36,-0.6103232955150006,-0.618848248696613,-0.5787151247414126
40th percentile,37,-0.6103316868496569,-0.6188568206431914,-0.5787151247414126
40th percentile,38,-0.6104038924755901,-0.6188568206431914,-0.5787364351662216
40th percentile,39,-0.6104038924755901,-0.6188568206431914,-0.5787364351662216
40th percentile,40,-0.6117616067436982,-0.6197248923141284,-0.5787364351662216
40th percentile,41,-0.6121942529644986,-0.6197248923141284,-0.5803722953191341
40th percentile,42,-0.6122766592195112,-0.6197858148576901,-0.5803722953191341
40th percentile,43,-0.6141208405741589,-0.61984099002187,-0.59353421477312
40th percentile,44,-0.6141208405741589,-0.61984099002187,-0.59353421477312
40th percentile,45,-0.6162761151124546,-0.61984099002187,-0.6049391489316153
40th percentile,46,-0.616292612886386,-0.61984099002187,-0.6049391489316153
40th percentile,47,-0.616292612886386,-0.61984099002187,-0.6049391489316153
40th percentile,48,-0.6176204503629049,-0.61984099002187,-0.613002020845574
40th percentile,49,-0.6176204503629049,-0.61984099002187,-0.613002020845574
40th percentile,50,-0.6176204503629049,-0.61984099002187,-0.613002020845574
40th percentile,51,-0.6176204503629049,-0.61984099002187,-0.613002020845574
40th percentile,52,-0.6177188895597725,-0.61984099002187,-0.613002020845574
40th percentile,53,-0.6177188895597725,-0.61984099002187,-0.613002020845574
40th percentile,54,-0.6177188895597725,-0.61984099002187,-0.613002020845574
40th percentile,55,-0.6179393820624279,-0.6198964484190742,-0.613111060296303
40th percentile,56,-0.6179432885674612,-0.6198964484190742,-0.613111060296303
40th percentile,57,-0.6180733530231671,-0.6198964484190742,-0.6136843684667986
40th percentile,58,-0.6180733530231671,-0.6198964484190742,-0.6136843684667986
40th percentile,59,-0.6180733530231671,-0.6198964484190742,-0.6136843684667986
40th percentile,60,-0.6184551470690289,-0.6198964484190742,-0.6151128947812107
40th percentile,61,-0.6185226189152992,-0.6198964484190742,-0.6152485882564609
40th percentile,62,-0.618554547631471,-0.6198964484190742,-0.6152647064353188
40th percentile,63,-0.618586204916335,-0.6199324813418314,-0.6152647064353188
40th percentile,64,-0.618586204916335,-0.6199324813418314,-0.6152647064353188
40th percentile,65,-0.618586204916335,-0.6199324813418314,-0.6152647064353188
40th percentile,66,-0.6186132018269471,-0.6200732088932029,-0.6152647064353188
40th percentile,67,-0.618628242190338,-0.6200732088932029,-0.6153812692515978
40th percentile,68,-0.6186604130573453,-0.6202274765038932,-0.6153812692515978
40th percentile,69,-0.6186630908608894,-0.6202274765038932,-0.6153812692515978
40th percentile,70,-0.6186795322937804,-0.6202274765038932,-0.6153812692515978
40th percentile,71,-0.6186795322937804,-0.6202274765038932,-0.6153812692515978
40th percentile,72,-0.6187401998460053,-0.6202274765038932,-0.6153812692515978
40th percentile,73,-0.6187401998460053,-0.6202274765038932,-0.6153812692515978
40th percentile,74,-0.6190223018620756,-0.6202274765038932,-0.6175554577610868
40th percentile,75,-0.6190223018620756,-0.6202274765038932,-0.6175554577610868
40th percentile,76,-0.6190223018620756,-0.6202274765038932,-0.6175554577610868
40th percentile,77,-0.6190223018620756,-0.6202274765038932,-0.6175554577610868
40th percentile,78,-0.6190223018620756,-0.6202274765038932,-0.6175554577610868
40th percentile,79,-0.6190223018620756,-0.6202274765038932,-0.6175554577610868
40th percentile,80,-0.6190223018620756,-0.6202274765038932,-0.6175554577610868
40th percentile,81,-0.6190223018620756,-0.6202274765038932,-0.6175554577610868
40th percentile,82,-0.6190223018620756,-0.6202274765038932,-0.6175554577610868
40th percentile,83,-0.6190223018620756,-0.6202274765038932,-0.6175554577610868
40th percentile,84,-0.6190223018620756,-0.6202274765038932,-0.6175554577610868
40th percentile,85,-0.6190223018620756,-0.6202274765038932,-0.6175554577610868
40th percentile,86,-0.6190884738274531,-0.6202274765038932,-0.6175554577610868
40th percentile,87,-0.6190937128210192,-0.6202274765038932,-0.6175554577610868
40th percentile,88,-0.6190937128210192,-0.6202274765038932,-0.6175554577610868
40th percentile,89,-0.6191136735034152,-0.6202274765038932,-0.6175554577610868
40th percentile,90,-0.6191499673276678,-0.6202556110787791,-0.6175572958674822
40th percentile,91,-0.6191499673276678,-0.6202556110787791,-0.6175572958674822
40th percentile,92,-0.6191499673276678,-0.6202556110787791,-0.6175572958674822
40th percentile,93,-0.6191617412561552,-0.6202556110787791,-0.6175572958674822
40th percentile,94,-0.6192012627556835,-0.6205619027001229,-0.6175572958674822
40th percentile,95,-0.6192014190256968,-0.6205619027001229,-0.617557647475012
40th percentile,96,-0.61924780589009,-0.6205619027001229,-0.6176150445359462
40th percentile,97,-0.61924780589009,-0.6205619027001229,-0.6176150445359462
40th percentile,98,-0.61924780589009,-0.6205619027001229,-0.6176150445359462
40th percentile,99,-0.61924780589009,-0.6205619027001229,-0.6176150445359462
40th percentile,100,-0.61924780589009,-0.6205619027001229,-0.6176150445359462
40th percentile,101,-0.61924780589009,-0.6205619027001229,-0.6176150445359462
40th percentile,102,-0.61924780589009,-0.6205619027001229,-0.6176150445359462
40th percentile,103,-0.6194218727658828,-0.6205619027001229,-0.6176174953503275
40th percentile,104,-0.6194982582689922,-0.6205619027001229,-0.6176174953503275
40th percentile,105,-0.6194996593088045,-0.6205619027001229,-0.6176174953503275
40th percentile,106,-0.6194996593088045,-0.6205619027001229,-0.6176174953503275
40th percentile,107,-0.6194996593088045,-0.6205619027001229,-0.6176174953503275
40th percentile,108,-0.6194996593088045,-0.6205619027001229,-0.6176174953503275
40th percentile,109,-0.6194996593088045,-0.6205619027001229,-0.6176174953503275
40th percentile,110,-0.6194996593088045,-0.6205619027001229,-0.6176174953503275
40th percentile,111,-0.6194996593088045,-0.6205619027001229,-0.6176174953503275
40th percentile,112,-0.6194996593088045,-0.6205619027001229,-0.6176174953503275
40th percentile,113,-0.6195010456338905,-0.6205726467195394,-0.6176174953503275
40th percentile,114,-0.6195010456338905,-0.6205726467195394,-0.6176174953503275
40th percentile,115,-0.6195010456338905,-0.6205726467195394,-0.6176174953503275
40th percentile,116,-0.61951827528424,-0.6205726467195394,-0.6176174953503275
40th percentile,117,-0.61951827528424,-0.6205726467195394,-0.6176174953503275
40th percentile,118,-0.6196010579155403,-0.6205726467195394,-0.6177007846331829
40th percentile,119,-0.6196010579155403,-0.6205726467195394,-0.6177007846331829
40th percentile,120,-0.6196010579155403,-0.6205726467195394,-0.6177007846331829
40th percentile,121,-0.6196010579155403,-0.6205726467195394,-0.6177007846331829
40th percentile,122,-0.6196010579155403,-0.6205726467195394,-0.6177007846331829
40th percentile,123,-0.6196702007890618,-0.6205726467195394,-0.6177007846331829
40th percentile,124,-0.6196702007890618,-0.6205726467195394,-0.6177007846331829
40th percentile,125,-0.6196702007890618,-0.6205726467195394,-0.6177007846331829
40th percentile,126,-0.619733018791192,-0.6205726467195394,-0.6178421251379763
40th percentile,127,-0.619915085917018,-0.6205726467195394,-0.619235053375209
40th percentile,128,-0.619915085917018,-0.6205726467195394,-0.619235053375209
40th percentile,129,-0.6200004232556136,-0.6205726467195394,-0.6193703479613286
40th percentile,130,-0.6200004232556136,-0.6205726467195394,-0.6193703479613286
40th percentile,131,-0.6200004232556136,-0.6205726467195394,-0.6193703479613286
40th percentile,132,-0.6200004232556136,-0.6205726467195394,-0.6193703479613286
40th percentile,133,-0.6200004232556136,-0.6205726467195394,-0.6193703479613286
40th percentile,134,-0.6200004232556136,-0.6205726467195394,-0.6193703479613286
40th percentile,135,-0.6200004232556136,-0.6205726467195394,-0.6193703479613286
40th percentile,136,-0.6200140021509557,-0.6205726467195394,-0.6194009004758486
40th percentile,137,-0.6200140021509557,-0.6205726467195394,-0.6194009004758486
40th percentile,138,-0.6200140021509557,-0.6205726467195394,-0.6194009004758486
40th percentile,139,-0.6200140021509557,-0.6205726467195394,-0.6194009004758486
40th percentile,140,-0.6200445087658841,-0.6205726467195394,-0.6194054781502367
40th percentile,141,-0.6200445087658841,-0.6205726467195394,-0.6194054781502367
40th percentile,142,-0.6200445087658841,-0.6205726467195394,-0.6194054781502367
40th percentile,143,-0.6200445087658841,-0.6205726467195394,-0.6194054781502367
40th percentile,144,-0.6200445087658841,-0.6205726467195394,-0.6194054781502367
40th percentile,145,-0.6200445087658841,-0.6205726467195394,-0.6194054781502367
40th percentile,146,-0.6200445087658841,-0.6205726467195394,-0.6194054781502367
40th percentile,147,-0.6200445087658841,-0.6205726467195394,-0.6194054781502367
40th percentile,148,-0.6200673660371757,-0.6205767353851495,-0.6194054781502367
40th percentile,149,-0.6200673660371757,-0.6205767353851495,-0.6194054781502367
40th percentile,150,-0.6200673660371757,-0.6205767353851495,-0.6194054781502367
40th percentile,151,-0.6200738486769567,-0.6205767353851495,-0.6194088810312783
40th percentile,152,-0.6200738486769567,-0.6205767353851495,-0.6194088810312783
40th percentile,153,-0.6200739303470824,-0.6205773683286235,-0.6194088810312783
40th percentile,154,-0.6201129743912067,-0.6205897300500088,-0.6194167758671383
40th percentile,155,-0.6201486405784805,-0.6206184032157851,-0.6194167758671383
40th percentile,156,-0.6201486405784805,-0.6206184032157851,-0.6194167758671383
40th percentile,157,-0.6201486405784805,-0.6206184032157851,-0.6194167758671383
40th percentile,158,-0.6201486405784805,-0.6206184032157851,-0.6194167758671383
40th percentile,159,-0.6201486405784805,-0.6206184032157851,-0.6194167758671383
40th percentile,160,-0.6201590272731312,-0.6206184032157851,-0.6194167758671383
40th percentile,161,-0.6201590272731312,-0.6206184032157851,-0.6194167758671383
40th percentile,162,-0.6201590272731312,-0.6206184032157851,-0.6194167758671383
40th percentile,163,-0.6201590272731312,-0.6206184032157851,-0.6194167758671383
40th percentile,164,-0.6201590272731312,-0.6206184032157851,-0.6194167758671383
40th percentile,165,-0.6201590272731312,-0.6206184032157851,-0.6194167758671383
40th percentile,166,-0.6201590272731312,-0.6206184032157851,-0.6194167758671383
40th percentile,167,-0.6202433248368027,-0.6206184032157851,-0.6199748535993631
40th percentile,168,-0.6202433248368027,-0.6206184032157851,-0.6199748535993631
40th percentile,169,-0.6202577282879506,-0.6206184032157851,-0.6199883390739469
40th percentile,170,-0.6202577282879506,-0.6206184032157851,-0.6199883390739469
40th percentile,171,-0.6202577282879506,-0.6206184032157851,-0.6199883390739469
40th percentile,172,-0.6202761042492532,-0.6206184032157851,-0.6199902680934491
40th percentile,173,-0.6202761042492532,-0.6206184032157851,-0.6199902680934491
40th percentile,174,-0.6202761042492532,-0.6206184032157851,-0.6199902680934491
40th percentile,175,-0.6202761042492532,-0.6206184032157851,-0.6199902680934491
40th percentile,176,-0.6202761042492532,-0.6206184032157851,-0.6199902680934491
40th percentile,177,-0.6202761042492532,-0.6206184032157851,-0.6199902680934491
40th percentile,178,-0.6202761042492532,-0.6206184032157851,-0.6199902680934491
40th percentile,179,-0.6202761042492532,-0.6206184032157851,-0.6199902680934491
40th percentile,180,-0.6202761042492532,-0.6206184032157851,-0.6199902680934491
40th percentile,181,-0.6202761042492532,-0.6206184032157851,-0.6199902680934491
40th percentile,182,-0.6202761042492532,-0.6206184032157851,-0.6199902680934491
40th percentile,183,-0.6202761042492532,-0.6206184032157851,-0.6199902680934491
40th percentile,184,-0.6202761042492532,-0.6206184032157851,-0.6199902680934491
40th percentile,185,-0.6202779748086916,-0.6206184032157851,-0.6199902680934491
40th percentile,186,-0.6202779748086916,-0.6206184032157851,-0.6199902680934491
40th percentile,187,-0.6202811508124795,-0.6206255492243077,-0.6199902680934491
40th percentile,188,-0.6202811508124795,-0.6206255492243077,-0.6199902680934491
40th percentile,189,-0.6202811508124795,-0.6206255492243077,-0.6199902680934491
40th percentile,190,-0.6202888320802025,-0.6206255492243077,-0.6200072613644457
40th percentile,191,-0.6202888320802025,-0.6206255492243077,-0.6200072613644457
40th percentile,192,-0.6202888320802025,-0.6206255492243077,-0.6200072613644457
40th percentile,193,-0.6202888320802025,-0.6206255492243077,-0.6200072613644457
40th percentile,194,-0.6202888320802025,-0.6206255492243077,-0.6200072613644457
40th percentile,195,-0.6202888320802025,-0.6206255492243077,-0.6200072613644457
40th percentile,196,-0.6202888320802025,-0.6206255492243077,-0.6200072613644457
40th percentile,197,-0.6202888320802025,-0.6206255492243077,-0.6200072613644457
40th percentile,198,-0.6202888320802025,-0.6206255492243077,-0.6200072613644457
40th percentile,199,-0.6202888320802025,-0.6206255492243077,-0.6200072613644457
40th percentile,200,-0.6202964251900929,-0.6206255492243077,-0.6200072613644457
40th percentile,201,-0.6202964251900929,-0.6206255492243077,-0.6200072613644457
40th percentile,202,-0.6203234178824757,-0.6206406180854175,-0.6200411737195614
40th percentile,203,-0.6203234178824757,-0.6206406180854175,-0.6200411737195614
40th percentile,204,-0.6203234178824757,-0.6206406180854175,-0.6200411737195614
40th percentile,205,-0.6203234178824757,-0.6206406180854175,-0.6200411737195614
40th percentile,206,-0.6203234178824757,-0.6206406180854175,-0.6200411737195614
40th percentile,207,-0.6203234178824757,-0.6206406180854175,-0.6200411737195614
40th percentile,208,-0.6203234178824757,-0.6206406180854175,-0.6200411737195614
40th percentile,209,-0.6203234178824757,-0.6206406180854175,-0.6200411737195614
40th percentile,210,-0.6203234178824757,-0.6206406180854175,-0.6200411737195614
40th percentile,211,-0.6203234178824757,-0.6206406180854175,-0.6200411737195614
40th percentile,212,-0.6203234178824757,-0.6206406180854175,-0.6200411737195614
40th percentile,213,-0.6203370828462093,-0.6206471592614025,-0.6200414633009416
40th percentile,214,-0.6203370828462093,-0.6206471592614025,-0.6200414633009416
40th percentile,215,-0.6203370828462093,-0.6206471592614025,-0.6200414633009416
40th percentile,216,-0.6203370828462093,-0.6206471592614025,-0.6200414633009416
40th percentile,217,-0.6203370828462093,-0.6206471592614025,-0.6200414633009416
40th percentile,218,-0.6203370828462093,-0.6206471592614025,-0.6200414633009416
40th percentile,219,-0.6203370828462093,-0.6206471592614025,-0.6200414633009416
40th percentile,220,-0.6203477059344525,-0.620664520033965,-0.6200414633009416
40th percentile,221,-0.6203477059344525,-0.620664520033965,-0.6200414633009416
40th percentile,222,-0.6203477059344525,-0.620664520033965,-0.6200414633009416
40th percentile,223,-0.6203477059344525,-0.620664520033965,-0.6200414633009416
40th percentile,224,-0.6203477059344525,-0.620664520033965,-0.6200414633009416
40th percentile,225,-0.6203477059344525,-0.620664520033965,-0.6200414633009416
40th percentile,226,-0.6203477059344525,-0.620664520033965,-0.6200414633009416
40th percentile,227,-0.6203477059344525,-0.620664520033965,-0.6200414633009416
40th percentile,228,-0.6203477059344525,-0.620664520033965,-0.6200414633009416
40th percentile,229,-0.6203511763883289,-0.6206914160515066,-0.6200414633009416
40th percentile,230,-0.6203511763883289,-0.6206914160515066,-0.6200414633009416
40th percentile,231,-0.6203511763883289,-0.6206914160515066,-0.6200414633009416
40th percentile,232,-0.6203511763883289,-0.6206914160515066,-0.6200414633009416
40th percentile,233,-0.6203511763883289,-0.6206914160515066,-0.6200414633009416
40th percentile,234,-0.6203511763883289,-0.6206914160515066,-0.6200414633009416
40th percentile,235,-0.6203642548108456,-0.6206914160515066,-0.6200414633009416
40th percentile,236,-0.6203654494114511,-0.6206941039028689,-0.6200414633009416
40th percentile,237,-0.6203654494114511,-0.6206941039028689,-0.6200414633009416
40th percentile,238,-0.6203654494114511,-0.6206941039028689,-0.6200414633009416
40th percentile,239,-0.6203654494114511,-0.6206941039028689,-0.6200414633009416
40th percentile,240,-0.6203654494114511,-0.6206941039028689,-0.6200414633009416
40th percentile,241,-0.6203654494114511,-0.6206941039028689,-0.6200414633009416
40th percentile,242,-0.6203655494430633,-0.6206943289739963,-0.6200414633009416
40th percentile,243,-0.6203655494430633,-0.6206943289739963,-0.6200414633009416
40th percentile,244,-0.6203655494430633,-0.6206943289739963,-0.6200414633009416
40th percentile,245,-0.6203655494430633,-0.6206943289739963,-0.6200414633009416
40th percentile,246,-0.6203655494430633,-0.6206943289739963,-0.6200414633009416
40th percentile,247,-0.6203655494430633,-0.6206943289739963,-0.6200414633009416
40th percentile,248,-0.6204007610852307,-0.6206943289739963,-0.620199760087377
40th percentile,249,-0.6204007610852307,-0.6206943289739963,-0.620199760087377
40th percentile,250,-0.6204007610852307,-0.6206943289739963,-0.620199760087377
40th percentile,251,-0.6204007610852307,-0.6206943289739963,-0.620199760087377
40th percentile,252,-0.6204007610852307,-0.6206943289739963,-0.620199760087377
40th percentile,253,-0.6204013959294543,-0.6206957573734992,-0.620199760087377
40th percentile,254,-0.6204013959294543,-0.6206957573734992,-0.620199760087377
40th percentile,255,-0.6204013959294543,-0.6206957573734992,-0.620199760087377
40th percentile,256,-0.6204046744983007,-0.6206957573734992,-0.620199760087377
40th percentile,257,-0.6204377772824334,-0.6206957573734992,-0.620199760087377
40th percentile,258,-0.6204381230384864,-0.6206958996593197,-0.620199760087377
40th percentile,259,-0.6204381230384864,-0.6206958996593197,-0.620199760087377
40th percentile,260,-0.6204381230384864,-0.6206958996593197,-0.620199760087377
40th percentile,261,-0.6204381230384864,-0.6206958996593197,-0.620199760087377
40th percentile,262,-0.6204381230384864,-0.6206958996593197,-0.620199760087377
40th percentile,263,-0.6204381230384864,-0.6206958996593197,-0.620199760087377
40th percentile,264,-0.6204564961775904,-0.6206958996593197,-0.6202509803371562
40th percentile,265,-0.6204569755967702,-0.6206969783524744,-0.6202509803371562
40th percentile,266,-0.6204569755967702,-0.6206969783524744,-0.6202509803371562
40th percentile,267,-0.6204571121009861,-0.6206969783524744,-0.6202509803371562
40th percentile,268,-0.6204571121009861,-0.6206969783524744,-0.6202509803371562
40th percentile,269,-0.6204571121009861,-0.6206969783524744,-0.6202509803371562
40th percentile,270,-0.6204571121009861,-0.6206969783524744,-0.6202509803371562
40th percentile,271,-0.6204571605740854,-0.6206969783524744,-0.6202509803371562
40th percentile,272,-0.6204571605740854,-0.6206969783524744,-0.6202509803371562
40th percentile,273,-0.6204571605740854,-0.6206969783524744,-0.6202509803371562
40th percentile,274,-0.6204571605740854,-0.6206969783524744,-0.6202509803371562
40th percentile,275,-0.6204571605740854,-0.6206969783524744,-0.6202509803371562
40th percentile,276,-0.6204623821441712,-0.6206969783524744,-0.6202914475053206
40th percentile,277,-0.6204623821441712,-0.6206969783524744,-0.6202914475053206
40th percentile,278,-0.620462893056811,-0.6206969783524744,-0.6202914475053206
40th percentile,279,-0.620462893056811,-0.6206969783524744,-0.6202914475053206
40th percentile,280,-0.620462893056811,-0.6206969783524744,-0.6202914475053206
40th percentile,281,-0.620462893056811,-0.6206969783524744,-0.6202914475053206
40th percentile,282,-0.6204630567170804,-0.6206969783524744,-0.6202914475053206
40th percentile,283,-0.6204630567170804,-0.6206969783524744,-0.6202914475053206
40th percentile,284,-0.6204630567170804,-0.6206969783524744,-0.6202914475053206
40th percentile,285,-0.6204630567170804,-0.6206969783524744,-0.6202914475053206
40th percentile,286,-0.6204630567170804,-0.6206969783524744,-0.6202914475053206
40th percentile,287,-0.6204630567170804,-0.6206969783524744,-0.6202914475053206
40th percentile,288,-0.6204630567170804,-0.6206969783524744,-0.6202914475053206
40th percentile,289,-0.6204630567170804,-0.6206969783524744,-0.6202914475053206
40th percentile,290,-0.6204630567170804,-0.6206969783524744,-0.6202914475053206
40th percentile,291,-0.6204630567170804,-0.6206969783524744,-0.6202914475053206
40th percentile,292,-0.6204630567170804,-0.6206969783524744,-0.6202914475053206
40th percentile,293,-0.6204636193820716,-0.6206969783524744,-0.6202914475053206
40th percentile,294,-0.6204636193820716,-0.6206969783524744,-0.6202914475053206
40th percentile,295,-0.6204636193820716,-0.6206969783524744,-0.6202914475053206
40th percentile,296,-0.6204636193820716,-0.6206969783524744,-0.6202914475053206
40th percentile,297,-0.6204728576780766,-0.6206969783524744,-0.6202914475053206
40th percentile,298,-0.6204728576780766,-0.6206969783524744,-0.6202914475053206
40th percentile,299,-0.6204821611602045,-0.6206969783524744,-0.6203031732517554
40th percentile,300,-0.6204821611602045,-0.6206969783524744,-0.6203031732517554
40th percentile,301,-0.6204821611602045,-0.6206969783524744,-0.6203031732517554
40th percentile,302,-0.6204821611602045,-0.6206969783524744,-0.6203031732517554
40th percentile,303,-0.6204821611602045,-0.6206969783524744,-0.6203031732517554
40th percentile,304,-0.6204821611602045,-0.6206969783524744,-0.6203031732517554
40th percentile,305,-0.6204822487684785,-0.6206969783524744,-0.6203031732517554
40th percentile,306,-0.6204822487684785,-0.6206969783524744,-0.6203031732517554
40th percentile,307,-0.6204822487684785,-0.6206969783524744,-0.6203031732517554
40th percentile,308,-0.6204822487684785,-0.6206969783524744,-0.6203031732517554
40th percentile,309,-0.6204822487684785,-0.6206969783524744,-0.6203031732517554
40th percentile,310,-0.6204822487684785,-0.6206969783524744,-0.6203031732517554
40th percentile,311,-0.6204822487684785,-0.6206969783524744,-0.6203031732517554
40th percentile,312,-0.6204822487684785,-0.6206969783524744,-0.6203031732517554
40th percentile,313,-0.6204822487684785,-0.6206969783524744,-0.6203031732517554
40th percentile,314,-0.6204822487684785,-0.6206969783524744,-0.6203031732517554
40th percentile,315,-0.6204822487684785,-0.6206969783524744,-0.6203031732517554
40th percentile,316,-0.6204822487684785,-0.6206969783524744,-0.6203031732517554
40th percentile,317,-0.6204822487684785,-0.6206969783524744,-0.6203031732517554
40th percentile,318,-0.6204822487684785,-0.6206969783524744,-0.6203031732517554
40th percentile,319,-0.6204822487684785,-0.6206969783524744,-0.6203031732517554
40th percentile,320,-0.6204822487684785,-0.6206969783524744,-0.6203031732517554
40th percentile,321,-0.6204822487684785,-0.6206969783524744,-0.6203031732517554
40th percentile,322,-0.6204822487684785,-0.6206969783524744,-0.6203031732517554
40th percentile,323,-0.6204822487684785,-0.6206969783524744,-0.6203031732517554
40th percentile,324,-0.6204822487684785,-0.6206969783524744,-0.6203031732517554
40th percentile,325,-0.6204822487684785,-0.6206969783524744,-0.6203031732517554
40th percentile,326,-0.6204823514960547,-0.6206969783524744,-0.6203031732517554
40th percentile,327,-0.6204823514960547,-0.6206969783524744,-0.6203031732517554
40th percentile,328,-0.6204823514960547,-0.6206969783524744,-0.6203031732517554
40th percentile,329,-0.6204823514960547,-0.6206969783524744,-0.6203031732517554
40th percentile,330,-0.6204823514960547,-0.6206969783524744,-0.6203031732517554
40th percentile,331,-0.6204823514960547,-0.6206969783524744,-0.6203031732517554
40th percentile,332,-0.6204823514960547,-0.6206969783524744,-0.6203031732517554
40th percentile,333,-0.6204832208420346,-0.6206969783524744,-0.6203031732517554
40th percentile,334,-0.6204832208420346,-0.6206969783524744,-0.6203031732517554
40th percentile,335,-0.6204832208420346,-0.6206969783524744,-0.6203031732517554
40th percentile,336,-0.6204832208420346,-0.6206969783524744,-0.6203031732517554
40th percentile,337,-0.6204832208420346,-0.6206969783524744,-0.6203031732517554
40th percentile,338,-0.6204832208420346,-0.6206969783524744,-0.6203031732517554
40th percentile,339,-0.6204832208420346,-0.6206969783524744,-0.6203031732517554
40th percentile,340,-0.6204832208420346,-0.6206969783524744,-0.6203031732517554
40th percentile,341,-0.6204832208420346,-0.6206969783524744,-0.6203031732517554
40th percentile,342,-0.6204832208420346,-0.6206969783524744,-0.6203031732517554
40th percentile,343,-0.6204832208420346,-0.6206969783524744,-0.6203031732517554
40th percentile,344,-0.6204832208420346,-0.6206969783524744,-0.6203031732517554
40th percentile,345,-0.6204832208420346,-0.6206969783524744,-0.6203031732517554
40th percentile,346,-0.6204837220803207,-0.6207001816583182,-0.62030337104588
40th percentile,347,-0.6204837220803207,-0.6207001816583182,-0.62030337104588
40th percentile,348,-0.6204837220803207,-0.6207001816583182,-0.62030337104588
40th percentile,349,-0.6204837220803207,-0.6207001816583182,-0.62030337104588
40th percentile,350,-0.6204837220803207,-0.6207001816583182,-0.62030337104588
40th percentile,351,-0.6204837220803207,-0.6207001816583182,-0.62030337104588
40th percentile,352,-0.6204837220803207,-0.6207001816583182,-0.62030337104588
40th percentile,353,-0.6204837220803207,-0.6207001816583182,-0.62030337104588
40th percentile,354,-0.6204837220803207,-0.6207001816583182,-0.62030337104588
40th percentile,355,-0.6204837220803207,-0.6207001816583182,-0.62030337104588
40th percentile,356,-0.6204837220803207,-0.6207001816583182,-0.62030337104588
40th percentile,357,-0.6204842848073893,-0.6207001816583182,-0.6203046371817846
40th percentile,358,-0.6204842848073893,-0.6207001816583182,-0.6203046371817846
40th percentile,359,-0.6204842848073893,-0.6207001816583182,-0.6203046371817846
40th percentile,360,-0.6204881792395772,-0.6207001816583182,-0.6203046371817846
40th percentile,361,-0.6204881792395772,-0.6207001816583182,-0.6203046371817846
40th percentile,362,-0.6204881792395772,-0.6207001816583182,-0.6203046371817846
40th percentile,363,-0.6204882232226744,-0.6207001816583182,-0.6203046371817846
40th percentile,364,-0.620488901983258,-0.6207001816583182,-0.6203046371817846
40th percentile,365,-0.620488901983258,-0.6207001816583182,-0.6203046371817846
40th percentile,366,-0.6204889798306451,-0.6207001816583182,-0.6203048123384056
40th percentile,367,-0.6204896650121923,-0.6207001816583182,-0.6203050641394247
40th percentile,368,-0.6204921599115066,-0.6207001816583182,-0.6203050641394247
40th percentile,369,-0.6204921599115066,-0.6207001816583182,-0.6203050641394247
40th percentile,370,-0.6204921599115066,-0.6207001816583182,-0.6203050641394247
40th percentile,371,-0.6204921884900773,-0.6207001816583182,-0.6203050641394247
40th percentile,372,-0.6204921884900773,-0.6207001816583182,-0.6203050641394247
40th percentile,373,-0.6204921884900773,-0.6207001816583182,-0.6203050641394247
40th percentile,374,-0.6204926805256269,-0.6207001816583182,-0.6203050641394247
40th percentile,375,-0.6204926805256269,-0.6207001816583182,-0.6203050641394247
40th percentile,376,-0.6204927766946249,-0.6207001816583182,-0.6203050641394247
40th percentile,377,-0.6204927766946249,-0.6207001816583182,-0.6203050641394247
40th percentile,378,-0.6205081542723361,-0.6207001816583182,-0.620308093251325
40th percentile,379,-0.6205081995908479,-0.6207001816583182,-0.620308093251325
40th percentile,380,-0.6205081995908479,-0.6207001816583182,-0.620308093251325
40th percentile,381,-0.6205081995908479,-0.6207001816583182,-0.620308093251325
40th percentile,382,-0.6205081995908479,-0.6207001816583182,-0.620308093251325
40th percentile,383,-0.6205081995908479,-0.6207001816583182,-0.620308093251325
40th percentile,384,-0.6205081995908479,-0.6207001816583182,-0.620308093251325
40th percentile,385,-0.6205083874409232,-0.6207001816583182,-0.620308093251325
40th percentile,386,-0.6205083992645337,-0.6207001816583182,-0.620308093251325
40th percentile,387,-0.6205083992645337,-0.6207001816583182,-0.620308093251325
40th percentile,388,-0.6205083992645337,-0.6207001816583182,-0.620308093251325
40th percentile,389,-0.6205083992645337,-0.6207001816583182,-0.620308093251325
40th percentile,390,-0.6205083992645337,-0.6207001816583182,-0.620308093251325
40th percentile,391,-0.6205083992645337,-0.6207001816583182,-0.620308093251325
40th percentile,392,-0.6205083992645337,-0.6207001816583182,-0.620308093251325
40th percentile,393,-0.6205083992645337,-0.6207001816583182,-0.620308093251325
40th percentile,394,-0.6205084322067471,-0.6207001816583182,-0.620308093251325
40th percentile,395,-0.6205084322067471,-0.6207001816583182,-0.620308093251325
40th percentile,396,-0.6205084322067471,-0.6207001816583182,-0.620308093251325
40th percentile,397,-0.6205084322067471,-0.6207001816583182,-0.620308093251325
40th percentile,398,-0.6205084322067471,-0.6207001816583182,-0.620308093251325
40th percentile,399,-0.6205084322067471,-0.6207001816583182,-0.620308093251325
40th percentile,400,-0.6205084322067471,-0.6207001816583182,-0.620308093251325
40th percentile,401,-0.6205084322067471,-0.6207001816583182,-0.620308093251325
40th percentile,402,-0.6205084322067471,-0.6207001816583182,-0.620308093251325
40th percentile,403,-0.6205084322067471,-0.6207001816583182,-0.620308093251325
40th percentile,404,-0.6205084322067471,-0.6207001816583182,-0.620308093251325
40th percentile,405,-0.6205193729232881,-0.6207001816583182,-0.620308093251325
40th percentile,406,-0.6205193729232881,-0.6207001816583182,-0.620308093251325
40th percentile,407,-0.6205193729232881,-0.6207001816583182,-0.620308093251325
40th percentile,408,-0.6205250228333852,-0.6207001816583182,-0.620308093251325
40th percentile,409,-0.6205250228333852,-0.6207001816583182,-0.620308093251325
40th percentile,410,-0.6205250228333852,-0.6207001816583182,-0.620308093251325
40th percentile,411,-0.6205250228333852,-0.6207001816583182,-0.620308093251325
40th percentile,412,-0.6205676172254345,-0.6207140049986227,-0.6203765140249258
40th percentile,413,-0.6205676277785535,-0.6207140049986227,-0.6203765140249258
40th percentile,414,-0.6205676277785535,-0.6207140049986227,-0.6203765140249258
40th percentile,415,-0.6205676277785535,-0.6207140049986227,-0.6203765140249258
40th percentile,416,-0.6205676277785535,-0.6207140049986227,-0.6203765140249258
40th percentile,417,-0.6205676277785535,-0.6207140049986227,-0.6203765140249258
40th percentile,418,-0.6205676277785535,-0.6207140049986227,-0.6203765140249258
40th percentile,419,-0.6205676277785535,-0.6207140049986227,-0.6203765140249258
40th percentile,420,-0.6205676772537772,-0.6207140049986227,-0.6203766253441791
40th percentile,421,-0.6205676772537772,-0.6207140049986227,-0.6203766253441791
40th percentile,422,-0.6205676772537772,-0.6207140049986227,-0.6203766253441791
40th percentile,423,-0.6205676772537772,-0.6207140049986227,-0.6203766253441791
40th percentile,424,-0.6205676772537772,-0.6207140049986227,-0.6203766253441791
40th percentile,425,-0.6205676772537772,-0.6207140049986227,-0.6203766253441791
40th percentile,426,-0.6205676772537772,-0.6207140049986227,-0.6203766253441791
40th percentile,427,-0.6205677023494934,-0.6207140049986227,-0.6203766253441791
40th percentile,428,-0.6205677023494934,-0.6207140049986227,-0.6203766253441791
40th percentile,429,-0.6205677023494934,-0.6207140049986227,-0.6203766253441791
40th percentile,430,-0.6205677248885098,-0.6207140049986227,-0.6203766253441791
40th percentile,431,-0.6205677493924594,-0.6207140049986227,-0.6203766253441791
40th percentile,432,-0.6205677493924594,-0.6207140049986227,-0.6203766253441791
40th percentile,433,-0.6205677493924594,-0.6207140049986227,-0.6203766253441791
40th percentile,434,-0.6205677493924594,-0.6207140049986227,-0.6203766253441791
40th percentile,435,-0.6205677493924594,-0.6207140049986227,-0.6203766253441791
40th percentile,436,-0.6205677493924594,-0.6207140049986227,-0.6203766253441791
40th percentile,437,-0.6205677493924594,-0.6207140049986227,-0.6203766253441791
40th percentile,438,-0.6205677493924594,-0.6207140049986227,-0.6203766253441791
40th percentile,439,-0.6205677493924594,-0.6207140049986227,-0.6203766253441791
40th percentile,440,-0.6205677493924594,-0.6207140049986227,-0.6203766253441791
40th percentile,441,-0.6205677493924594,-0.6207140049986227,-0.6203766253441791
40th percentile,442,-0.6205677493924594,-0.6207140049986227,-0.6203766253441791
40th percentile,443,-0.6205677493924594,-0.6207140049986227,-0.6203766253441791
40th percentile,444,-0.6205677493924594,-0.6207140049986227,-0.6203766253441791
40th percentile,445,-0.6205677493924594,-0.6207140049986227,-0.6203766253441791
40th percentile,446,-0.6205677493924594,-0.6207140049986227,-0.6203766253441791
40th percentile,447,-0.6205677493924594,-0.6207140049986227,-0.6203766253441791
40th percentile,448,-0.6205677493924594,-0.6207140049986227,-0.6203766253441791
40th percentile,449,-0.6205677493924594,-0.6207140049986227,-0.6203766253441791
40th percentile,450,-0.6205677493924594,-0.6207140049986227,-0.6203766253441791
40th percentile,451,-0.6205677493924594,-0.6207140049986227,-0.6203766253441791
40th percentile,452,-0.6205677493924594,-0.6207140049986227,-0.6203766253441791
40th percentile,453,-0.6205677493924594,-0.6207140049986227,-0.6203766253441791
40th percentile,454,-0.6205677493924594,-0.6207140049986227,-0.6203766253441791
40th percentile,455,-0.6205677493924594,-0.6207140049986227,-0.6203766253441791
40th percentile,456,-0.6205677493924594,-0.6207140049986227,-0.6203766253441791
40th percentile,457,-0.6205677493924594,-0.6207140049986227,-0.6203766253441791
40th percentile,458,-0.6205683320635944,-0.6207140049986227,-0.6203766253441791
40th percentile,459,-0.6205683320635944,-0.6207140049986227,-0.6203766253441791
40th percentile,460,-0.6205683323048279,-0.6207140049986227,-0.6203766253441791
40th percentile,461,-0.6205683323048279,-0.6207140049986227,-0.6203766253441791
40th percentile,462,-0.6205683324509239,-0.6207140049986227,-0.6203766253441791
40th percentile,463,-0.6205683324509239,-0.6207140049986227,-0.6203766253441791
40th percentile,464,-0.6205683324509239,-0.6207140049986227,-0.6203766253441791
40th percentile,465,-0.6205683324509239,-0.6207140049986227,-0.6203766253441791
40th percentile,466,-0.6205683870379595,-0.6207140049986227,-0.6203766253441791
40th percentile,467,-0.6205683870379595,-0.6207140049986227,-0.6203766253441791
40th percentile,468,-0.6205683870457601,-0.6207140049986227,-0.6203766253441791
40th percentile,469,-0.6205683870457601,-0.6207140049986227,-0.6203766253441791
40th percentile,470,-0.6205683870457601,-0.6207140049986227,-0.6203766253441791
40th percentile,471,-0.6205683870457601,-0.6207140049986227,-0.6203766253441791
40th percentile,472,-0.6205683870457601,-0.6207140049986227,-0.6203766253441791
40th percentile,473,-0.6205683870457601,-0.6207140049986227,-0.6203766253441791
40th percentile,474,-0.6205683870457601,-0.6207140049986227,-0.6203766253441791
40th percentile,475,-0.6205722332009004,-0.6207140049986227,-0.6203766253441791
40th percentile,476,-0.6205722332009004,-0.6207140049986227,-0.6203766253441791
40th percentile,477,-0.6205722332020717,-0.6207140049986227,-0.6203766253441791
40th percentile,478,-0.6205722332020717,-0.6207140049986227,-0.6203766253441791
40th percentile,479,-0.6205722332020717,-0.6207140049986227,-0.6203766253441791
40th percentile,480,-0.6205722332020717,-0.6207140049986227,-0.6203766253441791
40th percentile,481,-0.6205722332119217,-0.6207140049986227,-0.6203766253441791
40th percentile,482,-0.6205722332119217,-0.6207140049986227,-0.6203766253441791
40th percentile,483,-0.6205722332119217,-0.6207140049986227,-0.6203766253441791
40th percentile,484,-0.6205722332119217,-0.6207140049986227,-0.6203766253441791
40th percentile,485,-0.6205722332119217,-0.6207140049986227,-0.6203766253441791
40th percentile,486,-0.6205722332128041,-0.6207140049986227,-0.6203766253441791
40th percentile,487,-0.6205722332128041,-0.6207140049986227,-0.6203766253441791
40th percentile,488,-0.6205722332128041,-0.6207140049986227,-0.6203766253441791
40th percentile,489,-0.6205722332128041,-0.6207140049986227,-0.6203766253441791
40th percentile,490,-0.6205722332128041,-0.6207140049986227,-0.6203766253441791
40th percentile,491,-0.6205722332128041,-0.6207140049986227,-0.6203766253441791
40th percentile,492,-0.6205722332128687,-0.6207140049986227,-0.6203766253441791
40th percentile,493,-0.6205722332128687,-0.6207140049986227,-0.6203766253441791
40th percentile,494,-0.6205722332128687,-0.6207140049986227,-0.6203766253441791
40th percentile,495,-0.6205722332128687,-0.6207140049986227,-0.6203766253441791
40th percentile,496,-0.6205722332128687,-0.6207140049986227,-0.6203766253441791
40th percentile,497,-0.6205722485647296,-0.6207140049986227,-0.6203766253441791
40th percentile,498,-0.6205722485647296,-0.6207140049986227,-0.6203766253441791
40th percentile,499,-0.6205733741185184,-0.6207140049986227,-0.6203766253441791
40th percentile,500,-0.6205733741185184,-0.6207140049986227,-0.6203766253441791
50th percentile,1,-0.3491101762147873,-0.4735328821840616,-0.24503066704318857
50th percentile,2,-0.39246373581733796,-0.4735328821840616,-0.31611272600272594
50th percentile,3,-0.4035142250493687,-0.47724135265807727,-0.342727710093775
50th percentile,4,-0.41290714677848117,-0.47724135265807727,-0.35742692902859446
50th percentile,5,-0.4371994387789623,-0.5092937214659902,-0.3803486789800841
50th percentile,6,-0.4476100186983736,-0.5166432189566862,-0.38243687513628255
50th percentile,7,-0.47464330487918377,-0.5854053105234723,-0.385670505556452
50th percentile,8,-0.4946002029412928,-0.5908754989488803,-0.43530175108437796
50th percentile,9,-0.5044397954431477,-0.6003046248921123,-0.43530175108437796
50th percentile,10,-0.5175808593930368,-0.6003046248921123,-0.43806027905160494
50th percentile,11,-0.5316517304535194,-0.6003046248921123,-0.4393149849526688
50th percentile,12,-0.5489712583362183,-0.6189481576885905,-0.44564508861230023
50th percentile,13,-0.5562436486365189,-0.6217090073151218,-0.44564508861230023
50th percentile,14,-0.5696856488458237,-0.6468018295290276,-0.4621857854381573
50th percentile,15,-0.5812895014126027,-0.6476578582505257,-0.4628315978763346
50th percentile,16,-0.5973126612767005,-0.6513525037414192,-0.4888099036487969
50th percentile,17,-0.6095371685521378,-0.6517883568787671,-0.48915237304793036
50th percentile,18,-0.6116685095785648,-0.6547101572263635,-0.48915237304793036
50th percentile,19,-0.6124469199391809,-0.6554059634928197,-0.48915237304793036
50th percentile,20,-0.6166673761528256,-0.6554059634928197,-0.48915237304793036
50th percentile,21,-0.6184286222910045,-0.6554059634928197,-0.48915237304793036
50th percentile,22,-0.618812697470773,-0.6554059634928197,-0.48915237304793036
50th percentile,23,-0.6193239138873707,-0.6564525485152759,-0.48915237304793036
50th percentile,24,-0.6201568215753863,-0.6576291190945203,-0.4923980589447529
50th percentile,25,-0.6215012629154724,-0.6578048844413226,-0.49350704773082166
50th percentile,26,-0.624332186353753,-0.6578048844413226,-0.5150995977250786
50th percentile,27,-0.624332186353753,-0.6578048844413226,-0.5150995977250786
50th percentile,28,-0.6243762265715653,-0.6581461961293679,-0.5150995977250786
50th percentile,29,-0.6244415123258146,-0.6581461961293679,-0.5152464906721395
50th percentile,30,-0.6263286490403751,-0.6581461961293679,-0.5191655010054771
50th percentile,31,-0.6314696370831825,-0.6581461961293679,-0.5225773099469516
50th percentile,32,-0.632229673440467,-0.6586322299782215,-0.5242287208453161
50th percentile,33,-0.6323850294005878,-0.6586593787629774,-0.5242287208453161
50th percentile,34,-0.6324233783516513,-0.6586938516430486,-0.5242287208453161
50th percentile,35,-0.6350262189340529,-0.6586938516430486,-0.5279920766987674
50th percentile,36,-0.6383291229146923,-0.6586938516430486,-0.531487559323692
50th percentile,37,-0.6387227154398292,-0.6586938516430486,-0.531487559323692
50th percentile,38,-0.6387395553803068,-0.6586938516430486,-0.531487559323692
50th percentile,39,-0.6394594949042125,-0.6586938516430486,-0.5330991418945874
50th percentile,40,-0.639502482911303,-0.6586938516430486,-0.5334322989495383
50th percentile,41,-0.6395902402770374,-0.6586938516430486,-0.5341124185339797
50th percentile,42,-0.6395902402770374,-0.6586938516430486,-0.5341124185339797
50th percentile,43,-0.6395902402770374,-0.6586938516430486,-0.5341124185339797
50th percentile,44,-0.6395902402770374,-0.6586938516430486,-0.5341124185339797
50th percentile,45,-0.6409396004723455,-0.6586938516430486,-0.5445699600476179
50th percentile,46,-0.6409554851418162,-0.6587295921493576,-0.5445699600476179
50th percentile,47,-0.6411080301630021,-0.6588349104053588,-0.5453894210800263
50th percentile,48,-0.6411080301630021,-0.6588349104053588,-0.5453894210800263
50th percentile,49,-0.6412752191409564,-0.6588349104053588,-0.5453894210800263
50th percentile,50,-0.6412752191409564,-0.6588349104053588,-0.5453894210800263
50th percentile,51,-0.6412752191409564,-0.6588349104053588,-0.5453894210800263
50th percentile,52,-0.6413616807182791,-0.6588349104053588,-0.5460594983042771
50th percentile,53,-0.6413746680839275,-0.6588349104053588,-0.5460594983042771
50th percentile,54,-0.6413746680839275,-0.6588349104053588,-0.5460594983042771
50th percentile,55,-0.6413746680839275,-0.6588349104053588,-0.5460594983042771
50th percentile,56,-0.6413746680839275,-0.6588349104053588,-0.5460594983042771
50th percentile,57,-0.6413873684860578,-0.6588349104053588,-0.5460594983042771
50th percentile,58,-0.6413873684860578,-0.6588349104053588,-0.5460594983042771
50th percentile,59,-0.6414362336269858,-0.6588349104053588,-0.5461694448713649
50th percentile,60,-0.6414740474888071,-0.6588349104053588,-0.5464625023004801
50th percentile,61,-0.6414950624846141,-0.6588349104053588,-0.5464625023004801
50th percentile,62,-0.642447866120135,-0.6588349104053588,-0.5481582118970622
50th percentile,63,-0.6425737037910249,-0.6588349104053588,-0.5482209075992527
50th percentile,64,-0.6425737037910249,-0.6588349104053588,-0.5482209075992527
50th percentile,65,-0.6426912540998341,-0.6588349104053588,-0.5482209075992527
50th percentile,66,-0.6426912540998341,-0.6588349104053588,-0.5482209075992527
50th percentile,67,-0.6426912540998341,-0.6588349104053588,-0.5482209075992527
50th percentile,68,-0.6426912540998341,-0.6588349104053588,-0.5482209075992527
50th percentile,69,-0.6427511245693551,-0.6588357891426069,-0.5482209075992527
50th percentile,70,-0.6427876626743221,-0.6588357891426069,-0.5482209075992527
50th percentile,71,-0.6427876626743221,-0.6588357891426069,-0.5482209075992527
50th percentile,72,-0.6427876626743221,-0.6588357891426069,-0.5482209075992527
50th percentile,73,-0.6427876626743221,-0.6588357891426069,-0.5482209075992527
50th percentile,74,-0.6428046270549366,-0.6588448242817339,-0.5482209075992527
50th percentile,75,-0.6428317999778828,-0.6588448242817339,-0.5482209075992527
50th percentile,76,-0.6429934198390564,-0.6588448242817339,-0.5494734615233487
50th percentile,77,-0.6429934198390564,-0.6588448242817339,-0.5494734615233487
50th percentile,78,-0.6432460211089267,-0.6588448242817339,-0.5514289327218919
50th percentile,79,-0.6432460211089267,-0.6588448242817339,-0.5514289327218919
50th percentile,80,-0.6432485393778815,-0.6588448242817339,-0.5514289327218919
50th percentile,81,-0.6432490100325716,-0.6588458832547869,-0.5514289327218919
50th percentile,82,-0.6433206292182632,-0.6588458832547869,-0.5514289327218919
50th percentile,83,-0.6433206292182632,-0.6588458832547869,-0.5514289327218919
50th percentile,84,-0.6433206292182632,-0.6588458832547869,-0.5514289327218919
50th percentile,85,-0.6433206292182632,-0.6588458832547869,-0.5514289327218919
50th percentile,86,-0.6433206292182632,-0.6588458832547869,-0.5514289327218919
50th percentile,87,-0.6433206292182632,-0.6588458832547869,-0.5514289327218919
50th percentile,88,-0.6433939941942695,-0.6588458832547869,-0.5514752133591592
50th percentile,89,-0.6433939941942695,-0.6588458832547869,-0.5514752133591592
50th percentile,90,-0.6433939941942695,-0.6588458832547869,-0.5514752133591592
50th percentile,91,-0.6433939941942695,-0.6588458832547869,-0.5514752133591592
50th percentile,92,-0.6433955491999708,-0.6588458832547869,-0.5514872646533449
50th percentile,93,-0.6433955491999708,-0.6588458832547869,-0.5514872646533449
50th percentile,94,-0.6433955491999708,-0.6588458832547869,-0.5514872646533449
50th percentile,95,-0.6434086402215171,-0.6588458832547869,-0.5515887200703291
50th percentile,96,-0.6438311828270101,-0.6588640158354435,-0.5517075106290757
50th percentile,97,-0.6438625559256719,-0.6588640158354435,-0.5517075106290757
50th percentile,98,-0.6438637279609931,-0.6588640158354435,-0.5517075106290757
50th percentile,99,-0.6438652097869573,-0.6588640158354435,-0.5517189947802975
50th percentile,100,-0.6438652097869573,-0.6588640158354435,-0.5517189947802975
50th percentile,101,-0.6438652097869573,-0.6588640158354435,-0.5517189947802975
50th percentile,102,-0.6438652097869573,-0.6588640158354435,-0.5517189947802975
50th percentile,103,-0.6439123737020298,-0.6588640158354435,-0.5517189947802975
50th percentile,104,-0.6439123737020298,-0.6588640158354435,-0.5517189947802975
50th percentile,105,-0.6439311433941984,-0.6588640158354435,-0.5517189947802975
50th percentile,106,-0.6439311433941984,-0.6588640158354435,-0.5517189947802975
50th percentile,107,-0.6439311433941984,-0.6588640158354435,-0.5517189947802975
50th percentile,108,-0.6439311433941984,-0.6588640158354435,-0.5517189947802975
50th percentile,109,-0.6439318958122181,-0.6588640158354435,-0.5517189947802975
50th percentile,110,-0.6439318958122181,-0.6588640158354435,-0.5517189947802975
50th percentile,111,-0.6439318958122181,-0.6588640158354435,-0.5517189947802975
50th percentile,112,-0.6439318958122181,-0.6588640158354435,-0.5517189947802975
50th percentile,113,-0.6439318958122181,-0.6588640158354435,-0.5517189947802975
50th percentile,114,-0.6439318958122181,-0.6588640158354435,-0.5517189947802975
50th percentile,115,-0.6439319605526939,-0.6588640158354435,-0.5517189947802975
50th percentile,116,-0.6439319605526939,-0.6588640158354435,-0.5517189947802975
50th percentile,117,-0.6439319605526939,-0.6588640158354435,-0.5517189947802975
50th percentile,118,-0.64394577322789,-0.658962335986374,-0.5517277228621382
50th percentile,119,-0.64394577322789,-0.658962335986374,-0.5517277228621382
50th percentile,120,-0.6439458801921721,-0.658962335986374,-0.5517277228621382
50th percentile,121,-0.6439458801921721,-0.658962335986374,-0.5517277228621382
50th percentile,122,-0.6439458801921721,-0.658962335986374,-0.5517277228621382
50th percentile,123,-0.6439458801921721,-0.658962335986374,-0.5517277228621382
50th percentile,124,-0.6439458801921721,-0.658962335986374,-0.5517277228621382
50th percentile,125,-0.6439458801921721,-0.658962335986374,-0.5517277228621382
50th percentile,126,-0.6439458801921721,-0.658962335986374,-0.5517277228621382
50th percentile,127,-0.6439458867990508,-0.658962335986374,-0.5517277228621382
50th percentile,128,-0.6439458867990508,-0.658962335986374,-0.5517277228621382
50th percentile,129,-0.6439552439913248,-0.6589797244350558,-0.5517277228621382
50th percentile,130,-0.6439552439913248,-0.6589797244350558,-0.5517277228621382
50th percentile,131,-0.6439552439913248,-0.6589797244350558,-0.5517277228621382
50th percentile,132,-0.6439552510884802,-0.6589797244350558,-0.5517277228621382
50th percentile,133,-0.6439693125077437,-0.6589797244350558,-0.5517277228621382
50th percentile,134,-0.6439693125077437,-0.6589797244350558,-0.5517277228621382
50th percentile,135,-0.6439693125077437,-0.6589797244350558,-0.5517277228621382
50th percentile,136,-0.6439693125077437,-0.6589797244350558,-0.5517277228621382
50th percentile,137,-0.6439693125077437,-0.6589797244350558,-0.5517277228621382
50th percentile,138,-0.6439693125077437,-0.6589797244350558,-0.5517277228621382
50th percentile,139,-0.6440494755773384,-0.6589797244350558,-0.5517277228621382
50th percentile,140,-0.6440532586476493,-0.6589882363432555,-0.5517277228621382
50th percentile,141,-0.6440532586476493,-0.6589882363432555,-0.5517277228621382
50th percentile,142,-0.6440532586476493,-0.6589882363432555,-0.5517277228621382
50th percentile,143,-0.6440532586476493,-0.6589882363432555,-0.5517277228621382
50th percentile,144,-0.6441002715520845,-0.6589882363432555,-0.5518334959822206
50th percentile,145,-0.6441435641288222,-0.6589882363432555,-0.552075826205319
50th percentile,146,-0.6441435725827563,-0.6589882363432555,-0.552075826205319
50th percentile,147,-0.6441544033794127,-0.6589882363432555,-0.5521001954977959
50th percentile,148,-0.6441544033794127,-0.6589882363432555,-0.5521001954977959
50th percentile,149,-0.644156508714984,-0.6589882363432555,-0.5521049325028311
50th percentile,150,-0.644156508714984,-0.6589882363432555,-0.5521049325028311
50th percentile,151,-0.644156508714984,-0.6589882363432555,-0.5521049325028311
50th percentile,152,-0.644156508714984,-0.6589882363432555,-0.5521049325028311
50th percentile,153,-0.6441565344648119,-0.6589882942803683,-0.5521049325028311
50th percentile,154,-0.6442256188053143,-0.6589882942803683,-0.5522603722689614
50th percentile,155,-0.6442256188053143,-0.6589882942803683,-0.5522603722689614
50th percentile,156,-0.6442256188053143,-0.6589882942803683,-0.5522603722689614
50th percentile,157,-0.6442563838422931,-0.6589882942803683,-0.5523295936021638
50th percentile,158,-0.6442563847399778,-0.6589882942803683,-0.5523295936021638
50th percentile,159,-0.6442563847399778,-0.6589882942803683,-0.5523295936021638
50th percentile,160,-0.6442563847399778,-0.6589882942803683,-0.5523295936021638
50th percentile,161,-0.6442615744246334,-0.6589882942803683,-0.5523295936021638
50th percentile,162,-0.6442855985283825,-0.6589882942803683,-0.5525157804062198
50th percentile,163,-0.6442855985283825,-0.6589882942803683,-0.5525157804062198
50th percentile,164,-0.6442855985677388,-0.6589882942803683,-0.5525157804062198
50th percentile,165,-0.6442904529323489,-0.6589882942803683,-0.5525534017319473
50th percentile,166,-0.6442904529323489,-0.6589882942803683,-0.5525534017319473
50th percentile,167,-0.6442904529408112,-0.6589882942803683,-0.5525534017319473
50th percentile,168,-0.6442904529408112,-0.6589882942803683,-0.5525534017319473
50th percentile,169,-0.644290704157019,-0.6589888595099503,-0.5525534017319473
50th percentile,170,-0.644290704157019,-0.6589888595099503,-0.5525534017319473
50th percentile,171,-0.644290704157019,-0.6589888595099503,-0.5525534017319473
50th percentile,172,-0.644290704157019,-0.6589888595099503,-0.5525534017319473
50th percentile,173,-0.6486356588462052,-0.6589888595099503,-0.5862264156453797
50th percentile,174,-0.6486356588580934,-0.6589888595099503,-0.5862264156453797
50th percentile,175,-0.6486356588580934,-0.6589888595099503,-0.5862264156453797
50th percentile,176,-0.64863565886477,-0.6589888595099503,-0.5862264156453797
50th percentile,177,-0.64863565886477,-0.6589888595099503,-0.5862264156453797
50th percentile,178,-0.64863565886477,-0.6589888595099503,-0.5862264156453797
50th percentile,179,-0.64863565886477,-0.6589888595099503,-0.5862264156453797
50th percentile,180,-0.6486356989857889,-0.6589888595099503,-0.5862264156453797
50th percentile,181,-0.6486356989857889,-0.6589888595099503,-0.5862264156453797
50th percentile,182,-0.6486359797894605,-0.6589888595099503,-0.5862264156453797
50th percentile,183,-0.6486359797894605,-0.6589888595099503,-0.5862264156453797
50th percentile,184,-0.6486359797894605,-0.6589888595099503,-0.5862264156453797
50th percentile,185,-0.6486359797894605,-0.6589888595099503,-0.5862264156453797
50th percentile,186,-0.6486362712299485,-0.6589888595099503,-0.5862264156453797
50th percentile,187,-0.6486362712299485,-0.6589888595099503,-0.5862264156453797
50th percentile,188,-0.6486362712299485,-0.6589888595099503,-0.5862264156453797
50th percentile,189,-0.6486362712299485,-0.6589888595099503,-0.5862264156453797
50th percentile,190,-0.6486362712299485,-0.6589888595099503,-0.5862264156453797
50th percentile,191,-0.6486362712299485,-0.6589888595099503,-0.5862264156453797
50th percentile,192,-0.6486362712299485,-0.6589888595099503,-0.5862264156453797
50th percentile,193,-0.6486362712299485,-0.6589888595099503,-0.5862264156453797
50th percentile,194,-0.6486363340561331,-0.6589888595099503,-0.5862264156453797
50th percentile,195,-0.6486363340561331,-0.6589888595099503,-0.5862264156453797
50th percentile,196,-0.6486363340561331,-0.6589888595099503,-0.5862264156453797
50th percentile,197,-0.6486363340561331,-0.6589888595099503,-0.5862264156453797
50th percentile,198,-0.6486415683978913,-0.6589888595099503,-0.5862264156453797
50th percentile,199,-0.6486415683978913,-0.6589888595099503,-0.5862264156453797
50th percentile,200,-0.6486874142599479,-0.6589888595099503,-0.5862264156453797
50th percentile,201,-0.6486874142599479,-0.6589888595099503,-0.5862264156453797
50th percentile,202,-0.6486874142599479,-0.6589888595099503,-0.5862264156453797
50th percentile,203,-0.6486874142599479,-0.6589888595099503,-0.5862264156453797
50th percentile,204,-0.6486874142599479,-0.6589888595099503,-0.5862264156453797
50th percentile,205,-0.6486874514359917,-0.6589888595099503,-0.5862264992914783
50th percentile,206,-0.6487385083788378,-0.6589888595099503,-0.5862686424938436
50th percentile,207,-0.6487385083788378,-0.6589888595099503,-0.5862686424938436
50th percentile,208,-0.6487385083788378,-0.6589888595099503,-0.5862686424938436
50th percentile,209,-0.6487385083802704,-0.6589888595099503,-0.5862686424970667
50th percentile,210,-0.6489019595890794,-0.6589888595099503,-0.5863413774128822
50th percentile,211,-0.6489019595890794,-0.6589888595099503,-0.5863413774128822
50th percentile,212,-0.6489019595890794,-0.6589888595099503,-0.5863413774128822
50th percentile,213,-0.6489019595890794,-0.6589888595099503,-0.5863413774128822
50th percentile,214,-0.6489019595890794,-0.6589888595099503,-0.5863413774128822
50th percentile,215,-0.6490456541908486,-0.6589888595099503,-0.5863693889914178
50th percentile,216,-0.6490456541908486,-0.6589888595099503,-0.5863693889914178
50th percentile,217,-0.6490456541908486,-0.6589888595099503,-0.5863693889914178
50th percentile,218,-0.6490456541908486,-0.6589888595099503,-0.5863693889914178
50th percentile,219,-0.6490456541908486,-0.6589888595099503,-0.5863693889914178
50th percentile,220,-0.6490456541908486,-0.6589888595099503,-0.5863693889914178
50th percentile,221,-0.6490456541908486,-0.6589888595099503,-0.5863693889914178
50th percentile,222,-0.6491856205210943,-0.6589888595099503,-0.5874541280508213
50th percentile,223,-0.6491869936086052,-0.6589888595099503,-0.5874541280508213
50th percentile,224,-0.6491869936086052,-0.6589888595099503,-0.5874541280508213
50th percentile,225,-0.6492965968553858,-0.6589888595099503,-0.5883035532133701
50th percentile,226,-0.6492975543069486,-0.6589888595099503,-0.5883035532133701
50th percentile,227,-0.6493250792192818,-0.659024267039124,-0.5883035532133701
50th percentile,228,-0.6493250792192818,-0.659024267039124,-0.5883035532133701
50th percentile,229,-0.6493250792192818,-0.659024267039124,-0.5883035532133701
50th percentile,230,-0.6493358867153447,-0.659024267039124,-0.5883092481447287
50th percentile,231,-0.6493358867153447,-0.659024267039124,-0.5883092481447287
50th percentile,232,-0.6493358867153447,-0.659024267039124,-0.5883092481447287
50th percentile,233,-0.6493358867153447,-0.659024267039124,-0.5883092481447287
50th percentile,234,-0.6493358867153447,-0.659024267039124,-0.5883092481447287
50th percentile,235,-0.6493358867153447,-0.659024267039124,-0.5883092481447287
50th percentile,236,-0.6493360673190886,-0.659024267039124,-0.5883096545031524
50th percentile,237,-0.6493360673190886,-0.659024267039124,-0.5883096545031524
50th percentile,238,-0.6493360673190886,-0.659024267039124,-0.5883096545031524
50th percentile,239,-0.6493360673190886,-0.659024267039124,-0.5883096545031524
50th percentile,240,-0.6493360673190886,-0.659024267039124,-0.5883096545031524
50th percentile,241,-0.6493360673190886,-0.659024267039124,-0.5883096545031524
50th percentile,242,-0.6493360673190886,-0.659024267039124,-0.5883096545031524
50th percentile,243,-0.6493360673190886,-0.659024267039124,-0.5883096545031524
50th percentile,244,-0.6493360673190886,-0.659024267039124,-0.5883096545031524
50th percentile,245,-0.6493360673190886,-0.659024267039124,-0.5883096545031524
50th percentile,246,-0.6493360673190886,-0.659024267039124,-0.5883096545031524
50th percentile,247,-0.6493360882505052,-0.659024267039124,-0.5883096545031524
50th percentile,248,-0.6493360882505052,-0.659024267039124,-0.5883096545031524
50th percentile,249,-0.6493619804819636,-0.659024267039124,-0.5883096545031524
50th percentile,250,-0.6493619804819636,-0.659024267039124,-0.5883096545031524
50th percentile,251,-0.6493622129927965,-0.6590247901884981,-0.5883096545031524
50th percentile,252,-0.6493622129927965,-0.6590247901884981,-0.5883096545031524
50th percentile,253,-0.6493622129927965,-0.6590247901884981,-0.5883096545031524
50th percentile,254,-0.6493622129927965,-0.6590247901884981,-0.5883096545031524
50th percentile,255,-0.6493622129927965,-0.6590247901884981,-0.5883096545031524
50th percentile,256,-0.6493622129927965,-0.6590247901884981,-0.5883096545031524
50th percentile,257,-0.6493622129927965,-0.6590247901884981,-0.5883096545031524
50th percentile,258,-0.6493622129927965,-0.6590247901884981,-0.5883096545031524
50th percentile,259,-0.6493624032350446,-0.6590247901884981,-0.5883096545031524
50th percentile,260,-0.6493624032350446,-0.6590247901884981,-0.5883096545031524
50th percentile,261,-0.6493753539143856,-0.6590247901884981,-0.5883096545031524
50th percentile,262,-0.6493753539143856,-0.6590247901884981,-0.5883096545031524
50th percentile,263,-0.6493753539143856,-0.6590247901884981,-0.5883096545031524
50th percentile,264,-0.6493753539143856,-0.6590247901884981,-0.5883096545031524
50th percentile,265,-0.6493753539143856,-0.6590247901884981,-0.5883096545031524
50th percentile,266,-0.6493753539143856,-0.6590247901884981,-0.5883096545031524
50th percentile,267,-0.6493753539143856,-0.6590247901884981,-0.5883096545031524
50th percentile,268,-0.6493753539143856,-0.6590247901884981,-0.5883096545031524
50th percentile,269,-0.6493953279606179,-0.6590314199459765,-0.5883096545031524
50th percentile,270,-0.6493953279606179,-0.6590314199459765,-0.5883096545031524
50th percentile,271,-0.6493953279606179,-0.6590314199459765,-0.5883096545031524
50th percentile,272,-0.6493953279606179,-0.6590314199459765,-0.5883096545031524
50th percentile,273,-0.6494080848123418,-0.6590467014548463,-0.5883096545031524
50th percentile,274,-0.6494083780092442,-0.6590467014548463,-0.5883096545031524
50th percentile,275,-0.6494083780092442,-0.6590467014548463,-0.5883096545031524
50th percentile,276,-0.6494083780092442,-0.6590467014548463,-0.5883096545031524
50th percentile,277,-0.6494083780092442,-0.6590467014548463,-0.5883096545031524
50th percentile,278,-0.649408733292911,-0.6590467014548463,-0.5883096545031524
50th percentile,279,-0.649408733292911,-0.6590467014548463,-0.5883096545031524
50th percentile,280,-0.649408733292911,-0.6590467014548463,-0.5883096545031524
50th percentile,281,-0.649408733292911,-0.6590467014548463,-0.5883096545031524
50th percentile,282,-0.649408733292911,-0.6590467014548463,-0.5883096545031524
50th percentile,283,-0.649408733292911,-0.6590467014548463,-0.5883096545031524
50th percentile,284,-0.649408733292911,-0.6590467014548463,-0.5883096545031524
50th percentile,285,-0.6494393215099951,-0.6590467014548463,-0.5883096545031524
50th percentile,286,-0.6494393215099951,-0.6590467014548463,-0.5883096545031524
50th percentile,287,-0.6494393215099951,-0.6590467014548463,-0.5883096545031524
50th percentile,288,-0.6494694731658245,-0.6590467014548463,-0.5883096545031524
50th percentile,289,-0.6494700338191622,-0.6590467014548463,-0.5883096545031524
50th percentile,290,-0.6494700338191622,-0.6590467014548463,-0.5883096545031524
50th percentile,291,-0.6494700338191622,-0.6590467014548463,-0.5883096545031524
50th percentile,292,-0.6494700338191622,-0.6590467014548463,-0.5883096545031524
50th percentile,293,-0.6494700338191622,-0.6590467014548463,-0.5883096545031524
50th percentile,294,-0.6494700338191622,-0.6590467014548463,-0.5883096545031524
50th percentile,295,-0.6494700338191622,-0.6590467014548463,-0.5883096545031524
50th percentile,296,-0.6494700338191622,-0.6590467014548463,-0.5883096545031524
50th percentile,297,-0.6494700338191622,-0.6590467014548463,-0.5883096545031524
50th percentile,298,-0.6494700338191622,-0.6590467014548463,-0.5883096545031524
50th percentile,299,-0.6494700338191622,-0.6590467014548463,-0.5883096545031524
50th percentile,300,-0.6494700338191622,-0.6590467014548463,-0.5883096545031524
50th percentile,301,-0.6494707436800304,-0.6590467014548463,-0.5883096545031524
50th percentile,302,-0.6494707436800304,-0.6590467014548463,-0.5883096545031524
50th percentile,303,-0.6494707436800304,-0.6590467014548463,-0.5883096545031524
50th percentile,304,-0.6494707436800304,-0.6590467014548463,-0.5883096545031524
50th percentile,305,-0.6494707436800304,-0.6590467014548463,-0.5883096545031524
50th percentile,306,-0.6494707436800304,-0.6590467014548463,-0.5883096545031524
50th percentile,307,-0.6494707436800304,-0.6590467014548463,-0.5883096545031524
50th percentile,308,-0.6494707436800304,-0.6590467014548463,-0.5883096545031524
50th percentile,309,-0.6494794608256955,-0.6590467014548463,-0.5883278700795114
50th percentile,310,-0.6494794608256955,-0.6590467014548463,-0.5883278700795114
50th percentile,311,-0.6494794608256955,-0.6590467014548463,-0.5883278700795114
50th percentile,312,-0.6494794608256955,-0.6590467014548463,-0.5883278700795114
50th percentile,313,-0.6494794608256955,-0.6590467014548463,-0.5883278700795114
50th percentile,314,-0.6494794608256955,-0.6590467014548463,-0.5883278700795114
50th percentile,315,-0.6494796566830239,-0.6590467014548463,-0.5883278700795114
50th percentile,316,-0.6494796566830239,-0.6590467014548463,-0.5883278700795114
50th percentile,317,-0.6494796566830239,-0.6590467014548463,-0.5883278700795114
50th percentile,318,-0.6494796566830239,-0.6590467014548463,-0.5883278700795114
50th percentile,319,-0.6494796566830239,-0.6590467014548463,-0.5883278700795114
50th percentile,320,-0.6494796566830239,-0.6590467014548463,-0.5883278700795114
50th percentile,321,-0.6494798117254251,-0.6590467014548463,-0.5883278700795114
50th percentile,322,-0.6494798117254251,-0.6590467014548463,-0.5883278700795114
50th percentile,323,-0.6494798117254251,-0.6590467014548463,-0.5883278700795114
50th percentile,324,-0.6494798117254251,-0.6590467014548463,-0.5883278700795114
50th percentile,325,-0.6494802486562354,-0.6590467243177175,-0.5883278700795114
50th percentile,326,-0.6494802486562354,-0.6590467243177175,-0.5883278700795114
50th percentile,327,-0.6494802486562354,-0.6590467243177175,-0.5883278700795114
50th percentile,328,-0.6494802730106425,-0.6590467791151333,-0.5883278700795114
50th percentile,329,-0.6494921441330141,-0.6590467791151333,-0.5883278700795114
50th percentile,330,-0.6494921441330141,-0.6590467791151333,-0.5883278700795114
50th percentile,331,-0.6494921441330141,-0.6590467791151333,-0.5883278700795114
50th percentile,332,-0.6494921441330141,-0.6590467791151333,-0.5883278700795114
50th percentile,333,-0.6494921441330141,-0.6590467791151333,-0.5883278700795114
50th percentile,334,-0.6494921441330141,-0.6590467791151333,-0.5883278700795114
50th percentile,335,-0.6494921441330141,-0.6590467791151333,-0.5883278700795114
50th percentile,336,-0.6494921441330141,-0.6590467791151333,-0.5883278700795114
50th percentile,337,-0.6494921441330141,-0.6590467791151333,-0.5883278700795114
50th percentile,338,-0.6494921441330141,-0.6590467791151333,-0.5883278700795114
50th percentile,339,-0.6494921441330141,-0.6590467791151333,-0.5883278700795114
50th percentile,340,-0.6494921441330141,-0.6590467791151333,-0.5883278700795114
50th percentile,341,-0.6494921441330141,-0.6590467791151333,-0.5883278700795114
50th percentile,342,-0.6494921441330141,-0.6590467791151333,-0.5883278700795114
50th percentile,343,-0.6494921441330141,-0.6590467791151333,-0.5883278700795114
50th percentile,344,-0.6494921441330141,-0.6590467791151333,-0.5883278700795114
50th percentile,345,-0.6495050853632889,-0.6590629342892987,-0.5883278700795114
50th percentile,346,-0.6495050853632889,-0.6590629342892987,-0.5883278700795114
50th percentile,347,-0.6495050853632889,-0.6590629342892987,-0.5883278700795114
50th percentile,348,-0.6495050853632889,-0.6590629342892987,-0.5883278700795114
50th percentile,349,-0.6495050853632889,-0.6590629342892987,-0.5883278700795114
50th percentile,350,-0.6495050853632889,-0.6590629342892987,-0.5883278700795114
50th percentile,351,-0.6495050853632889,-0.6590629342892987,-0.5883278700795114
50th percentile,352,-0.6495050853632889,-0.6590629342892987,-0.5883278700795114
50th percentile,353,-0.6495050853632889,-0.6590629342892987,-0.5883278700795114
50th percentile,354,-0.6495050853632889,-0.6590629342892987,-0.5883278700795114
50th percentile,355,-0.6495223146490404,-0.6590629342892987,-0.5883278700795114
50th percentile,356,-0.6495223146490404,-0.6590629342892987,-0.5883278700795114
50th percentile,357,-0.6495223146490404,-0.6590629342892987,-0.5883278700795114
50th percentile,358,-0.64952261670312,-0.6590629342892987,-0.5883278700795114
50th percentile,359,-0.6495677760629034,-0.6590629342892987,-0.5883292680808988
50th percentile,360,-0.6495677760629034,-0.6590629342892987,-0.5883292680808988
50th percentile,361,-0.6495677760629034,-0.6590629342892987,-0.5883292680808988
50th percentile,362,-0.6495677760629034,-0.6590629342892987,-0.5883292680808988
50th percentile,363,-0.6495677760629034,-0.6590629342892987,-0.5883292680808988
50th percentile,364,-0.6495677760629034,-0.6590629342892987,-0.5883292680808988
50th percentile,365,-0.6495677760629034,-0.6590629342892987,-0.5883292680808988
50th percentile,366,-0.6495677760629034,-0.6590629342892987,-0.5883292680808988
50th percentile,367,-0.6495677760629034,-0.6590629342892987,-0.5883292680808988
50th percentile,368,-0.6495677951331614,-0.6590629342892987,-0.5883292680808988
50th percentile,369,-0.6495677951331614,-0.6590629342892987,-0.5883292680808988
50th percentile,370,-0.6495677951331614,-0.6590629342892987,-0.5883292680808988
50th percentile,371,-0.6495677951331614,-0.6590629342892987,-0.5883292680808988
50th percentile,372,-0.6495677951331614,-0.6590629342892987,-0.5883292680808988
50th percentile,373,-0.6495677951331614,-0.6590629342892987,-0.5883292680808988
50th percentile,374,-0.6495677951331614,-0.6590629342892987,-0.5883292680808988
50th percentile,375,-0.6495677951331614,-0.6590629342892987,-0.5883292680808988
50th percentile,376,-0.6495677951331614,-0.6590629342892987,-0.5883292680808988
50th percentile,377,-0.6495677951331614,-0.6590629342892987,-0.5883292680808988
50th percentile,378,-0.6495677951331614,-0.6590629342892987,-0.5883292680808988
50th percentile,379,-0.6495677951331614,-0.6590629342892987,-0.5883292680808988
50th percentile,380,-0.6495677951331614,-0.6590629342892987,-0.5883292680808988
50th percentile,381,-0.6495677983939557,-0.6590629342892987,-0.5883292680808988
50th percentile,382,-0.6495677983939557,-0.6590629342892987,-0.5883292680808988
50th percentile,383,-0.6495677983939557,-0.6590629342892987,-0.5883292680808988
50th percentile,384,-0.6495677983939557,-0.6590629342892987,-0.5883292680808988
50th percentile,385,-0.6495677983939557,-0.6590629342892987,-0.5883292680808988
50th percentile,386,-0.6495677983939557,-0.6590629342892987,-0.5883292680808988
50th percentile,387,-0.6495677994443946,-0.6590629342892987,-0.5883292680808988
50th percentile,388,-0.6495677994443946,-0.6590629342892987,-0.5883292680808988
50th percentile,389,-0.6495677994443946,-0.6590629342892987,-0.5883292680808988
50th percentile,390,-0.6495677994443946,-0.6590629342892987,-0.5883292680808988
50th percentile,391,-0.6495688690650734,-0.6590712238495592,-0.5883292680808988
50th percentile,392,-0.6495688690650734,-0.6590712238495592,-0.5883292680808988
50th percentile,393,-0.6495732842617088,-0.6590712238495592,-0.5883292680808988
50th percentile,394,-0.6495732842617088,-0.6590712238495592,-0.5883292680808988
50th percentile,395,-0.6495732842617088,-0.6590712238495592,-0.5883292680808988
50th percentile,396,-0.6495732842617088,-0.6590712238495592,-0.5883292680808988
50th percentile,397,-0.6495732842617088,-0.6590712238495592,-0.5883292680808988
50th percentile,398,-0.6495996443487099,-0.6590712238495592,-0.5883292680808988
50th percentile,399,-0.6495996443487099,-0.6590712238495592,-0.5883292680808988
50th percentile,400,-0.6495996443487099,-0.6590712238495592,-0.5883292680808988
50th percentile,401,-0.6495996443487099,-0.6590712238495592,-0.5883292680808988
50th percentile,402,-0.6496003432797458,-0.6590712238495592,-0.5883292680808988
50th percentile,403,-0.6496003432797458,-0.6590712238495592,-0.5883292680808988
50th percentile,404,-0.6496003432797458,-0.6590712238495592,-0.5883292680808988
50th percentile,405,-0.6496003432797458,-0.6590712238495592,-0.5883292680808988
50th percentile,406,-0.6496003432797458,-0.6590712238495592,-0.5883292680808988
50th percentile,407,-0.6496003432797458,-0.6590712238495592,-0.5883292680808988
50th percentile,408,-0.6496003432797458,-0.6590712238495592,-0.5883292680808988
50th percentile,409,-0.6496003432797458,-0.6590712238495592,-0.5883292680808988
50th percentile,410,-0.6496046174381105,-0.6590745420638567,-0.5883292680808988
50th percentile,411,-0.6496046174381105,-0.6590745420638567,-0.5883292680808988
50th percentile,412,-0.6496046174381105,-0.6590745420638567,-0.5883292680808988
50th percentile,413,-0.6496046174381105,-0.6590745420638567,-0.5883292680808988
50th percentile,414,-0.6496046174381105,-0.6590745420638567,-0.5883292680808988
50th percentile,415,-0.6496278120434896,-0.6590745420638567,-0.5883292680808988
50th percentile,416,-0.6496299297523714,-0.6590745420638567,-0.5883292680808988
50th percentile,417,-0.6496299297523714,-0.6590745420638567,-0.5883292680808988
50th percentile,418,-0.6496299297523714,-0.6590745420638567,-0.5883292680808988
50th percentile,419,-0.6496299297523714,-0.6590745420638567,-0.5883292680808988
50th percentile,420,-0.6496327195946957,-0.659077500994789,-0.5883292680808988
50th percentile,421,-0.6496327195946957,-0.659077500994789,-0.5883292680808988
50th percentile,422,-0.6496327195946957,-0.659077500994789,-0.5883292680808988
50th percentile,423,-0.6496327195946957,-0.659077500994789,-0.5883292680808988
50th percentile,424,-0.6496327195946957,-0.659077500994789,-0.5883292680808988
50th percentile,425,-0.6496327195946957,-0.659077500994789,-0.5883292680808988
50th percentile,426,-0.6496357734945633,-0.659077500994789,-0.5883361393556006
50th percentile,427,-0.6496357734945633,-0.659077500994789,-0.5883361393556006
50th percentile,428,-0.6496357734945633,-0.659077500994789,-0.5883361393556006
50th percentile,429,-0.6496357734945633,-0.659077500994789,-0.5883361393556006
50th percentile,430,-0.6496359503521667,-0.659077500994789,-0.5883361393556006
50th percentile,431,-0.6496359503521667,-0.659077500994789,-0.5883361393556006
50th percentile,432,-0.6496359503521667,-0.659077500994789,-0.5883361393556006
50th percentile,433,-0.6496359503521667,-0.659077500994789,-0.5883361393556006
50th percentile,434,-0.6496359503521667,-0.659077500994789,-0.5883361393556006
50th percentile,435,-0.6500988645527496,-0.659077500994789,-0.5919237244101172
50th percentile,436,-0.6500988645527496,-0.659077500994789,-0.5919237244101172
50th percentile,437,-0.6500988645527496,-0.659077500994789,-0.5919237244101172
50th percentile,438,-0.6500988645527496,-0.659077500994789,-0.5919237244101172
50th percentile,439,-0.6501080331124195,-0.659077500994789,-0.5919237244101172
50th percentile,440,-0.6501080331124195,-0.659077500994789,-0.5919237244101172
50th percentile,441,-0.6501080331124195,-0.659077500994789,-0.5919237244101172
50th percentile,442,-0.6501080331124195,-0.659077500994789,-0.5919237244101172
50th percentile,443,-0.6501080331124195,-0.659077500994789,-0.5919237244101172
50th percentile,444,-0.6501080331124195,-0.659077500994789,-0.5919237244101172
50th percentile,445,-0.6501080331124195,-0.659077500994789,-0.5919237244101172
50th percentile,446,-0.6501080331124195,-0.659077500994789,-0.5919237244101172
50th percentile,447,-0.6501080331124195,-0.659077500994789,-0.5919237244101172
50th percentile,448,-0.6501080331124195,-0.659077500994789,-0.5919237244101172
50th percentile,449,-0.6501080331124195,-0.659077500994789,-0.5919237244101172
50th percentile,450,-0.6501080331124195,-0.659077500994789,-0.5919237244101172
50th percentile,451,-0.650111083635301,-0.6590905846521564,-0.5919237244101172
50th percentile,452,-0.650111083635301,-0.6590905846521564,-0.5919237244101172
50th percentile,453,-0.6501111972357437,-0.6590908402531526,-0.5919237244101172
50th percentile,454,-0.6501112290962883,-0.6590908402531526,-0.5919237244101172
50th percentile,455,-0.6501112290962883,-0.6590908402531526,-0.5919237244101172
50th percentile,456,-0.6501112290962883,-0.6590908402531526,-0.5919237244101172
50th percentile,457,-0.6501112290962883,-0.6590908402531526,-0.5919237244101172
50th percentile,458,-0.6501131527971703,-0.6591057489349882,-0.5919237244101172
50th percentile,459,-0.6501131527971703,-0.6591057489349882,-0.5919237244101172
50th percentile,460,-0.6501131527971703,-0.6591057489349882,-0.5919237244101172
50th percentile,461,-0.650113299597938,-0.6591060792367152,-0.5919237244101172
50th percentile,462,-0.6501147022149523,-0.6591060792367152,-0.5919237244101172
50th percentile,463,-0.6501147022149523,-0.6591060792367152,-0.5919237244101172
50th percentile,464,-0.6501147022149523,-0.6591060792367152,-0.5919237244101172
50th percentile,465,-0.6501147022149523,-0.6591060792367152,-0.5919237244101172
50th percentile,466,-0.6501147022149523,-0.6591060792367152,-0.5919237244101172
50th percentile,467,-0.6501147022149523,-0.6591060792367152,-0.5919237244101172
50th percentile,468,-0.6501147022149523,-0.6591060792367152,-0.5919237244101172
50th percentile,469,-0.6501147022149523,-0.6591060792367152,-0.5919237244101172
50th percentile,470,-0.6501147022149523,-0.6591060792367152,-0.5919237244101172
50th percentile,471,-0.6501147022149523,-0.6591060792367152,-0.5919237244101172
50th percentile,472,-0.6501147022149523,-0.6591060792367152,-0.5919237244101172
50th percentile,473,-0.6501147022149523,-0.6591060792367152,-0.5919237244101172
50th percentile,474,-0.6501250891887829,-0.6591060792367152,-0.5919470951012361
50th percentile,475,-0.6501250891887829,-0.6591060792367152,-0.5919470951012361
50th percentile,476,-0.6501250891887829,-0.6591060792367152,-0.5919470951012361
50th percentile,477,-0.6501250891887829,-0.6591060792367152,-0.5919470951012361
50th percentile,478,-0.6501250891887829,-0.6591060792367152,-0.5919470951012361
50th percentile,479,-0.6501250891887829,-0.6591060792367152,-0.5919470951012361
50th percentile,480,-0.6501250891887829,-0.6591060792367152,-0.5919470951012361
50th percentile,481,-0.6501250891887829,-0.6591060792367152,-0.5919470951012361
50th percentile,482,-0.6501250891887829,-0.6591060792367152,-0.5919470951012361
50th percentile,483,-0.6501250891887829,-0.6591060792367152,-0.5919470951012361
50th percentile,484,-0.6501250891887829,-0.6591060792367152,-0.5919470951012361
50th percentile,485,-0.6501250891887829,-0.6591060792367152,-0.5919470951012361
50th percentile,486,-0.6501250891887829,-0.6591060792367152,-0.5919470951012361
50th percentile,487,-0.6501250891887829,-0.6591060792367152,-0.5919470951012361
50th percentile,488,-0.6501250891887829,-0.6591060792367152,-0.5919470951012361
50th percentile,489,-0.6501250891887829,-0.6591060792367152,-0.5919470951012361
50th percentile,490,-0.6501250891887829,-0.6591060792367152,-0.5919470951012361
50th percentile,491,-0.6501250891887829,-0.6591060792367152,-0.5919470951012361
50th percentile,492,-0.6501250891887829,-0.6591060792367152,-0.5919470951012361
50th percentile,493,-0.6501380046913079,-0.6591060792367152,-0.5919470951012361
50th percentile,494,-0.6501380046913079,-0.6591060792367152,-0.5919470951012361
50th percentile,495,-0.6501380046913079,-0.6591060792367152,-0.5919470951012361
50th percentile,496,-0.6501380046913079,-0.6591060792367152,-0.5919470951012361
50th percentile,497,-0.6501380046913079,-0.6591060792367152,-0.5919470951012361
50th percentile,498,-0.6501383511911147,-0.6591061232223855,-0.5919470951012361
50th percentile,499,-0.6501383546500129,-0.6591061232223855,-0.5919470951012361
50th percentile,500,-0.650138355283994,-0.6591061232223855,-0.5919470951012361
60th percentile,1,-0.3512157218460198,-0.41319900224343914,-0.2586729775799188
60th percentile,2,-0.3740928180514268,-0.44747069290413805,-0.2925070636126251
60th percentile,3,-0.4169330001757225,-0.49613998220624306,-0.3270212131483805
60th percentile,4,-0.43172310078554715,-0.49613998220624306,-0.33974258978231775
60th percentile,5,-0.43907102448045665,-0.49613998220624306,-0.3464936029193969
60th percentile,6,-0.46527318538163226,-0.5615571743667271,-0.3498310131864506
60th percentile,7,-0.48210736641902746,-0.5833193144342518,-0.4287056869876555
60th percentile,8,-0.49269727172395744,-0.5833193144342518,-0.4287056869876555
60th percentile,9,-0.49811591873763617,-0.5833193144342518,-0.44209991977352187
60th percentile,10,-0.516915614560283,-0.5913289090753813,-0.44624704449887337
60th percentile,11,-0.5277632259787195,-0.6144627273071244,-0.44624704449887337
60th percentile,12,-0.547882750814275,-0.6339737013013306,-0.4712219690337738
60th percentile,13,-0.5551355743231818,-0.6339737013013306,-0.4847719172178227
60th percentile,14,-0.5606724751253381,-0.6339737013013306,-0.48539694104802034
60th percentile,15,-0.5742676322680547,-0.6453324743061484,-0.4862309471540426
60th percentile,16,-0.5771009240967716,-0.6505242331246076,-0.49477989552998236
60th percentile,17,-0.5809361524329599,-0.6509390831705544,-0.49477989552998236
60th percentile,18,-0.5844924368445004,-0.6529754847456118,-0.49477989552998236
60th percentile,19,-0.593182661363256,-0.6543771564716067,-0.5068549709884773
60th percentile,20,-0.6052240705464558,-0.6543771564716067,-0.5086035618205283
60th percentile,21,-0.6106001663432596,-0.6543771564716067,-0.5092474905659076
60th percentile,22,-0.62495080288745,-0.6546502072123922,-0.5238790066282978
60th percentile,23,-0.6259335497115117,-0.6553113157298218,-0.5254523428395482
60th percentile,24,-0.6294210985568658,-0.6553113157298218,-0.5328398198327096
60th percentile,25,-0.6294251324272078,-0.655320391938091,-0.5328398198327096
60th percentile,26,-0.6351261181205191,-0.656977338582234,-0.5399693436473472
60th percentile,27,-0.6360122276262756,-0.656977338582234,-0.5399693436473472
60th percentile,28,-0.6374158917628138,-0.656977338582234,-0.5416207211414488
60th percentile,29,-0.6375760751184452,-0.656977338582234,-0.5421264443015269
60th percentile,30,-0.6456858635574426,-0.656977338582234,-0.6028762540743986
60th percentile,31,-0.645819597650586,-0.656977338582234,-0.6030035687315091
60th percentile,32,-0.645819597650586,-0.656977338582234,-0.6030035687315091
60th percentile,33,-0.6477701894451279,-0.6572613582946576,-0.6166290368219673
60th percentile,34,-0.6489478233429005,-0.6572613582946576,-0.617671870577348
60th percentile,35,-0.6498888046850511,-0.6572613582946576,-0.6180128712703226
60th percentile,36,-0.6500202483949199,-0.6572613582946576,-0.6180128712703226
60th percentile,37,-0.6500202483949199,-0.6572613582946576,-0.6180128712703226
60th percentile,38,-0.6502055755491044,-0.6577718010298607,-0.6180128712703226
60th percentile,39,-0.6502055755491044,-0.6577718010298607,-0.6180128712703226
60th percentile,40,-0.6502145407193188,-0.6577718010298607,-0.6180128712703226
60th percentile,41,-0.6505164994971369,-0.6584772599603251,-0.6180128712703226
60th percentile,42,-0.6505975557867604,-0.6584772599603251,-0.6180128712703226
60th percentile,43,-0.6505975557867604,-0.6584772599603251,-0.6180128712703226
60th percentile,44,-0.650801388910699,-0.6584772599603251,-0.6195925779808463
60th percentile,45,-0.650801388910699,-0.6584772599603251,-0.6195925779808463
60th percentile,46,-0.650801388910699,-0.6584772599603251,-0.6195925779808463
60th percentile,47,-0.6508036165394222,-0.658494524082929,-0.6195925779808463
60th percentile,48,-0.6508538164469556,-0.6585007072725858,-0.6195925779808463
60th percentile,49,-0.6512226866450623,-0.6586878347895403,-0.6195925779808463
60th percentile,50,-0.6512988718601456,-0.6586878347895403,-0.6195925779808463
60th percentile,51,-0.6512988718601456,-0.6586878347895403,-0.6195925779808463
60th percentile,52,-0.6512988718601456,-0.6586878347895403,-0.6195925779808463
60th percentile,53,-0.6513498765678734,-0.6586878347895403,-0.6195925779808463
60th percentile,54,-0.6514566851613163,-0.6586878347895403,-0.6195925779808463
60th percentile,55,-0.6514566851613163,-0.6586878347895403,-0.6195925779808463
60th percentile,56,-0.6514566851613163,-0.6586878347895403,-0.6195925779808463
60th percentile,57,-0.6514566851613163,-0.6586878347895403,-0.6195925779808463
60th percentile,58,-0.6514566851613163,-0.6586878347895403,-0.6195925779808463
60th percentile,59,-0.6514566851613163,-0.6586878347895403,-0.6195925779808463
60th percentile,60,-0.6524063217152235,-0.6586878347895403,-0.6207931430051083
60th percentile,61,-0.6524063217152235,-0.6586878347895403,-0.6207931430051083
60th percentile,62,-0.652522364152953,-0.6586878347895403,-0.6210168317864142
60th percentile,63,-0.652522364152953,-0.6586878347895403,-0.6210168317864142
60th percentile,64,-0.652522854912242,-0.6586889389979409,-0.6210168317864142
60th percentile,65,-0.652522854912242,-0.6586889389979409,-0.6210168317864142
60th percentile,66,-0.652522854912242,-0.6586889389979409,-0.6210168317864142
60th percentile,67,-0.652622853297118,-0.6586889389979409,-0.6210542384899997
60th percentile,68,-0.652622853297118,-0.6586889389979409,-0.6210542384899997
60th percentile,69,-0.6536148650666143,-0.6589721355243602,-0.6284581272268002
60th percentile,70,-0.6536163436742783,-0.6589721355243602,-0.6284581272268002
60th percentile,71,-0.6536163436742783,-0.6589721355243602,-0.6284581272268002
60th percentile,72,-0.6536259115025116,-0.6589721355243602,-0.6284581272268002
60th percentile,73,-0.6536259115025116,-0.6589721355243602,-0.6284581272268002
60th percentile,74,-0.6536259115025116,-0.6589721355243602,-0.6284581272268002
60th percentile,75,-0.6536259115025116,-0.6589721355243602,-0.6284581272268002
60th percentile,76,-0.6536261465676951,-0.6589721355243602,-0.6284581272268002
60th percentile,77,-0.6536261465676951,-0.6589721355243602,-0.6284581272268002
60th percentile,78,-0.6536261465676951,-0.6589721355243602,-0.6284581272268002
60th percentile,79,-0.6536261465676951,-0.6589721355243602,-0.6284581272268002
60th percentile,80,-0.6536355387502829,-0.6589721355243602,-0.6284790767468555
60th percentile,81,-0.6537149278676411,-0.6589721355243602,-0.6286270964901923
60th percentile,82,-0.6537149278676411,-0.6589721355243602,-0.6286270964901923
60th percentile,83,-0.6537270484762135,-0.6589721355243602,-0.6286270964901923
60th percentile,84,-0.6537513057933066,-0.6589721355243602,-0.6286270964901923
60th percentile,85,-0.6538352712216711,-0.6589721355243602,-0.6286270964901923
60th percentile,86,-0.6538352712216711,-0.6589721355243602,-0.6286270964901923
60th percentile,87,-0.6538352712216711,-0.6589721355243602,-0.6286270964901923
60th percentile,88,-0.6538352712216711,-0.6589721355243602,-0.6286270964901923
60th percentile,89,-0.6538352712216711,-0.6589721355243602,-0.6286270964901923
60th percentile,90,-0.6538352712216711,-0.6589721355243602,-0.6286270964901923
60th percentile,91,-0.6538416767931007,-0.6589721355243602,-0.6286401763663351
60th percentile,92,-0.6538460386621393,-0.6589721355243602,-0.6286401763663351
60th percentile,93,-0.6566559521768205,-0.6589721355243602,-0.6504170061051142
60th percentile,94,-0.6566559521768205,-0.6589721355243602,-0.6504170061051142
60th percentile,95,-0.6566696485114989,-0.6590029522773863,-0.6504170061051142
60th percentile,96,-0.6567544962440577,-0.6590029522773863,-0.6504170061051142
60th percentile,97,-0.6567550277118896,-0.6590029522773863,-0.6504170061051142
60th percentile,98,-0.6570835331090936,-0.6590029522773863,-0.6529629229334448
60th percentile,99,-0.6570835331090936,-0.6590029522773863,-0.6529629229334448
60th percentile,100,-0.6570835331090936,-0.6590029522773863,-0.6529629229334448
60th percentile,101,-0.6570866800471048,-0.6590029522773863,-0.6529629229334448
60th percentile,102,-0.6571042984774097,-0.6590029522773863,-0.6529629229334448
60th percentile,103,-0.6572116612943949,-0.6590029522773863,-0.6531027259030685
60th percentile,104,-0.6572116612943949,-0.6590029522773863,-0.6531027259030685
60th percentile,105,-0.6572131047819084,-0.6590029522773863,-0.6531027259030685
60th percentile,106,-0.6572131047819084,-0.6590029522773863,-0.6531027259030685
60th percentile,107,-0.6572131047819084,-0.6590029522773863,-0.6531027259030685
60th percentile,108,-0.6572131047819084,-0.6590029522773863,-0.6531027259030685
60th percentile,109,-0.6572327537321876,-0.6590029522773863,-0.6531027259030685
60th percentile,110,-0.6572327537321876,-0.6590029522773863,-0.6531027259030685
60th percentile,111,-0.6572327537321876,-0.6590029522773863,-0.6531027259030685
60th percentile,112,-0.6572327537321876,-0.6590029522773863,-0.6531027259030685
60th percentile,113,-0.6572327537321876,-0.6590029522773863,-0.6531027259030685
60th percentile,114,-0.6572327537321876,-0.6590029522773863,-0.6531027259030685
60th percentile,115,-0.6572327537321876,-0.6590029522773863,-0.6531027259030685
60th percentile,116,-0.6572327537321876,-0.6590029522773863,-0.6531027259030685
60th percentile,117,-0.6572327537321876,-0.6590029522773863,-0.6531027259030685
60th percentile,118,-0.6572327537321876,-0.6590029522773863,-0.6531027259030685
60th percentile,119,-0.6572327537321876,-0.6590029522773863,-0.6531027259030685
60th percentile,120,-0.6572471215987206,-0.6590029522773863,-0.6531350536027679
60th percentile,121,-0.6572471215987206,-0.6590029522773863,-0.6531350536027679
60th percentile,122,-0.6572471215987206,-0.6590029522773863,-0.6531350536027679
60th percentile,123,-0.6572471215987206,-0.6590029522773863,-0.6531350536027679
60th percentile,124,-0.6572471215987206,-0.6590029522773863,-0.6531350536027679
60th percentile,125,-0.657247713980577,-0.6590075432367744,-0.6531350536027679
60th percentile,126,-0.6572558397917415,-0.6590075432367744,-0.6531533366778878
60th percentile,127,-0.6572558397917415,-0.6590075432367744,-0.6531533366778878
60th percentile,128,-0.6572622163675378,-0.6590075432367744,-0.6531533366778878
60th percentile,129,-0.657303705273238,-0.6590075432367744,-0.6532993904964771
60th percentile,130,-0.6574529593461648,-0.6590075432367744,-0.6532993904964771
60th percentile,131,-0.6576518499633479,-0.6590075432367744,-0.654840792779647
60th percentile,132,-0.6576521159038773,-0.6590096042758768,-0.654840792779647
60th percentile,133,-0.6576612171833823,-0.6590096042758768,-0.654840792779647
60th percentile,134,-0.6576612171833823,-0.6590096042758768,-0.654840792779647
60th percentile,135,-0.6576645432587719,-0.6590096042758768,-0.654840792779647
60th percentile,136,-0.6576645432587719,-0.6590096042758768,-0.654840792779647
60th percentile,137,-0.6576645432587719,-0.6590096042758768,-0.654840792779647
60th percentile,138,-0.6576645432587719,-0.6590096042758768,-0.654840792779647
60th percentile,139,-0.6576645432587719,-0.6590096042758768,-0.654840792779647
60th percentile,140,-0.6576645432587719,-0.6590096042758768,-0.654840792779647
60th percentile,141,-0.6576645432587719,-0.6590096042758768,-0.654840792779647
60th percentile,142,-0.6576645432587719,-0.6590096042758768,-0.654840792779647
60th percentile,143,-0.6576645432587719,-0.6590096042758768,-0.654840792779647
60th percentile,144,-0.6576746471951981,-0.6590096042758768,-0.654840792779647
60th percentile,145,-0.6576746471951981,-0.6590096042758768,-0.654840792779647
60th percentile,146,-0.6576746471951981,-0.6590096042758768,-0.654840792779647
60th percentile,147,-0.6576746471951981,-0.6590096042758768,-0.654840792779647
60th percentile,148,-0.6576746471951981,-0.6590096042758768,-0.654840792779647
60th percentile,149,-0.6577875703129841,-0.6590096042758768,-0.654840792779647
60th percentile,150,-0.6578052354282014,-0.6590178208025963,-0.6548723227621663
60th percentile,151,-0.657976052530451,-0.6590540208015467,-0.6548723227621663
60th percentile,152,-0.657976052530451,-0.6590540208015467,-0.6548723227621663
60th percentile,153,-0.657976052530451,-0.6590540208015467,-0.6548723227621663
60th percentile,154,-0.657976052530451,-0.6590540208015467,-0.6548723227621663
60th percentile,155,-0.6581250991051982,-0.6590540208015467,-0.6560274337164586
60th percentile,156,-0.6581250991051982,-0.6590540208015467,-0.6560274337164586
60th percentile,157,-0.6581250991051982,-0.6590540208015467,-0.6560274337164586
60th percentile,158,-0.6581250991051982,-0.6590540208015467,-0.6560274337164586
60th percentile,159,-0.6581250991051982,-0.6590540208015467,-0.6560274337164586
60th percentile,160,-0.6581250991051982,-0.6590540208015467,-0.6560274337164586
60th percentile,161,-0.6581333580090354,-0.6590540208015467,-0.6560274337164586
60th percentile,162,-0.6581750061878967,-0.6590540208015467,-0.6563502071026336
60th percentile,163,-0.6581804947134533,-0.6590540208015467,-0.656362556285136
60th percentile,164,-0.6581804947134533,-0.6590540208015467,-0.656362556285136
60th percentile,165,-0.6581804947134533,-0.6590540208015467,-0.656362556285136
60th percentile,166,-0.6581804947134533,-0.6590540208015467,-0.656362556285136
60th percentile,167,-0.6581804947134533,-0.6590540208015467,-0.656362556285136
60th percentile,168,-0.6581804947134533,-0.6590540208015467,-0.656362556285136
60th percentile,169,-0.6581804947134533,-0.6590540208015467,-0.656362556285136
60th percentile,170,-0.6582115222817846,-0.6590540208015467,-0.656603019939703
60th percentile,171,-0.6582115222817846,-0.6590540208015467,-0.656603019939703
60th percentile,172,-0.6582115222817846,-0.6590540208015467,-0.656603019939703
60th percentile,173,-0.658214072451066,-0.6590540208015467,-0.656603019939703
60th percentile,174,-0.658220602964263,-0.6590540208015467,-0.6566177135943961
60th percentile,175,-0.658220602964263,-0.6590540208015467,-0.6566177135943961
60th percentile,176,-0.658220602964263,-0.6590540208015467,-0.6566177135943961
60th percentile,177,-0.658220602964263,-0.6590540208015467,-0.6566177135943961
60th percentile,178,-0.658220602964263,-0.6590540208015467,-0.6566177135943961
60th percentile,179,-0.658220602964263,-0.6590540208015467,-0.6566177135943961
60th percentile,180,-0.658220602964263,-0.6590540208015467,-0.6566177135943961
60th percentile,181,-0.658220602964263,-0.6590540208015467,-0.6566177135943961
60th percentile,182,-0.658220602964263,-0.6590540208015467,-0.6566177135943961
60th percentile,183,-0.658220602964263,-0.6590540208015467,-0.6566177135943961
60th percentile,184,-0.6582398157890225,-0.6590540208015467,-0.6566177135943961
60th percentile,185,-0.6582398157890225,-0.6590540208015467,-0.6566177135943961
60th percentile,186,-0.6582398157890225,-0.6590540208015467,-0.6566177135943961
60th percentile,187,-0.6582398157890225,-0.6590540208015467,-0.6566177135943961
60th percentile,188,-0.6582398157890225,-0.6590540208015467,-0.6566177135943961
60th percentile,189,-0.6582398157890225,-0.6590540208015467,-0.6566177135943961
60th percentile,190,-0.6582398157890225,-0.6590540208015467,-0.6566177135943961
60th percentile,191,-0.6582398157890225,-0.6590540208015467,-0.6566177135943961
60th percentile,192,-0.6582525999132872,-0.6590540208015467,-0.6566177135943961
60th percentile,193,-0.6582543423743239,-0.6590540208015467,-0.6566177135943961
60th percentile,194,-0.6582543423743239,-0.6590540208015467,-0.6566177135943961
60th percentile,195,-0.6582543423743239,-0.6590540208015467,-0.6566177135943961
60th percentile,196,-0.6582543423743239,-0.6590540208015467,-0.6566177135943961
60th percentile,197,-0.6582598664295993,-0.6590540208015467,-0.6566177135943961
60th percentile,198,-0.6582598664295993,-0.6590540208015467,-0.6566177135943961
60th percentile,199,-0.6582598664295993,-0.6590540208015467,-0.6566177135943961
60th percentile,200,-0.6582629648614796,-0.6590540208015467,-0.6566177135943961
60th percentile,201,-0.6582629648614796,-0.6590540208015467,-0.6566177135943961
60th percentile,202,-0.6582629648614796,-0.6590540208015467,-0.6566177135943961
60th percentile,203,-0.6582629648614796,-0.6590540208015467,-0.6566177135943961
60th percentile,204,-0.6582629648614796,-0.6590540208015467,-0.6566177135943961
60th percentile,205,-0.6583092850091188,-0.6590540208015467,-0.6569766947385991
60th percentile,206,-0.6583092850091188,-0.6590540208015467,-0.6569766947385991
60th percentile,207,-0.6583092850091188,-0.6590540208015467,-0.6569766947385991
60th percentile,208,-0.6583092850091188,-0.6590540208015467,-0.6569766947385991
60th percentile,209,-0.6583092850091188,-0.6590540208015467,-0.6569766947385991
60th percentile,210,-0.6583092850091188,-0.6590540208015467,-0.6569766947385991
60th percentile,211,-0.6583092850091188,-0.6590540208015467,-0.6569766947385991
60th percentile,212,-0.6583092850091188,-0.6590540208015467,-0.6569766947385991
60th percentile,213,-0.6583092850091188,-0.6590540208015467,-0.6569766947385991
60th percentile,214,-0.6583092850091188,-0.6590540208015467,-0.6569766947385991
60th percentile,215,-0.6583092850091188,-0.6590540208015467,-0.6569766947385991
60th percentile,216,-0.6583092850091188,-0.6590540208015467,-0.6569766947385991
60th percentile,217,-0.6583092850091188,-0.6590540208015467,-0.6569766947385991
60th percentile,218,-0.6583108909197432,-0.6590540208015467,-0.6569766947385991
60th percentile,219,-0.6584291509766614,-0.6590540208015467,-0.6570072687059674
60th percentile,220,-0.6584318074774733,-0.6590540208015467,-0.6570132458327941
60th percentile,221,-0.6584318074774733,-0.6590540208015467,-0.6570132458327941
60th percentile,222,-0.6584318074774733,-0.6590540208015467,-0.6570132458327941
60th percentile,223,-0.6584318074774733,-0.6590540208015467,-0.6570132458327941
60th percentile,224,-0.6584322883740883,-0.6590540208015467,-0.6570143278501777
60th percentile,225,-0.658437812309824,-0.6590540208015467,-0.6570143278501777
60th percentile,226,-0.658437812309824,-0.6590540208015467,-0.6570143278501777
60th percentile,227,-0.658437812309824,-0.6590540208015467,-0.6570143278501777
60th percentile,228,-0.658437812309824,-0.6590540208015467,-0.6570143278501777
60th percentile,229,-0.658437812309824,-0.6590540208015467,-0.6570143278501777
60th percentile,230,-0.658437812309824,-0.6590540208015467,-0.6570143278501777
60th percentile,231,-0.658437812309824,-0.6590540208015467,-0.6570143278501777
60th percentile,232,-0.658437812309824,-0.6590540208015467,-0.6570143278501777
60th percentile,233,-0.658437812309824,-0.6590540208015467,-0.6570143278501777
60th percentile,234,-0.658437812309824,-0.6590540208015467,-0.6570143278501777
60th percentile,235,-0.658437812309824,-0.6590540208015467,-0.6570143278501777
60th percentile,236,-0.658437812309824,-0.6590540208015467,-0.6570143278501777
60th percentile,237,-0.658437812309824,-0.6590540208015467,-0.6570143278501777
60th percentile,238,-0.658437812309824,-0.6590540208015467,-0.6570143278501777
60th percentile,239,-0.658437812309824,-0.6590540208015467,-0.6570143278501777
60th percentile,240,-0.658437812309824,-0.6590540208015467,-0.6570143278501777
60th percentile,241,-0.6584379838756608,-0.6590540208015467,-0.6570147138733102
60th percentile,242,-0.6584379838756608,-0.6590540208015467,-0.6570147138733102
60th percentile,243,-0.6584379838756608,-0.6590540208015467,-0.6570147138733102
60th percentile,244,-0.6584379838756608,-0.6590540208015467,-0.6570147138733102
60th percentile,245,-0.6584380146313352,-0.6590540208015467,-0.6570147830735777
60th percentile,246,-0.6584380146313352,-0.6590540208015467,-0.6570147830735777
60th percentile,247,-0.6584380146313352,-0.6590540208015467,-0.6570147830735777
60th percentile,248,-0.6584500335745295,-0.6590540208015467,-0.6570153829883393
60th percentile,249,-0.6584500335745295,-0.6590540208015467,-0.6570153829883393
60th percentile,250,-0.6584500335745295,-0.6590540208015467,-0.6570153829883393
60th percentile,251,-0.6584500335745295,-0.6590540208015467,-0.6570153829883393
60th percentile,252,-0.6584500335745295,-0.6590540208015467,-0.6570153829883393
60th percentile,253,-0.6584500335745295,-0.6590540208015467,-0.6570153829883393
60th percentile,254,-0.6584500335745295,-0.6590540208015467,-0.6570153829883393
60th percentile,255,-0.6584500335745295,-0.6590540208015467,-0.6570153829883393
60th percentile,256,-0.6584500335745295,-0.6590540208015467,-0.6570153829883393
60th percentile,257,-0.6584500335745295,-0.6590540208015467,-0.6570153829883393
60th percentile,258,-0.6584500335745295,-0.6590540208015467,-0.6570153829883393
60th percentile,259,-0.6584500335745295,-0.6590540208015467,-0.6570153829883393
60th percentile,260,-0.6584501038383215,-0.6590540208015467,-0.6570155410818712
60th percentile,261,-0.6584501038383215,-0.6590540208015467,-0.6570155410818712
60th percentile,262,-0.6584501038383215,-0.6590540208015467,-0.6570155410818712
60th percentile,263,-0.6584509946244494,-0.6590540208015467,-0.6570155410818712
60th percentile,264,-0.6584510208366681,-0.6590540208015467,-0.6570155638498113
60th percentile,265,-0.6584510295638645,-0.6590540208015467,-0.6570155834860034
60th percentile,266,-0.6584510295638645,-0.6590540208015467,-0.6570155834860034
60th percentile,267,-0.6584510295638645,-0.6590540208015467,-0.6570155834860034
60th percentile,268,-0.6584510295638645,-0.6590540208015467,-0.6570155834860034
60th percentile,269,-0.6584510295638645,-0.6590540208015467,-0.6570155834860034
60th percentile,270,-0.6584510295638645,-0.6590540208015467,-0.6570155834860034
60th percentile,271,-0.6584510295638645,-0.6590540208015467,-0.6570155834860034
60th percentile,272,-0.6584510295638645,-0.6590540208015467,-0.6570155834860034
60th percentile,273,-0.6584734930691198,-0.6590540208015467,-0.6570155834860034
60th percentile,274,-0.6584750205332364,-0.6590540208015467,-0.6570155834860034
60th percentile,275,-0.6584750205332364,-0.6590540208015467,-0.6570155834860034
60th percentile,276,-0.6584750205332364,-0.6590540208015467,-0.6570155834860034
60th percentile,277,-0.6584750205332364,-0.6590540208015467,-0.6570155834860034
60th percentile,278,-0.6584894959317504,-0.6590540208015467,-0.6570155834860034
60th percentile,279,-0.6584894959317504,-0.6590540208015467,-0.6570155834860034
60th percentile,280,-0.6584894959317504,-0.6590540208015467,-0.6570155834860034
60th percentile,281,-0.6585008131180866,-0.6590540208015467,-0.6570410471552597
60th percentile,282,-0.6585008131180866,-0.6590540208015467,-0.6570410471552597
60th percentile,283,-0.6585008131180866,-0.6590540208015467,-0.6570410471552597
60th percentile,284,-0.6585008131180866,-0.6590540208015467,-0.6570410471552597
60th percentile,285,-0.6585008131180866,-0.6590540208015467,-0.6570410471552597
60th percentile,286,-0.6585008131180866,-0.6590540208015467,-0.6570410471552597
60th percentile,287,-0.6585008131180866,-0.6590540208015467,-0.6570410471552597
60th percentile,288,-0.6585008131180866,-0.6590540208015467,-0.6570410471552597
60th percentile,289,-0.6585143300493288,-0.6591379648092273,-0.6570410471552597
60th percentile,290,-0.6585143688153207,-0.6591379648092273,-0.6570410471552597
60th percentile,291,-0.6585143688153207,-0.6591379648092273,-0.6570410471552597
60th percentile,292,-0.6585143688153207,-0.6591379648092273,-0.6570410471552597
60th percentile,293,-0.6585143688153207,-0.6591379648092273,-0.6570410471552597
60th percentile,294,-0.6585143688153207,-0.6591379648092273,-0.6570410471552597
60th percentile,295,-0.6585143688153207,-0.6591379648092273,-0.6570410471552597
60th percentile,296,-0.6585143688153207,-0.6591379648092273,-0.6570410471552597
60th percentile,297,-0.6585143688153207,-0.6591379648092273,-0.6570410471552597
60th percentile,298,-0.6585143688153207,-0.6591379648092273,-0.6570410471552597
60th percentile,299,-0.6585143688153207,-0.6591379648092273,-0.6570410471552597
60th percentile,300,-0.6585143688153207,-0.6591379648092273,-0.6570410471552597
60th percentile,301,-0.6585143688153207,-0.6591379648092273,-0.6570410471552597
60th percentile,302,-0.6585143688153207,-0.6591379648092273,-0.6570410471552597
60th percentile,303,-0.6585143688153207,-0.6591379648092273,-0.6570410471552597
60th percentile,304,-0.6585165219618861,-0.6591379648092273,-0.6570410471552597
60th percentile,305,-0.6585165219618861,-0.6591379648092273,-0.6570410471552597
60th percentile,306,-0.6585165219618861,-0.6591379648092273,-0.6570410471552597
60th percentile,307,-0.6585165219618861,-0.6591379648092273,-0.6570410471552597
60th percentile,308,-0.6585165219618861,-0.6591379648092273,-0.6570410471552597
60th percentile,309,-0.6585165219618861,-0.6591379648092273,-0.6570410471552597
60th percentile,310,-0.6585165219618861,-0.6591379648092273,-0.6570410471552597
60th percentile,311,-0.6585198083839077,-0.6591379648092273,-0.6570410471552597
60th percentile,312,-0.6585248867454097,-0.6591493911226066,-0.6570410471552597
60th percentile,313,-0.6585248867454097,-0.6591493911226066,-0.6570410471552597
60th percentile,314,-0.6585248867454097,-0.6591493911226066,-0.6570410471552597
60th percentile,315,-0.6585248867454097,-0.6591493911226066,-0.6570410471552597
60th percentile,316,-0.6585248867454097,-0.6591493911226066,-0.6570410471552597
60th percentile,317,-0.6585248867454097,-0.6591493911226066,-0.6570410471552597
60th percentile,318,-0.6585248867454097,-0.6591493911226066,-0.6570410471552597
60th percentile,319,-0.6585248867454097,-0.6591493911226066,-0.6570410471552597
60th percentile,320,-0.6585248867454097,-0.6591493911226066,-0.6570410471552597
60th percentile,321,-0.6585249488459318,-0.6591493911226066,-0.6570410471552597
60th percentile,322,-0.6585249488459318,-0.6591493911226066,-0.6570410471552597
60th percentile,323,-0.6585249488459318,-0.6591493911226066,-0.6570410471552597
60th percentile,324,-0.6585249488459318,-0.6591493911226066,-0.6570410471552597
60th percentile,325,-0.6585249488459318,-0.6591493911226066,-0.6570410471552597
60th percentile,326,-0.6585249488459318,-0.6591493911226066,-0.6570410471552597
60th percentile,327,-0.6585249488459318,-0.6591493911226066,-0.6570410471552597
60th percentile,328,-0.6585249488459318,-0.6591493911226066,-0.6570410471552597
60th percentile,329,-0.6585249488459318,-0.6591493911226066,-0.6570410471552597
60th percentile,330,-0.6585260715581713,-0.6591493911226066,-0.6570410471552597
60th percentile,331,-0.6585260715581713,-0.6591493911226066,-0.6570410471552597
60th percentile,332,-0.6585260715581713,-0.6591493911226066,-0.6570410471552597
60th percentile,333,-0.6585260715581713,-0.6591493911226066,-0.6570410471552597
60th percentile,334,-0.6585260715581713,-0.6591493911226066,-0.6570410471552597
60th percentile,335,-0.6585260715581713,-0.6591493911226066,-0.6570410471552597
60th percentile,336,-0.6585260715581713,-0.6591493911226066,-0.6570410471552597
60th percentile,337,-0.6585260715581713,-0.6591493911226066,-0.6570410471552597
60th percentile,338,-0.6585300809214795,-0.6591493911226066,-0.6570410471552597
60th percentile,339,-0.6585300809214795,-0.6591493911226066,-0.6570410471552597
60th percentile,340,-0.6585300809214795,-0.6591493911226066,-0.6570410471552597
60th percentile,341,-0.6585300809214795,-0.6591493911226066,-0.6570410471552597
60th percentile,342,-0.6585300809214795,-0.6591493911226066,-0.6570410471552597
60th percentile,343,-0.6585306729265499,-0.6591493911226066,-0.6570456351945556
60th percentile,344,-0.6585306729265499,-0.6591493911226066,-0.6570456351945556
60th percentile,345,-0.6585306729265499,-0.6591493911226066,-0.6570456351945556
60th percentile,346,-0.6585306729265499,-0.6591493911226066,-0.6570456351945556
60th percentile,347,-0.6585308408933308,-0.6591493911226066,-0.6570469369371074
60th percentile,348,-0.6585308408933308,-0.6591493911226066,-0.6570469369371074
60th percentile,349,-0.6585308408933308,-0.6591493911226066,-0.6570469369371074
60th percentile,350,-0.6585308408933308,-0.6591493911226066,-0.6570469369371074
60th percentile,351,-0.6585308408933308,-0.6591493911226066,-0.6570469369371074
60th percentile,352,-0.6585308408933308,-0.6591493911226066,-0.6570469369371074
60th percentile,353,-0.6585308408933308,-0.6591493911226066,-0.6570469369371074
60th percentile,354,-0.6585308408933308,-0.6591493911226066,-0.6570469369371074
60th percentile,355,-0.6585308408933308,-0.6591493911226066,-0.6570469369371074
60th percentile,356,-0.6585308408933308,-0.6591493911226066,-0.6570469369371074
60th percentile,357,-0.6585308408933308,-0.6591493911226066,-0.6570469369371074
60th percentile,358,-0.6585308408933308,-0.6591493911226066,-0.6570469369371074
60th percentile,359,-0.6585308408933308,-0.6591493911226066,-0.6570469369371074
60th percentile,360,-0.6585308408933308,-0.6591493911226066,-0.6570469369371074
60th percentile,361,-0.6585308408933308,-0.6591493911226066,-0.6570469369371074
60th percentile,362,-0.6585308408933308,-0.6591493911226066,-0.6570469369371074
60th percentile,363,-0.6585308408933308,-0.6591493911226066,-0.6570469369371074
60th percentile,364,-0.6585308408933308,-0.6591493911226066,-0.6570469369371074
60th percentile,365,-0.6585354541564241,-0.6591493911226066,-0.657048803561262
60th percentile,366,-0.6585412235232941,-0.6591493911226066,-0.657048803561262
60th percentile,367,-0.6585412235232941,-0.6591493911226066,-0.657048803561262
60th percentile,368,-0.6585412235232941,-0.6591493911226066,-0.657048803561262
60th percentile,369,-0.6585412235232941,-0.6591493911226066,-0.657048803561262
60th percentile,370,-0.6585412235232941,-0.6591493911226066,-0.657048803561262
60th percentile,371,-0.6585412235232941,-0.6591493911226066,-0.657048803561262
60th percentile,372,-0.6585412235232941,-0.6591493911226066,-0.657048803561262
60th percentile,373,-0.6585412235232941,-0.6591493911226066,-0.657048803561262
60th percentile,374,-0.6585412235232941,-0.6591493911226066,-0.657048803561262
60th percentile,375,-0.6585412235232941,-0.6591493911226066,-0.657048803561262
60th percentile,376,-0.6585412235232941,-0.6591493911226066,-0.657048803561262
60th percentile,377,-0.6585412235232941,-0.6591493911226066,-0.657048803561262
60th percentile,378,-0.6585412235232941,-0.6591493911226066,-0.657048803561262
60th percentile,379,-0.6585412235232941,-0.6591493911226066,-0.657048803561262
60th percentile,380,-0.6585412235232941,-0.6591493911226066,-0.657048803561262
60th percentile,381,-0.6585412235232941,-0.6591493911226066,-0.657048803561262
60th percentile,382,-0.6585412235232941,-0.6591493911226066,-0.657048803561262
60th percentile,383,-0.6585412235232941,-0.6591493911226066,-0.657048803561262
60th percentile,384,-0.6585412235232941,-0.6591493911226066,-0.657048803561262
60th percentile,385,-0.6585412235232941,-0.6591493911226066,-0.657048803561262
60th percentile,386,-0.6585412235232941,-0.6591493911226066,-0.657048803561262
60th percentile,387,-0.6585412235232941,-0.6591493911226066,-0.657048803561262
60th percentile,388,-0.6585412235232941,-0.6591493911226066,-0.657048803561262
60th percentile,389,-0.6585412235232941,-0.6591493911226066,-0.657048803561262
60th percentile,390,-0.6585412235232941,-0.6591493911226066,-0.657048803561262
60th percentile,391,-0.6585412235232941,-0.6591493911226066,-0.657048803561262
60th percentile,392,-0.6585412235232941,-0.6591493911226066,-0.657048803561262
60th percentile,393,-0.6585412235232941,-0.6591493911226066,-0.657048803561262
60th percentile,394,-0.6585621938116557,-0.6591493911226066,-0.657048803561262
60th percentile,395,-0.6585621938116557,-0.6591493911226066,-0.657048803561262
60th percentile,396,-0.6585621938116557,-0.6591493911226066,-0.657048803561262
60th percentile,397,-0.6585775706936895,-0.6591493911226066,-0.657048803561262
60th percentile,398,-0.6585858952577398,-0.6591493911226066,-0.657048803561262
60th percentile,399,-0.6585858952577398,-0.6591493911226066,-0.657048803561262
60th percentile,400,-0.6585858952577398,-0.6591493911226066,-0.657048803561262
60th percentile,401,-0.6585858952577398,-0.6591493911226066,-0.657048803561262
60th percentile,402,-0.6585858952577398,-0.6591493911226066,-0.657048803561262
60th percentile,403,-0.6586028543603608,-0.6591493911226066,-0.657048803561262
60th percentile,404,-0.6586028543603608,-0.6591493911226066,-0.657048803561262
60th percentile,405,-0.6586028543603608,-0.6591493911226066,-0.657048803561262
60th percentile,406,-0.6586028543603608,-0.6591493911226066,-0.657048803561262
60th percentile,407,-0.6586028543603608,-0.6591493911226066,-0.657048803561262
60th percentile,408,-0.6586028543603608,-0.6591493911226066,-0.657048803561262
60th percentile,409,-0.6586028543603608,-0.6591493911226066,-0.657048803561262
60th percentile,410,-0.6586028543603608,-0.6591493911226066,-0.657048803561262
60th percentile,411,-0.6586028543603608,-0.6591493911226066,-0.657048803561262
60th percentile,412,-0.6586028543603608,-0.6591493911226066,-0.657048803561262
60th percentile,413,-0.6586028543603608,-0.6591493911226066,-0.657048803561262
60th percentile,414,-0.6586028543603608,-0.6591493911226066,-0.657048803561262
60th percentile,415,-0.6586029627755909,-0.6591493911226066,-0.6570496437792961
60th percentile,416,-0.6586029627755909,-0.6591493911226066,-0.6570496437792961
60th percentile,417,-0.6586029627755909,-0.6591493911226066,-0.6570496437792961
60th percentile,418,-0.6586029627755909,-0.6591493911226066,-0.6570496437792961
60th percentile,419,-0.6586029627755909,-0.6591493911226066,-0.6570496437792961
60th percentile,420,-0.6586127813078396,-0.6591493911226066,-0.6570717354768556
60th percentile,421,-0.6586127813078396,-0.6591493911226066,-0.6570717354768556
60th percentile,422,-0.6586127813078396,-0.6591493911226066,-0.6570717354768556
60th percentile,423,-0.6586127813078396,-0.6591493911226066,-0.6570717354768556
60th percentile,424,-0.6586127813078396,-0.6591493911226066,-0.6570717354768556
60th percentile,425,-0.6586127813078396,-0.6591493911226066,-0.6570717354768556
60th percentile,426,-0.6586127813078396,-0.6591493911226066,-0.6570717354768556
60th percentile,427,-0.6586133029115006,-0.6591493911226066,-0.6570729090850926
60th percentile,428,-0.6586133029115006,-0.6591493911226066,-0.6570729090850926
60th percentile,429,-0.6586133029115006,-0.6591493911226066,-0.6570729090850926
60th percentile,430,-0.6586141042388696,-0.6591493911226066,-0.6570791193722024
60th percentile,431,-0.6586141042388696,-0.6591493911226066,-0.6570791193722024
60th percentile,432,-0.6586141042388696,-0.6591493911226066,-0.6570791193722024
60th percentile,433,-0.6586141042388696,-0.6591493911226066,-0.6570791193722024
60th percentile,434,-0.6586141042388696,-0.6591493911226066,-0.6570791193722024
60th percentile,435,-0.6586142007590707,-0.6591493911226066,-0.6570798674037617
60th percentile,436,-0.6586142007590707,-0.6591493911226066,-0.6570798674037617
60th percentile,437,-0.6586142007590707,-0.6591493911226066,-0.6570798674037617
60th percentile,438,-0.6586142007590707,-0.6591493911226066,-0.6570798674037617
60th percentile,439,-0.6586142007590707,-0.6591493911226066,-0.6570798674037617
60th percentile,440,-0.6586142007590707,-0.6591493911226066,-0.6570798674037617
60th percentile,441,-0.6586142007590707,-0.6591493911226066,-0.6570798674037617
60th percentile,442,-0.6586142007590707,-0.6591493911226066,-0.6570798674037617
60th percentile,443,-0.6586142007590707,-0.6591493911226066,-0.6570798674037617
60th percentile,444,-0.6586145347422537,-0.6591493911226066,-0.6570806188659234
60th percentile,445,-0.6586145347422537,-0.6591493911226066,-0.6570806188659234
60th percentile,446,-0.6586145347422537,-0.6591493911226066,-0.6570806188659234
60th percentile,447,-0.6586145347422537,-0.6591493911226066,-0.6570806188659234
60th percentile,448,-0.6586145347422537,-0.6591493911226066,-0.6570806188659234
60th percentile,449,-0.6586145522281007,-0.6591493911226066,-0.657080754381237
60th percentile,450,-0.6586192405255973,-0.6591493911226066,-0.657080754381237
60th percentile,451,-0.6586192405255973,-0.6591493911226066,-0.657080754381237
60th percentile,452,-0.6586192405255973,-0.6591493911226066,-0.657080754381237
60th percentile,453,-0.6586192405255973,-0.6591493911226066,-0.657080754381237
60th percentile,454,-0.6586272459990229,-0.6591493911226066,-0.6571427968002851
60th percentile,455,-0.6586272459990229,-0.6591493911226066,-0.6571427968002851
60th percentile,456,-0.6586272459990229,-0.6591493911226066,-0.6571427968002851
60th percentile,457,-0.6586272459990229,-0.6591493911226066,-0.6571427968002851
60th percentile,458,-0.6586272459990229,-0.6591493911226066,-0.6571427968002851
60th percentile,459,-0.6586272459990229,-0.6591493911226066,-0.6571427968002851
60th percentile,460,-0.6586272459990229,-0.6591493911226066,-0.6571427968002851
60th percentile,461,-0.6586272459990229,-0.6591493911226066,-0.6571427968002851
60th percentile,462,-0.6586272459990229,-0.6591493911226066,-0.6571427968002851
60th percentile,463,-0.6586272459990229,-0.6591493911226066,-0.6571427968002851
60th percentile,464,-0.6586272459990229,-0.6591493911226066,-0.6571427968002851
60th percentile,465,-0.6586272459990229,-0.6591493911226066,-0.6571427968002851
60th percentile,466,-0.6586272459990229,-0.6591493911226066,-0.6571427968002851
60th percentile,467,-0.6586289166990845,-0.6591493911226066,-0.6571427968002851
60th percentile,468,-0.6586289166990845,-0.6591493911226066,-0.6571427968002851
60th percentile,469,-0.6586289166990845,-0.6591493911226066,-0.6571427968002851
60th percentile,470,-0.6586289166990845,-0.6591493911226066,-0.6571427968002851
60th percentile,471,-0.6586289166990845,-0.6591493911226066,-0.6571427968002851
60th percentile,472,-0.6586289166990845,-0.6591493911226066,-0.6571427968002851
60th percentile,473,-0.6586290719395222,-0.6591493911226066,-0.6571439999136779
60th percentile,474,-0.6586290719395222,-0.6591493911226066,-0.6571439999136779
60th percentile,475,-0.6586290719395222,-0.6591493911226066,-0.6571439999136779
60th percentile,476,-0.6586290719395222,-0.6591493911226066,-0.6571439999136779
60th percentile,477,-0.6586290719395222,-0.6591493911226066,-0.6571439999136779
60th percentile,478,-0.6586290719395222,-0.6591493911226066,-0.6571439999136779
60th percentile,479,-0.6586290719395222,-0.6591493911226066,-0.6571439999136779
60th percentile,480,-0.658629194801717,-0.6591493911226066,-0.6571439999136779
60th percentile,481,-0.6586305782749182,-0.6591493911226066,-0.6571547218309874
60th percentile,482,-0.6586305782749182,-0.6591493911226066,-0.6571547218309874
60th percentile,483,-0.6586305782749182,-0.6591493911226066,-0.6571547218309874
60th percentile,484,-0.6586404230483616,-0.6591493911226066,-0.657231018825173
60th percentile,485,-0.6586404230483616,-0.6591493911226066,-0.657231018825173
60th percentile,486,-0.6586404230483616,-0.6591493911226066,-0.657231018825173
60th percentile,487,-0.6586404230483616,-0.6591493911226066,-0.657231018825173
60th percentile,488,-0.6586404230483616,-0.6591493911226066,-0.657231018825173
60th percentile,489,-0.6586404230483616,-0.6591493911226066,-0.657231018825173
60th percentile,490,-0.6586404230483616,-0.6591493911226066,-0.657231018825173
60th percentile,491,-0.6586404230483616,-0.6591493911226066,-0.657231018825173
60th percentile,492,-0.6586404230483616,-0.6591493911226066,-0.657231018825173
60th percentile,493,-0.6586404230483616,-0.6591493911226066,-0.657231018825173
60th percentile,494,-0.6586404230483616,-0.6591493911226066,-0.657231018825173
60th percentile,495,-0.6586404230483616,-0.6591493911226066,-0.657231018825173
60th percentile,496,-0.6586404230483616,-0.6591493911226066,-0.657231018825173
60th percentile,497,-0.6586404230483616,-0.6591493911226066,-0.657231018825173
60th percentile,498,-0.6586404230483616,-0.6591493911226066,-0.657231018825173
60th percentile,499,-0.6586404230483616,-0.6591493911226066,-0.657231018825173
60th percentile,500,-0.6586404230483616,-0.6591493911226066,-0.657231018825173
70th percentile,1,-0.4847989295954661,-0.6195294994789655,-0.3872168927888554
70th percentile,2,-0.4991733440670984,-0.6195294994789655,-0.42143455035805194
70th percentile,3,-0.5349553848273627,-0.6323702799551069,-0.45228716953293635
70th percentile,4,-0.577038115170948,-0.6642580538178957,-0.46070956506683447
70th percentile,5,-0.6083486181668801,-0.6659289059670681,-0.5060014492354462
70th percentile,6,-0.6130002432121119,-0.6708126334653626,-0.5099153748798045
70th percentile,7,-0.624198941726354,-0.6721146174601298,-0.5266290884421603
70th percentile,8,-0.6362086991553956,-0.6721146174601298,-0.5370742562687689
70th percentile,9,-0.6449094391551988,-0.6837968145770023,-0.5655364810460737
70th percentile,10,-0.6481887316808168,-0.6844075023026275,-0.5683428450678929
70th percentile,11,-0.6515523894653702,-0.6868898253377425,-0.568752401641034
70th percentile,12,-0.6594219714912515,-0.6937341346628408,-0.5993630668525819
70th percentile,13,-0.6670662641727786,-0.694049242688796,-0.6390529609544465
70th percentile,14,-0.6720565493638941,-0.6961399087087853,-0.6422878795872989
70th percentile,15,-0.677225381846633,-0.6961399087087853,-0.6577879530510952
70th percentile,16,-0.6792534952570418,-0.6961399087087853,-0.6592267688878505
70th percentile,17,-0.6808328397317557,-0.6961399087087853,-0.6606756480066068
70th percentile,18,-0.6834057431066197,-0.7107896174987455,-0.6606756480066068
70th percentile,19,-0.6851352650505091,-0.7125508816016448,-0.6625876889146013
70th percentile,20,-0.687510886825095,-0.715674430594737,-0.6635018398019275
70th percentile,21,-0.687510886825095,-0.715674430594737,-0.6635018398019275
70th percentile,22,-0.6880406425113155,-0.715674430594737,-0.6636352354664248
70th percentile,23,-0.6891797502397847,-0.715674430594737,-0.6724633203620617
70th percentile,24,-0.6920228838983438,-0.7165067303241051,-0.6735346270108682
70th percentile,25,-0.6923035566888125,-0.7165067303241051,-0.6735346270108682
70th percentile,26,-0.6961773749234269,-0.7181195290414664,-0.6787049341070015
70th percentile,27,-0.6971170178724498,-0.7197507724521126,-0.6803413510848823
70th percentile,28,-0.6974076637194077,-0.7197507724521126,-0.6803413510848823
70th percentile,29,-0.69747588390591,-0.7197507724521126,-0.6804948465045125
70th percentile,30,-0.6981461982369205,-0.7197507724521126,-0.6805100666880213
70th percentile,31,-0.7001267573294977,-0.7213273052234703,-0.6836558427288503
70th percentile,32,-0.7005572070362489,-0.7246632904507925,-0.6836558427288503
70th percentile,33,-0.7010434515809651,-0.7246632904507925,-0.6852729134518442
70th percentile,34,-0.7018921037363147,-0.7246632904507925,-0.6879127058596906
70th percentile,35,-0.7021970762743336,-0.7253291053889519,-0.6879127058596906
70th percentile,36,-0.7023267077905356,-0.7256123673555188,-0.6879127058596906
70th percentile,37,-0.7034436086684553,-0.7264636960457267,-0.6879127058596906
70th percentile,38,-0.7051301010910755,-0.7264636960457267,-0.6879127058596906
70th percentile,39,-0.7052303739901541,-0.7264636960457267,-0.6882657046182414
70th percentile,40,-0.7078736153681052,-0.7264636960457267,-0.6882657046182414
70th percentile,41,-0.7078740105468049,-0.7264636960457267,-0.6882657046182414
70th percentile,42,-0.7083703633459824,-0.7264636960457267,-0.6889506583617105
70th percentile,43,-0.7084876431198033,-0.7264636960457267,-0.6891496505365914
70th percentile,44,-0.7093742802537479,-0.7267352796831807,-0.6922367207704109
70th percentile,45,-0.7101744712814695,-0.7267352796831807,-0.6928501326670755
70th percentile,46,-0.7103844914704845,-0.7267352796831807,-0.6928501326670755
70th percentile,47,-0.7106040514430894,-0.7267352796831807,-0.6928730707105363
70th percentile,48,-0.7106040514430894,-0.7267352796831807,-0.6928730707105363
70th percentile,49,-0.7113509518092501,-0.7267352796831807,-0.6928747611926371
70th percentile,50,-0.711669630579602,-0.7267352796831807,-0.6928747611926371
70th percentile,51,-0.7117516977174556,-0.7267488157241374,-0.6928751486849934
70th percentile,52,-0.7118750215552406,-0.7267520384173163,-0.6928763529492561
70th percentile,53,-0.7120147728167573,-0.7267672669047008,-0.6938668941863652
70th percentile,54,-0.7120147728167573,-0.7267672669047008,-0.6938668941863652
70th percentile,55,-0.712060631982555,-0.7267672669047008,-0.6938927616226338
70th percentile,56,-0.7130314172489138,-0.7272004772189368,-0.6938927616226338
70th percentile,57,-0.7134562614768304,-0.7302941690753666,-0.6938927616226338
70th percentile,58,-0.7142436780724497,-0.7303744451958011,-0.6938927616226338
70th percentile,59,-0.7142570022481604,-0.7303744451958011,-0.6938928121080308
70th percentile,60,-0.7151336803445837,-0.7303744451958011,-0.6938935496847617
70th percentile,61,-0.7154519155298777,-0.7303744451958011,-0.694143884549942
70th percentile,62,-0.7161371400194273,-0.7304242867790915,-0.694143884549942
70th percentile,63,-0.7161832153962767,-0.7304242867790915,-0.694143884549942
70th percentile,64,-0.7161832153962767,-0.7304242867790915,-0.694143884549942
70th percentile,65,-0.7165298262847488,-0.7304542515173899,-0.694143884549942
70th percentile,66,-0.7175729426043604,-0.7304571841744397,-0.694143884549942
70th percentile,67,-0.7182121517171985,-0.7304571874350496,-0.6942899179557944
70th percentile,68,-0.7184744046331046,-0.7310449757718956,-0.6942899179557944
70th percentile,69,-0.7184744046331046,-0.7310449757718956,-0.6942899179557944
70th percentile,70,-0.7184947160025873,-0.7310449757718956,-0.6942899179557944
70th percentile,71,-0.7189493976461729,-0.7311537069646977,-0.6942899179557944
70th percentile,72,-0.7189530285704255,-0.7311537069646977,-0.6942899179557944
70th percentile,73,-0.7196718384427832,-0.7342926257694777,-0.6942899179557944
70th percentile,74,-0.7204333885935361,-0.7342926257694777,-0.697435708184367
70th percentile,75,-0.7225681739536325,-0.7342926257694777,-0.697435708184367
70th percentile,76,-0.7229112196257005,-0.7350318434805315,-0.697435708184367
70th percentile,77,-0.7229161327562997,-0.7350318434805315,-0.697435708184367
70th percentile,78,-0.722925209042009,-0.7350318434805315,-0.697435708184367
70th percentile,79,-0.7237987410561797,-0.7417975908579476,-0.697435708184367
70th percentile,80,-0.7237987410561797,-0.7417975908579476,-0.697435708184367
70th percentile,81,-0.724206605619671,-0.7417975908579476,-0.697435708184367
70th percentile,82,-0.724244975741908,-0.7417975908579476,-0.697435708184367
70th percentile,83,-0.7275840725582224,-0.7417975908579476,-0.7034735194462296
70th percentile,84,-0.7287464636414848,-0.7473683673687186,-0.7041070344615996
70th percentile,85,-0.7287690004388823,-0.7473683673687186,-0.7041070344615996
70th percentile,86,-0.7290586548747673,-0.747691288581541,-0.704204342214378
70th percentile,87,-0.7293321805906384,-0.747691288581541,-0.7042216552264894
70th percentile,88,-0.7302627910325606,-0.7486877824762386,-0.7042216552264894
70th percentile,89,-0.730516447183569,-0.7486877824762386,-0.7042216552264894
70th percentile,90,-0.731329219554327,-0.74904192148506,-0.7042216552264894
70th percentile,91,-0.731329219554327,-0.74904192148506,-0.7042216552264894
70th percentile,92,-0.7318970080047457,-0.74904192148506,-0.7084967171031838
70th percentile,93,-0.7319299020207601,-0.7490898068185756,-0.708578868761122
70th percentile,94,-0.7319299020207601,-0.7490898068185756,-0.708578868761122
70th percentile,95,-0.7319299020207601,-0.7490898068185756,-0.708578868761122
70th percentile,96,-0.7319424849638031,-0.7491143467523123,-0.708578868761122
70th percentile,97,-0.7319445973476805,-0.7491143467523123,-0.708578868761122
70th percentile,98,-0.732383446136392,-0.7491143467523123,-0.708578868761122
70th percentile,99,-0.732383446136392,-0.7491143467523123,-0.708578868761122
70th percentile,100,-0.7332322619850701,-0.7510241824118382,-0.708578868761122
70th percentile,101,-0.7332430573189713,-0.7510241824118382,-0.708578868761122
70th percentile,102,-0.733305749131137,-0.7510241824118382,-0.7090647303054066
70th percentile,103,-0.733305749131137,-0.7510241824118382,-0.7090647303054066
70th percentile,104,-0.733305749131137,-0.7510241824118382,-0.7090647303054066
70th percentile,105,-0.7333063896115812,-0.7510241824118382,-0.7090647303054066
70th percentile,106,-0.7338978855976512,-0.7552215544988257,-0.7090647303054066
70th percentile,107,-0.7339180540773134,-0.7552215544988257,-0.7090647303054066
70th percentile,108,-0.7339271945935033,-0.7552215544988257,-0.7091355693058797
70th percentile,109,-0.7345099928475869,-0.7552215544988257,-0.7091358631968541
70th percentile,110,-0.737266458929583,-0.7553326175660494,-0.7261495485548634
70th percentile,111,-0.7384993311385297,-0.762380531919998,-0.7261532010274868
70th percentile,112,-0.7385277582191123,-0.7624444928513088,-0.7261532010274868
70th percentile,113,-0.7385277582191123,-0.7624444928513088,-0.7261532010274868
70th percentile,114,-0.7386545343072,-0.762726495641825,-0.7261532010274868
70th percentile,115,-0.7386560378641954,-0.762726495641825,-0.7261565840307265
70th percentile,116,-0.7386560378641954,-0.762726495641825,-0.7261565840307265
70th percentile,117,-0.7386560378641954,-0.762726495641825,-0.7261565840307265
70th percentile,118,-0.7386579286518009,-0.762726495641825,-0.7261630142414303
70th percentile,119,-0.7386579286518009,-0.762726495641825,-0.7261630142414303
70th percentile,120,-0.7386579890193239,-0.762726495641825,-0.7261634820897347
70th percentile,121,-0.7386580049779449,-0.762726495641825,-0.7261635179966315
70th percentile,122,-0.7386580049779449,-0.762726495641825,-0.7261635179966315
70th percentile,123,-0.7403964584165665,-0.7761995097911432,-0.7261635179966315
70th percentile,124,-0.7403987621955922,-0.7761995097911432,-0.7261687014994392
70th percentile,125,-0.7403987621955922,-0.7761995097911432,-0.7261687014994392
70th percentile,126,-0.7403989658190913,-0.7761995097911432,-0.7261687014994392
70th percentile,127,-0.741166300303685,-0.7761995097911432,-0.7272980042717447
70th percentile,128,-0.7414768134702383,-0.7761995097911432,-0.7272980042717447
70th percentile,129,-0.7414768134702383,-0.7761995097911432,-0.7272980042717447
70th percentile,130,-0.7414787077994456,-0.7761995097911432,-0.7273126853231014
70th percentile,131,-0.7414787077994456,-0.7761995097911432,-0.7273126853231014
70th percentile,132,-0.7417643946119066,-0.7761995097911432,-0.7281430116266384
70th percentile,133,-0.7417643946119066,-0.7761995097911432,-0.7281430116266384
70th percentile,134,-0.7417643946119066,-0.7761995097911432,-0.7281430116266384
70th percentile,135,-0.7420767060102549,-0.7761995097911432,-0.7284373105694024
70th percentile,136,-0.7420769586296869,-0.7761995097911432,-0.7284373105694024
70th percentile,137,-0.7420769586296869,-0.7761995097911432,-0.7284373105694024
70th percentile,138,-0.7420779134775731,-0.7761995097911432,-0.7284394589771466
70th percentile,139,-0.7420779134775731,-0.7761995097911432,-0.7284394589771466
70th percentile,140,-0.7420779134775731,-0.7761995097911432,-0.7284394589771466
70th percentile,141,-0.7420779134775731,-0.7761995097911432,-0.7284394589771466
70th percentile,142,-0.7422108046148259,-0.7764985148499618,-0.7284394589771466
70th percentile,143,-0.7422108046148259,-0.7764985148499618,-0.7284394589771466
70th percentile,144,-0.7422108046148259,-0.7764985148499618,-0.7284394589771466
70th percentile,145,-0.7422108046148259,-0.7764985148499618,-0.7284394589771466
70th percentile,146,-0.7424300587532132,-0.7781977344224638,-0.7284394589771466
70th percentile,147,-0.7424380650757987,-0.7781977344224638,-0.7284574732029638
70th percentile,148,-0.7424380650757987,-0.7781977344224638,-0.7284574732029638
70th percentile,149,-0.7424380650757987,-0.7781977344224638,-0.7284574732029638
70th percentile,150,-0.7424390833098122,-0.7781977344224638,-0.7284574732029638
70th percentile,151,-0.7424390833098122,-0.7781977344224638,-0.7284574732029638
70th percentile,152,-0.7424390833098122,-0.7781977344224638,-0.7284574732029638
70th percentile,153,-0.7424470678628976,-0.7781977344224638,-0.728470557517323
70th percentile,154,-0.7424470678628976,-0.7781977344224638,-0.728470557517323
70th percentile,155,-0.7424470678628976,-0.7781977344224638,-0.728470557517323
70th percentile,156,-0.7424470678628976,-0.7781977344224638,-0.728470557517323
70th percentile,157,-0.7424470678628976,-0.7781977344224638,-0.728470557517323
70th percentile,158,-0.7424470678628976,-0.7781977344224638,-0.728470557517323
70th percentile,159,-0.7424470678628976,-0.7781977344224638,-0.728470557517323
70th percentile,160,-0.7424470678628976,-0.7781977344224638,-0.728470557517323
70th percentile,161,-0.7424470678628976,-0.7781977344224638,-0.728470557517323
70th percentile,162,-0.7424470678628976,-0.7781977344224638,-0.728470557517323
70th percentile,163,-0.7424470678628976,-0.7781977344224638,-0.728470557517323
70th percentile,164,-0.7424470678628976,-0.7781977344224638,-0.728470557517323
70th percentile,165,-0.7424470678628976,-0.7781977344224638,-0.728470557517323
70th percentile,166,-0.7424796003684125,-0.7781977344224638,-0.728470557517323
70th percentile,167,-0.7424796003684125,-0.7781977344224638,-0.728470557517323
70th percentile,168,-0.7424796003684125,-0.7781977344224638,-0.728470557517323
70th percentile,169,-0.7424796003684125,-0.7781977344224638,-0.728470557517323
70th percentile,170,-0.7424796003684125,-0.7781977344224638,-0.728470557517323
70th percentile,171,-0.7424796003684125,-0.7781977344224638,-0.728470557517323
70th percentile,172,-0.7424796003684125,-0.7781977344224638,-0.728470557517323
70th percentile,173,-0.7424796003684125,-0.7781977344224638,-0.728470557517323
70th percentile,174,-0.7424796003684125,-0.7781977344224638,-0.728470557517323
70th percentile,175,-0.7427083155809837,-0.7781977344224638,-0.7302431004147497
70th percentile,176,-0.7427083155809837,-0.7781977344224638,-0.7302431004147497
70th percentile,177,-0.7427083155809837,-0.7781977344224638,-0.7302431004147497
70th percentile,178,-0.7427083155809837,-0.7781977344224638,-0.7302431004147497
70th percentile,179,-0.7427083155809837,-0.7781977344224638,-0.7302431004147497
70th percentile,180,-0.7427083155809837,-0.7781977344224638,-0.7302431004147497
70th percentile,181,-0.7427083155809837,-0.7781977344224638,-0.7302431004147497
70th percentile,182,-0.7427083155809837,-0.7781977344224638,-0.7302431004147497
70th percentile,183,-0.742708958112922,-0.7781977344224638,-0.7302445461116108
70th percentile,184,-0.742708958112922,-0.7781977344224638,-0.7302445461116108
70th percentile,185,-0.742708958112922,-0.7781977344224638,-0.7302445461116108
70th percentile,186,-0.742708958112922,-0.7781977344224638,-0.7302445461116108
70th percentile,187,-0.742708958112922,-0.7781977344224638,-0.7302445461116108
70th percentile,188,-0.742708958112922,-0.7781977344224638,-0.7302445461116108
70th percentile,189,-0.742708958112922,-0.7781977344224638,-0.7302445461116108
70th percentile,190,-0.742708958112922,-0.7781977344224638,-0.7302445461116108
70th percentile,191,-0.742708958112922,-0.7781977344224638,-0.7302445461116108
70th percentile,192,-0.742708958112922,-0.7781977344224638,-0.7302445461116108
70th percentile,193,-0.742708958112922,-0.7781977344224638,-0.7302445461116108
70th percentile,194,-0.742708958112922,-0.7781977344224638,-0.7302445461116108
70th percentile,195,-0.7427254055820665,-0.7781977344224638,-0.7302445461116108
70th percentile,196,-0.7427254055820665,-0.7781977344224638,-0.7302445461116108
70th percentile,197,-0.7427254055820665,-0.7781977344224638,-0.7302445461116108
70th percentile,198,-0.7427255114980745,-0.7781977344224638,-0.730244784422629
70th percentile,199,-0.7427255114980745,-0.7781977344224638,-0.730244784422629
70th percentile,200,-0.7427255114980745,-0.7781977344224638,-0.730244784422629
70th percentile,201,-0.7427255114980745,-0.7781977344224638,-0.730244784422629
70th percentile,202,-0.7428719795184711,-0.7793328615805357,-0.730244784422629
70th percentile,203,-0.7428719795184711,-0.7793328615805357,-0.730244784422629
70th percentile,204,-0.7428719795184711,-0.7793328615805357,-0.730244784422629
70th percentile,205,-0.742872042376731,-0.7793328615805357,-0.7302449258537141
70th percentile,206,-0.742872042376731,-0.7793328615805357,-0.7302449258537141
70th percentile,207,-0.742872042376731,-0.7793328615805357,-0.7302449258537141
70th percentile,208,-0.742872042376731,-0.7793328615805357,-0.7302449258537141
70th percentile,209,-0.742872042376731,-0.7793328615805357,-0.7302449258537141
70th percentile,210,-0.742872042376731,-0.7793328615805357,-0.7302449258537141
70th percentile,211,-0.742872042376731,-0.7793328615805357,-0.7302449258537141
70th percentile,212,-0.742872042376731,-0.7793328615805357,-0.7302449258537141
70th percentile,213,-0.7429329961317755,-0.7793328615805357,-0.730717317455309
70th percentile,214,-0.7429329961317755,-0.7793328615805357,-0.730717317455309
70th percentile,215,-0.7429329961317755,-0.7793328615805357,-0.730717317455309
70th percentile,216,-0.7429329961317755,-0.7793328615805357,-0.730717317455309
70th percentile,217,-0.7429329961317755,-0.7793328615805357,-0.730717317455309
70th percentile,218,-0.7429329961317755,-0.7793328615805357,-0.730717317455309
70th percentile,219,-0.7429329961317755,-0.7793328615805357,-0.730717317455309
70th percentile,220,-0.7429329961317755,-0.7793328615805357,-0.730717317455309
70th percentile,221,-0.7429329961317755,-0.7793328615805357,-0.730717317455309
70th percentile,222,-0.7429329961317755,-0.7793328615805357,-0.730717317455309
70th percentile,223,-0.7429329961317755,-0.7793328615805357,-0.730717317455309
70th percentile,224,-0.7429329961317755,-0.7793328615805357,-0.730717317455309
70th percentile,225,-0.7432435092983287,-0.7793328615805357,-0.730717317455309
70th percentile,226,-0.7432435092983287,-0.7793328615805357,-0.730717317455309
70th percentile,227,-0.7432435092983287,-0.7793328615805357,-0.730717317455309
70th percentile,228,-0.7432435092983287,-0.7793328615805357,-0.730717317455309
70th percentile,229,-0.7432435092983287,-0.7793328615805357,-0.730717317455309
70th percentile,230,-0.7432435092983287,-0.7793328615805357,-0.730717317455309
70th percentile,231,-0.7434105697270306,-0.7793328615805357,-0.731372015850502
70th percentile,232,-0.7439826378608452,-0.7793328615805357,-0.7315293967801134
70th percentile,233,-0.7439826378608452,-0.7793328615805357,-0.7315293967801134
70th percentile,234,-0.7439826378608452,-0.7793328615805357,-0.7315293967801134
70th percentile,235,-0.7439826378608452,-0.7793328615805357,-0.7315293967801134
70th percentile,236,-0.7439826378608452,-0.7793328615805357,-0.7315293967801134
70th percentile,237,-0.7439826378608452,-0.7793328615805357,-0.7315293967801134
70th percentile,238,-0.744275126489243,-0.7793328615805357,-0.7315293967801134
70th percentile,239,-0.744275126489243,-0.7793328615805357,-0.7315293967801134
70th percentile,240,-0.7442829654391653,-0.7793328615805357,-0.7315470344174384
70th percentile,241,-0.7442964286754382,-0.7793328615805357,-0.7315518791592495
70th percentile,242,-0.7443989711680937,-0.7793328615805357,-0.7315848507600166
70th percentile,243,-0.7443989711680937,-0.7793328615805357,-0.7315848507600166
70th percentile,244,-0.7443989711680937,-0.7793328615805357,-0.7315848507600166
70th percentile,245,-0.7443989711680937,-0.7793328615805357,-0.7315848507600166
70th percentile,246,-0.7444056283265559,-0.7793328615805357,-0.7315998293665563
70th percentile,247,-0.7444056283265559,-0.7793328615805357,-0.7315998293665563
70th percentile,248,-0.7444611359996868,-0.7794577538450803,-0.7315998293665563
70th percentile,249,-0.7444621465317177,-0.7794577538450803,-0.7316021030636259
70th percentile,250,-0.7444627431654183,-0.7794577538450803,-0.7316035355877388
70th percentile,251,-0.7444627431654183,-0.7794577538450803,-0.7316035355877388
70th percentile,252,-0.7444627431654183,-0.7794577538450803,-0.7316035355877388
70th percentile,253,-0.7444627431654183,-0.7794577538450803,-0.7316035355877388
70th percentile,254,-0.7444627431654183,-0.7794577538450803,-0.7316035355877388
70th percentile,255,-0.7444627431654183,-0.7794577538450803,-0.7316035355877388
70th percentile,256,-0.7444627431654183,-0.7794577538450803,-0.7316035355877388
70th percentile,257,-0.7448057888374864,-0.7794577538450803,-0.7323753883498921
70th percentile,258,-0.7448057888374864,-0.7794577538450803,-0.7323753883498921
70th percentile,259,-0.7448057888374864,-0.7794577538450803,-0.7323753883498921
70th percentile,260,-0.7449015907764963,-0.7794577538450803,-0.7325909427126645
70th percentile,261,-0.7449015907764963,-0.7794577538450803,-0.7325909427126645
70th percentile,262,-0.7449015907764963,-0.7794577538450803,-0.7325909427126645
70th percentile,263,-0.7449016884972972,-0.7794577538450803,-0.7325917000488708
70th percentile,264,-0.7449016884972972,-0.7794577538450803,-0.7325917000488708
70th percentile,265,-0.7449016884972972,-0.7794577538450803,-0.7325917000488708
70th percentile,266,-0.7449016884972972,-0.7794577538450803,-0.7325917000488708
70th percentile,267,-0.7449016884972972,-0.7794577538450803,-0.7325917000488708
70th percentile,268,-0.7449016884972972,-0.7794577538450803,-0.7325917000488708
70th percentile,269,-0.7449016884972972,-0.7794577538450803,-0.7325917000488708
70th percentile,270,-0.7449016884972972,-0.7794577538450803,-0.7325917000488708
70th percentile,271,-0.7449016884972972,-0.7794577538450803,-0.7325917000488708
70th percentile,272,-0.7449016884972972,-0.7794577538450803,-0.7325917000488708
70th percentile,273,-0.7449018472439675,-0.7794577538450803,-0.7325929303355657
70th percentile,274,-0.7449018472439675,-0.7794577538450803,-0.7325929303355657
70th percentile,275,-0.7449018472439675,-0.7794577538450803,-0.7325929303355657
70th percentile,276,-0.7449018472439675,-0.7794577538450803,-0.7325929303355657
70th percentile,277,-0.7452448929160356,-0.7794577538450803,-0.7326661284729743
70th percentile,278,-0.7452448929160356,-0.7794577538450803,-0.7326661284729743
70th percentile,279,-0.7452448929160356,-0.7794577538450803,-0.7326661284729743
70th percentile,280,-0.7452448929160356,-0.7794577538450803,-0.7326661284729743
70th percentile,281,-0.7452448929160356,-0.7794577538450803,-0.7326661284729743
70th percentile,282,-0.7452448929160356,-0.7794577538450803,-0.7326661284729743
70th percentile,283,-0.7452448929160356,-0.7794577538450803,-0.7326661284729743
70th percentile,284,-0.7452448929160356,-0.7794577538450803,-0.7326661284729743
70th percentile,285,-0.7452448929160356,-0.7794577538450803,-0.7326661284729743
70th percentile,286,-0.7452448929160356,-0.7794577538450803,-0.7326661284729743
70th percentile,287,-0.7452448929160356,-0.7794577538450803,-0.7326661284729743
70th percentile,288,-0.7452448929160356,-0.7794577538450803,-0.7326661284729743
70th percentile,289,-0.7452448929160356,-0.7794577538450803,-0.7326661284729743
70th percentile,290,-0.7452448929160356,-0.7794577538450803,-0.7326661284729743
70th percentile,291,-0.7452448929160356,-0.7794577538450803,-0.7326661284729743
70th percentile,292,-0.7452448929160356,-0.7794577538450803,-0.7326661284729743
70th percentile,293,-0.7452448929160356,-0.7794577538450803,-0.7326661284729743
70th percentile,294,-0.7452448929160356,-0.7794577538450803,-0.7326661284729743
70th percentile,295,-0.7452448929160356,-0.7794577538450803,-0.7326661284729743
70th percentile,296,-0.7452448929160356,-0.7794577538450803,-0.7326661284729743
70th percentile,297,-0.7452448929160356,-0.7794577538450803,-0.7326661284729743
70th percentile,298,-0.7452448929160356,-0.7794577538450803,-0.7326661284729743
70th percentile,299,-0.7452448929160356,-0.7794577538450803,-0.7326661284729743
70th percentile,300,-0.7452448929160356,-0.7794577538450803,-0.7326661284729743
70th percentile,301,-0.7452448929160356,-0.7794577538450803,-0.7326661284729743
70th percentile,302,-0.7452448929160356,-0.7794577538450803,-0.7326661284729743
70th percentile,303,-0.7453261713439184,-0.7794577538450803,-0.7326661284729743
70th percentile,304,-0.7455880579294674,-0.7794577538450803,-0.7326661284729743
70th percentile,305,-0.7455880579294674,-0.7794577538450803,-0.7326661284729743
70th percentile,306,-0.7455880579294674,-0.7794577538450803,-0.7326661284729743
70th percentile,307,-0.7455880579294674,-0.7794577538450803,-0.7326661284729743
70th percentile,308,-0.7455880579294674,-0.7794577538450803,-0.7326661284729743
70th percentile,309,-0.7455880579294674,-0.7794577538450803,-0.7326661284729743
70th percentile,310,-0.7455880579294674,-0.7794577538450803,-0.7326661284729743
70th percentile,311,-0.7455880579294674,-0.7794577538450803,-0.7326661284729743
70th percentile,312,-0.7455880579294674,-0.7794577538450803,-0.7326661284729743
70th percentile,313,-0.7455880579294674,-0.7794577538450803,-0.7326661284729743
70th percentile,314,-0.7459064524320536,-0.7794577538450803,-0.7333035503009617
70th percentile,315,-0.745920933241695,-0.7794577538450803,-0.733336132122655
70th percentile,316,-0.745920933241695,-0.7794577538450803,-0.733336132122655
70th percentile,317,-0.74593366700839,-0.7794577538450803,-0.733364783097719
70th percentile,318,-0.74593366700839,-0.7794577538450803,-0.733364783097719
70th percentile,319,-0.74593366700839,-0.7794577538450803,-0.733364783097719
70th percentile,320,-0.74593366700839,-0.7794577538450803,-0.733364783097719
70th percentile,321,-0.74593366700839,-0.7794577538450803,-0.733364783097719
70th percentile,322,-0.7465573995291043,-0.7794577538450803,-0.7381987101332544
70th percentile,323,-0.7465573995291043,-0.7794577538450803,-0.7381987101332544
70th percentile,324,-0.7465573995291043,-0.7794577538450803,-0.7381987101332544
70th percentile,325,-0.7465573995291043,-0.7794577538450803,-0.7381987101332544
70th percentile,326,-0.7465573995291043,-0.7794577538450803,-0.7381987101332544
70th percentile,327,-0.7465573995291043,-0.7794577538450803,-0.7381987101332544
70th percentile,328,-0.7465573995291043,-0.7794577538450803,-0.7381987101332544
70th percentile,329,-0.7465661437292367,-0.7794577538450803,-0.7381987101332544
70th percentile,330,-0.7465661437292367,-0.7794577538450803,-0.7381987101332544
70th percentile,331,-0.7465661437292367,-0.7794577538450803,-0.7381987101332544
70th percentile,332,-0.7465661437292367,-0.7794577538450803,-0.7381987101332544
70th percentile,333,-0.7465661437292367,-0.7794577538450803,-0.7381987101332544
70th percentile,334,-0.7465661437292367,-0.7794577538450803,-0.7381987101332544
70th percentile,335,-0.7465661437292367,-0.7794577538450803,-0.7381987101332544
70th percentile,336,-0.7465661437292367,-0.7794577538450803,-0.7381987101332544
70th percentile,337,-0.7465661437292367,-0.7794577538450803,-0.7381987101332544
70th percentile,338,-0.7465661437292367,-0.7794577538450803,-0.7381987101332544
70th percentile,339,-0.7465661437292367,-0.7794577538450803,-0.7381987101332544
70th percentile,340,-0.7465661437292367,-0.7794577538450803,-0.7381987101332544
70th percentile,341,-0.7465661437292367,-0.7794577538450803,-0.7381987101332544
70th percentile,342,-0.7465661437292367,-0.7794577538450803,-0.7381987101332544
70th percentile,343,-0.7465661437292367,-0.7794577538450803,-0.7381987101332544
70th percentile,344,-0.7465661437292367,-0.7794577538450803,-0.7381987101332544
70th percentile,345,-0.7465661437292367,-0.7794577538450803,-0.7381987101332544
70th percentile,346,-0.7465982811275271,-0.7794577538450803,-0.7383949110528575
70th percentile,347,-0.7465982811275271,-0.7794577538450803,-0.7383949110528575
70th percentile,348,-0.7465982811275271,-0.7794577538450803,-0.7383949110528575
70th percentile,349,-0.7465982811275271,-0.7794577538450803,-0.7383949110528575
70th percentile,350,-0.7465982811275271,-0.7794577538450803,-0.7383949110528575
70th percentile,351,-0.7465982811275271,-0.7794577538450803,-0.7383949110528575
70th percentile,352,-0.7465982811275271,-0.7794577538450803,-0.7383949110528575
70th percentile,353,-0.7465982811275271,-0.7794577538450803,-0.7383949110528575
70th percentile,354,-0.7465982811275271,-0.7794577538450803,-0.7383949110528575
70th percentile,355,-0.7465982811275271,-0.7794577538450803,-0.7383949110528575
70th percentile,356,-0.7465982811275271,-0.7794577538450803,-0.7383949110528575
70th percentile,357,-0.7465982811275271,-0.7794577538450803,-0.7383949110528575
70th percentile,358,-0.7465982811275271,-0.7794577538450803,-0.7383949110528575
70th percentile,359,-0.7465982811275271,-0.7794577538450803,-0.7383949110528575
70th percentile,360,-0.7465982811275271,-0.7794577538450803,-0.7383949110528575
70th percentile,361,-0.7465982811275271,-0.7794577538450803,-0.7383949110528575
70th percentile,362,-0.7465982811275271,-0.7794577538450803,-0.7383949110528575
70th percentile,363,-0.7465982811275271,-0.7794577538450803,-0.7383949110528575
70th percentile,364,-0.7465982811275271,-0.7794577538450803,-0.7383949110528575
70th percentile,365,-0.7465982811275271,-0.7794577538450803,-0.7383949110528575
70th percentile,366,-0.7465982811275271,-0.7794577538450803,-0.7383949110528575
70th percentile,367,-0.7465982811275271,-0.7794577538450803,-0.7383949110528575
70th percentile,368,-0.7465982811275271,-0.7794577538450803,-0.7383949110528575
70th percentile,369,-0.7465982811275271,-0.7794577538450803,-0.7383949110528575
70th percentile,370,-0.7465982811275271,-0.7794577538450803,-0.7383949110528575
70th percentile,371,-0.7465982811275271,-0.7794577538450803,-0.7383949110528575
70th percentile,372,-0.7465982811275271,-0.7794577538450803,-0.7383949110528575
70th percentile,373,-0.7465982811275271,-0.7794577538450803,-0.7383949110528575
70th percentile,374,-0.7465982811275271,-0.7794577538450803,-0.7383949110528575
70th percentile,375,-0.7465982811275271,-0.7794577538450803,-0.7383949110528575
70th percentile,376,-0.7467019633266465,-0.7794577538450803,-0.7383949110528575
70th percentile,377,-0.7467019633266465,-0.7794577538450803,-0.7383949110528575
70th percentile,378,-0.7467019633266465,-0.7794577538450803,-0.7383949110528575
70th percentile,379,-0.7467019633266465,-0.7794577538450803,-0.7383949110528575
70th percentile,380,-0.7470105744742309,-0.7794577538450803,-0.7402070248201028
70th percentile,381,-0.7470105744742309,-0.7794577538450803,-0.7402070248201028
70th percentile,382,-0.7470105744742309,-0.7794577538450803,-0.7402070248201028
70th percentile,383,-0.7470105744742309,-0.7794577538450803,-0.7402070248201028
70th percentile,384,-0.7470105744742309,-0.7794577538450803,-0.7402070248201028
70th percentile,385,-0.7470105744742309,-0.7794577538450803,-0.7402070248201028
70th percentile,386,-0.7470105744742309,-0.7794577538450803,-0.7402070248201028
70th percentile,387,-0.7470105744742309,-0.7794577538450803,-0.7402070248201028
70th percentile,388,-0.7470105744742309,-0.7794577538450803,-0.7402070248201028
70th percentile,389,-0.7470105744742309,-0.7794577538450803,-0.7402070248201028
70th percentile,390,-0.7470105744742309,-0.7794577538450803,-0.7402070248201028
70th percentile,391,-0.7470105744742309,-0.7794577538450803,-0.7402070248201028
70th percentile,392,-0.747020561622376,-0.7794577538450803,-0.7402844252182266
70th percentile,393,-0.747020561622376,-0.7794577538450803,-0.7402844252182266
70th percentile,394,-0.747020561622376,-0.7794577538450803,-0.7402844252182266
70th percentile,395,-0.747020561622376,-0.7794577538450803,-0.7402844252182266
70th percentile,396,-0.747020561622376,-0.7794577538450803,-0.7402844252182266
70th percentile,397,-0.747020561622376,-0.7794577538450803,-0.7402844252182266
70th percentile,398,-0.747020561622376,-0.7794577538450803,-0.7402844252182266
70th percentile,399,-0.747020561622376,-0.7794577538450803,-0.7402844252182266
70th percentile,400,-0.7470263793350587,-0.7794577538450803,-0.7403295124915173
70th percentile,401,-0.7470263793350587,-0.7794577538450803,-0.7403295124915173
70th percentile,402,-0.7470263793350587,-0.7794577538450803,-0.7403295124915173
70th percentile,403,-0.7470264884784834,-0.7794577538450803,-0.7403303583530595
70th percentile,404,-0.7470264884784834,-0.7794577538450803,-0.7403303583530595
70th percentile,405,-0.7470264884784834,-0.7794577538450803,-0.7403303583530595
70th percentile,406,-0.7470264884784834,-0.7794577538450803,-0.7403303583530595
70th percentile,407,-0.7470264884784834,-0.7794577538450803,-0.7403303583530595
70th percentile,408,-0.7470264884784834,-0.7794577538450803,-0.7403303583530595
70th percentile,409,-0.7470264884784834,-0.7794577538450803,-0.7403303583530595
70th percentile,410,-0.7470264884784834,-0.7794577538450803,-0.7403303583530595
70th percentile,411,-0.7470264884784834,-0.7794577538450803,-0.7403303583530595
70th percentile,412,-0.7470264884784834,-0.7794577538450803,-0.7403303583530595
70th percentile,413,-0.7470264884784834,-0.7794577538450803,-0.7403303583530595
70th percentile,414,-0.7470264884784834,-0.7794577538450803,-0.7403303583530595
70th percentile,415,-0.7470270975706377,-0.7794577538450803,-0.740335078817255
70th percentile,416,-0.7470270975706377,-0.7794577538450803,-0.740335078817255
70th percentile,417,-0.7470270975706377,-0.7794577538450803,-0.740335078817255
70th percentile,418,-0.7470270975706377,-0.7794577538450803,-0.740335078817255
70th percentile,419,-0.7470270975706377,-0.7794577538450803,-0.740335078817255
70th percentile,420,-0.7470270975706377,-0.7794577538450803,-0.740335078817255
70th percentile,421,-0.7470270975706377,-0.7794577538450803,-0.740335078817255
70th percentile,422,-0.7470270975706377,-0.7794577538450803,-0.740335078817255
70th percentile,423,-0.7470270975706377,-0.7794577538450803,-0.740335078817255
70th percentile,424,-0.7470270975706377,-0.7794577538450803,-0.740335078817255
70th percentile,425,-0.7470270975706377,-0.7794577538450803,-0.740335078817255
70th percentile,426,-0.7470270975706377,-0.7794577538450803,-0.740335078817255
70th percentile,427,-0.7470270975706377,-0.7794577538450803,-0.740335078817255
70th percentile,428,-0.7470322200093757,-0.7794577538450803,-0.740335078817255
70th percentile,429,-0.7470322200093757,-0.7794577538450803,-0.740335078817255
70th percentile,430,-0.7470322200093757,-0.7794577538450803,-0.740335078817255
70th percentile,431,-0.7470322388076003,-0.7794577538450803,-0.7403352245034954
70th percentile,432,-0.7470322388076003,-0.7794577538450803,-0.7403352245034954
70th percentile,433,-0.7470322388076003,-0.7794577538450803,-0.7403352245034954
70th percentile,434,-0.7470322388076003,-0.7794577538450803,-0.7403352245034954
70th percentile,435,-0.7470322388076003,-0.7794577538450803,-0.7403352245034954
70th percentile,436,-0.7470322388076003,-0.7794577538450803,-0.7403352245034954
70th percentile,437,-0.7470322388076003,-0.7794577538450803,-0.7403352245034954
70th percentile,438,-0.7470322388076003,-0.7794577538450803,-0.7403352245034954
70th percentile,439,-0.7470322388076003,-0.7794577538450803,-0.7403352245034954
70th percentile,440,-0.7470322388076003,-0.7794577538450803,-0.7403352245034954
70th percentile,441,-0.7470361297254654,-0.7794577538450803,-0.7403352245034954
70th percentile,442,-0.7470361297254654,-0.7794577538450803,-0.7403352245034954
70th percentile,443,-0.7470361297254654,-0.7794577538450803,-0.7403352245034954
70th percentile,444,-0.7470361297254654,-0.7794577538450803,-0.7403352245034954
70th percentile,445,-0.7470361297254654,-0.7794577538450803,-0.7403352245034954
70th percentile,446,-0.7470361297254654,-0.7794577538450803,-0.7403352245034954
70th percentile,447,-0.7470361297254654,-0.7794577538450803,-0.7403352245034954
70th percentile,448,-0.7471208431786878,-0.7794577538450803,-0.7403352245034954
70th percentile,449,-0.7471208431786878,-0.7794577538450803,-0.7403352245034954
70th percentile,450,-0.7471208431786878,-0.7794577538450803,-0.7403352245034954
70th percentile,451,-0.7471208431786878,-0.7794577538450803,-0.7403352245034954
70th percentile,452,-0.7471208431786878,-0.7794577538450803,-0.7403352245034954
70th percentile,453,-0.7471208431786878,-0.7794577538450803,-0.7403352245034954
70th percentile,454,-0.7471208431786878,-0.7794577538450803,-0.7403352245034954
70th percentile,455,-0.7471214368848507,-0.7794577538450803,-0.7403352245034954
70th percentile,456,-0.7471214368848507,-0.7794577538450803,-0.7403352245034954
70th percentile,457,-0.7481038061574996,-0.7794577538450803,-0.7403352245034954
70th percentile,458,-0.7481038816131055,-0.7794577538450803,-0.7403358092844413
70th percentile,459,-0.7481038816131055,-0.7794577538450803,-0.7403358092844413
70th percentile,460,-0.7481038816131055,-0.7794577538450803,-0.7403358092844413
70th percentile,461,-0.7481038816131055,-0.7794577538450803,-0.7403358092844413
70th percentile,462,-0.7481038816131055,-0.7794577538450803,-0.7403358092844413
70th percentile,463,-0.7481038816131055,-0.7794577538450803,-0.7403358092844413
70th percentile,464,-0.7481038816131055,-0.7794577538450803,-0.7403358092844413
70th percentile,465,-0.7481038816131055,-0.7794577538450803,-0.7403358092844413
70th percentile,466,-0.7481038816131055,-0.7794577538450803,-0.7403358092844413
70th percentile,467,-0.7481038816131055,-0.7794577538450803,-0.7403358092844413
70th percentile,468,-0.7481038816131055,-0.7794577538450803,-0.7403358092844413
70th percentile,469,-0.7481038816131055,-0.7794577538450803,-0.7403358092844413
70th percentile,470,-0.7481038816131055,-0.7794577538450803,-0.7403358092844413
70th percentile,471,-0.7481038816131055,-0.7794577538450803,-0.7403358092844413
70th percentile,472,-0.7481038816131055,-0.7794577538450803,-0.7403358092844413
70th percentile,473,-0.7481038816131055,-0.7794577538450803,-0.7403358092844413
70th percentile,474,-0.7481038816131055,-0.7794577538450803,-0.7403358092844413
70th percentile,475,-0.7481038816131055,-0.7794577538450803,-0.7403358092844413
70th percentile,476,-0.7481038816131055,-0.7794577538450803,-0.7403358092844413
70th percentile,477,-0.7481038816131055,-0.7794577538450803,-0.7403358092844413
70th percentile,478,-0.7481038816131055,-0.7794577538450803,-0.7403358092844413
70th percentile,479,-0.7481038816131055,-0.7794577538450803,-0.7403358092844413
70th percentile,480,-0.7481038816131055,-0.7794577538450803,-0.7403358092844413
70th percentile,481,-0.7481038816131055,-0.7794577538450803,-0.7403358092844413
70th percentile,482,-0.7481038816131055,-0.7794577538450803,-0.7403358092844413
70th percentile,483,-0.7481038816131055,-0.7794577538450803,-0.7403358092844413
70th percentile,484,-0.7481038816131055,-0.7794577538450803,-0.7403358092844413
70th percentile,485,-0.7481079738788131,-0.7794577538450803,-0.7403358092844413
70th percentile,486,-0.7481079738788131,-0.7794577538450803,-0.7403358092844413
70th percentile,487,-0.7481079738788131,-0.7794577538450803,-0.7403358092844413
70th percentile,488,-0.7481079738788131,-0.7794577538450803,-0.7403358092844413
70th percentile,489,-0.7481079738788131,-0.7794577538450803,-0.7403358092844413
70th percentile,490,-0.7481079738788131,-0.7794577538450803,-0.7403358092844413
70th percentile,491,-0.7481079738788131,-0.7794577538450803,-0.7403358092844413
70th percentile,492,-0.7481079738788131,-0.7794577538450803,-0.7403358092844413
70th percentile,493,-0.7481079738788131,-0.7794577538450803,-0.7403358092844413
70th percentile,494,-0.7481079738788131,-0.7794577538450803,-0.7403358092844413
70th percentile,495,-0.7481079738788131,-0.7794577538450803,-0.7403358092844413
70th percentile,496,-0.7481079738788131,-0.7794577538450803,-0.7403358092844413
70th percentile,497,-0.7481079738788131,-0.7794577538450803,-0.7403358092844413
70th percentile,498,-0.7481079738788131,-0.7794577538450803,-0.7403358092844413
70th percentile,499,-0.7481079738788131,-0.7794577538450803,-0.7403358092844413
70th percentile,500,-0.7481079738788131,-0.7794577538450803,-0.7403358092844413
80th percentile,1,-0.5014757774828158,-0.6257167640171107,-0.3758251870472581
80th percentile,2,-0.5413478523305699,-0.6257167640171107,-0.41371196454806247
80th percentile,3,-0.5763225267275265,-0.6265673363465252,-0.503753539269554
80th percentile,4,-0.6096293865138415,-0.6473375623633792,-0.5345841783073066
80th percentile,5,-0.6351415827652344,-0.6559113405479998,-0.5993746265505169
80th percentile,6,-0.6482021438174999,-0.6586899086272358,-0.6281678600571623
80th percentile,7,-0.6518528172468183,-0.6785190269741745,-0.628923855922071
80th percentile,8,-0.6547868564457382,-0.6807980331608835,-0.6323373619680365
80th percentile,9,-0.6635957681241758,-0.6839064729266906,-0.64716933622754
80th percentile,10,-0.6721081027301268,-0.6900154300361582,-0.6550031411160322
80th percentile,11,-0.6768613589997565,-0.6900154300361582,-0.6583952901240405
80th percentile,12,-0.6799938410320789,-0.6900154300361582,-0.6623868449001202
80th percentile,13,-0.6819548982058354,-0.6900154300361582,-0.6741005370288172
80th percentile,14,-0.6826402273178744,-0.6936601252307919,-0.6741005370288172
80th percentile,15,-0.6851942281364025,-0.6941117941933244,-0.6748352957928445
80th percentile,16,-0.6852247423442867,-0.6941117941933244,-0.6748352957928445
80th percentile,17,-0.6856335638183151,-0.6941117941933244,-0.6748352957928445
80th percentile,18,-0.6861496819816347,-0.6941117941933244,-0.6772739798689451
80th percentile,19,-0.6861496819816347,-0.6941117941933244,-0.6772739798689451
80th percentile,20,-0.6862409712265818,-0.6941117941933244,-0.6774577940269481
80th percentile,21,-0.6868627273178772,-0.6982364923897354,-0.6774577940269481
80th percentile,22,-0.686903351557856,-0.6983095862575559,-0.6774577940269481
80th percentile,23,-0.6869430456725217,-0.6983095862575559,-0.6775471057849463
80th percentile,24,-0.6887872059425002,-0.7071328320929894,-0.6775471057849463
80th percentile,25,-0.6891856153037395,-0.7099578320201884,-0.6775471057849463
80th percentile,26,-0.689378988026718,-0.7108976334901292,-0.6775471057849463
80th percentile,27,-0.6897472548448371,-0.7108976334901292,-0.6793351686630527
80th percentile,28,-0.6911333953218477,-0.7150780400790321,-0.6793592981068088
80th percentile,29,-0.6911561030223445,-0.7150780400790321,-0.6793592981068088
80th percentile,30,-0.6914123257132823,-0.7150780400790321,-0.6793592981068088
80th percentile,31,-0.6914289148555257,-0.7151088992116381,-0.6793592981068088
80th percentile,32,-0.6914296033638376,-0.7151088992116381,-0.6793592981068088
80th percentile,33,-0.6914305400000651,-0.7151088992116381,-0.6793592981068088
80th percentile,34,-0.6932940203742962,-0.7163749199687034,-0.6810264997578164
80th percentile,35,-0.6933445069922318,-0.7163749199687034,-0.6810264997578164
80th percentile,36,-0.6943306316394503,-0.7173279327470572,-0.6810484424048749
80th percentile,37,-0.694330702653471,-0.7173279327470572,-0.6810484424048749
80th percentile,38,-0.694464783610887,-0.7176296149012436,-0.6810484424048749
80th percentile,39,-0.6952416046726768,-0.7177365387950922,-0.6810484424048749
80th percentile,40,-0.6953163703171683,-0.7177365387950922,-0.6813704322856095
80th percentile,41,-0.6956096235682323,-0.7178730672750508,-0.6813704322856095
80th percentile,42,-0.6957414534892485,-0.7180207850223631,-0.6813704322856095
80th percentile,43,-0.6959803667915122,-0.7180207850223631,-0.6832220103781542
80th percentile,44,-0.6959803667915122,-0.7180207850223631,-0.6832220103781542
80th percentile,45,-0.697044337191209,-0.7180207850223631,-0.683506235755773
80th percentile,46,-0.69855674287043,-0.7199499620942983,-0.6835190225804642
80th percentile,47,-0.6986179254645197,-0.7199499620942983,-0.6835989210322458
80th percentile,48,-0.699163192733605,-0.7199499620942983,-0.6877936239968165
80th percentile,49,-0.7000640620139764,-0.7199499620942983,-0.6877936239968165
80th percentile,50,-0.7006365980401023,-0.7199499620942983,-0.6894848508714506
80th percentile,51,-0.7025921925564375,-0.7199499620942983,-0.689521700338797
80th percentile,52,-0.7025921925564375,-0.7199499620942983,-0.689521700338797
80th percentile,53,-0.7040506399749505,-0.7254146907599741,-0.689521700338797
80th percentile,54,-0.7046885770745364,-0.7283760940116754,-0.689521700338797
80th percentile,55,-0.704689201925229,-0.7283760940116754,-0.6895231062528556
80th percentile,56,-0.7061699084815791,-0.7283760940116754,-0.6895231062528556
80th percentile,57,-0.7061699084815791,-0.7283760940116754,-0.6895231062528556
80th percentile,58,-0.7061699084815791,-0.7283760940116754,-0.6895231062528556
80th percentile,59,-0.7061699084815791,-0.7283760940116754,-0.6895231062528556
80th percentile,60,-0.7061699084815791,-0.7283760940116754,-0.6895231062528556
80th percentile,61,-0.7065447838396747,-0.7283760940116754,-0.6895231062528556
80th percentile,62,-0.7065447838396747,-0.7283760940116754,-0.6895231062528556
80th percentile,63,-0.7074176810237536,-0.7283760940116754,-0.6895231062528556
80th percentile,64,-0.7074373574240622,-0.7283760940116754,-0.6895240155169482
80th percentile,65,-0.7081137973230178,-0.7283760940116754,-0.6912780431766028
80th percentile,66,-0.7081213621862676,-0.7283760940116754,-0.6912817747878963
80th percentile,67,-0.7089319624786785,-0.7293399506361389,-0.6914292670589118
80th percentile,68,-0.7094181756507589,-0.7318240537619274,-0.6914292670589118
80th percentile,69,-0.7107418462297872,-0.736706862464028,-0.6914292670589118
80th percentile,70,-0.7107424150263606,-0.736706862464028,-0.6914292670589118
80th percentile,71,-0.7107893223828947,-0.7367527591066563,-0.6914292670589118
80th percentile,72,-0.7107968040025209,-0.7367695927508152,-0.6914292670589118
80th percentile,73,-0.7107992339737214,-0.7367750601860162,-0.6914292670589118
80th percentile,74,-0.7108010698418628,-0.7367750601860162,-0.6914292670589118
80th percentile,75,-0.7108010698418628,-0.7367750601860162,-0.6914292670589118
80th percentile,76,-0.7108659735777971,-0.7367750601860162,-0.6914292670589118
80th percentile,77,-0.7113565096290784,-0.7367750601860162,-0.6914292670589118
80th percentile,78,-0.7121609283775687,-0.7367750601860162,-0.6914292670589118
80th percentile,79,-0.7121614587214258,-0.7367750601860162,-0.6914304603325903
80th percentile,80,-0.712449967824079,-0.7367750601860162,-0.6914820502878521
80th percentile,81,-0.712525637256542,-0.7367750601860162,-0.691939539253794
80th percentile,82,-0.7133129994772222,-0.7367750601860162,-0.691939539253794
80th percentile,83,-0.7136781578415683,-0.7367750601860162,-0.6939287030984373
80th percentile,84,-0.7152349926085371,-0.7367750601860162,-0.6939287030984373
80th percentile,85,-0.7152355979304315,-0.7367750601860162,-0.6939287030984373
80th percentile,86,-0.7152740730993451,-0.7368182880719609,-0.6939287030984373
80th percentile,87,-0.7152740730993451,-0.7368182880719609,-0.6939287030984373
80th percentile,88,-0.7152740730993451,-0.7368182880719609,-0.6939287030984373
80th percentile,89,-0.7153072226627817,-0.7368182880719609,-0.6940018731173049
80th percentile,90,-0.7153297983957007,-0.7368182880719609,-0.6941003712485493
80th percentile,91,-0.7153863242411294,-0.7368182880719609,-0.6941620248430339
80th percentile,92,-0.7153863242411294,-0.7368182880719609,-0.6941620248430339
80th percentile,93,-0.7157855280060205,-0.7368182880719609,-0.6941620248430339
80th percentile,94,-0.7157855793527628,-0.7368182880719609,-0.6941620248430339
80th percentile,95,-0.7165252526102225,-0.7368182880719609,-0.6966959829281184
80th percentile,96,-0.7171056284881909,-0.7381194953833752,-0.6966959829281184
80th percentile,97,-0.7171535911823427,-0.7381194953833752,-0.6966959829281184
80th percentile,98,-0.7172144366077776,-0.7381194953833752,-0.6966959829281184
80th percentile,99,-0.7172144366077776,-0.7381194953833752,-0.6966959829281184
80th percentile,100,-0.7172307072154157,-0.7381194953833752,-0.6966959829281184
80th percentile,101,-0.7172307072154157,-0.7381194953833752,-0.6966959829281184
80th percentile,102,-0.7175772153186004,-0.7381194953833752,-0.6966959829281184
80th percentile,103,-0.7175800428664975,-0.7381194953833752,-0.6967178964243209
80th percentile,104,-0.7176189515336195,-0.7381194953833752,-0.6967178964243209
80th percentile,105,-0.7176373585059242,-0.7381194953833752,-0.6968605504596819
80th percentile,106,-0.7176403519976919,-0.7381194953833752,-0.6968605504596819
80th percentile,107,-0.7176403519976919,-0.7381194953833752,-0.6968605504596819
80th percentile,108,-0.7176403519976919,-0.7381194953833752,-0.6968605504596819
80th percentile,109,-0.7176405952042376,-0.7381194953833752,-0.6968605504596819
80th percentile,110,-0.7176405952042376,-0.7381194953833752,-0.6968605504596819
80th percentile,111,-0.7176405952042376,-0.7381194953833752,-0.6968605504596819
80th percentile,112,-0.7176405952042376,-0.7381194953833752,-0.6968605504596819
80th percentile,113,-0.7190553272725416,-0.7382443876479198,-0.6968605504596819
80th percentile,114,-0.7190553272725416,-0.7382443876479198,-0.6968605504596819
80th percentile,115,-0.7190656937094025,-0.7382443876479198,-0.6969408903453543
80th percentile,116,-0.7190991837341281,-0.7382443876479198,-0.6969408903453543
80th percentile,117,-0.7206088392000258,-0.7382443876479198,-0.6973854901394663
80th percentile,118,-0.7206088392000258,-0.7382443876479198,-0.6973854901394663
80th percentile,119,-0.7217637393229464,-0.7382443876479198,-0.6995747255876502
80th percentile,120,-0.7236080309303651,-0.7382443876479198,-0.7131873500263375
80th percentile,121,-0.7236080309303651,-0.7382443876479198,-0.7131873500263375
80th percentile,122,-0.724044857259058,-0.7382443876479198,-0.7131873500263375
80th percentile,123,-0.724044857259058,-0.7382443876479198,-0.7131873500263375
80th percentile,124,-0.7240504350507928,-0.7382569376793231,-0.7131873500263375
80th percentile,125,-0.7240538645324768,-0.7382569376793231,-0.7131873500263375
80th percentile,126,-0.7240538645324768,-0.7382569376793231,-0.7131873500263375
80th percentile,127,-0.7240538645324768,-0.7382569376793231,-0.7131873500263375
80th percentile,128,-0.7240538645324768,-0.7382569376793231,-0.7131873500263375
80th percentile,129,-0.7240538645324768,-0.7382569376793231,-0.7131873500263375
80th percentile,130,-0.7240538645324768,-0.7382569376793231,-0.7131873500263375
80th percentile,131,-0.7240538645324768,-0.7382569376793231,-0.7131873500263375
80th percentile,132,-0.7240538645324768,-0.7382569376793231,-0.7131873500263375
80th percentile,133,-0.7240538645324768,-0.7382569376793231,-0.7131873500263375
80th percentile,134,-0.724460654581562,-0.7382569376793231,-0.7131873500263375
80th percentile,135,-0.7263027317893432,-0.7382569376793231,-0.7145433306000947
80th percentile,136,-0.7263027317893432,-0.7382569376793231,-0.7145433306000947
80th percentile,137,-0.7263027317893432,-0.7382569376793231,-0.7145433306000947
80th percentile,138,-0.7263027317893432,-0.7382569376793231,-0.7145433306000947
80th percentile,139,-0.7263794473504634,-0.7382569376793231,-0.7145433306000947
80th percentile,140,-0.7263794473504634,-0.7382569376793231,-0.7145433306000947
80th percentile,141,-0.7264101882878579,-0.7382569376793231,-0.7145433306000947
80th percentile,142,-0.72659147788068,-0.7382569376793231,-0.7145433306000947
80th percentile,143,-0.7266515349435493,-0.7382569376793231,-0.7146784589915507
80th percentile,144,-0.726675298820182,-0.7382569376793231,-0.7146784589915507
80th percentile,145,-0.7271074226718696,-0.7382569376793231,-0.7149800011617476
80th percentile,146,-0.7271074226718696,-0.7382569376793231,-0.7149800011617476
80th percentile,147,-0.7271703616933158,-0.7382569376793231,-0.7149800011617476
80th percentile,148,-0.7271759394850507,-0.7382569376793231,-0.7149800011617476
80th percentile,149,-0.727672822876613,-0.7382569376793231,-0.7169604052391707
80th percentile,150,-0.7287329433440475,-0.7464728713019406,-0.7169604052391707
80th percentile,151,-0.7287329433440475,-0.7464728713019406,-0.7169604052391707
80th percentile,152,-0.7287329433440475,-0.7464728713019406,-0.7169604052391707
80th percentile,153,-0.7287329433440475,-0.7464728713019406,-0.7169604052391707
80th percentile,154,-0.7287329433440475,-0.7464728713019406,-0.7169604052391707
80th percentile,155,-0.7306349774659193,-0.7553829731755568,-0.7169604052391707
80th percentile,156,-0.7316157594280643,-0.7553829731755568,-0.7169604052391707
80th percentile,157,-0.7316157594280643,-0.7553829731755568,-0.7169604052391707
80th percentile,158,-0.7316157594280643,-0.7553829731755568,-0.7169604052391707
80th percentile,159,-0.7316157594280643,-0.7553829731755568,-0.7169604052391707
80th percentile,160,-0.7316157594280643,-0.7553829731755568,-0.7169604052391707
80th percentile,161,-0.7324759261229252,-0.7571398366020927,-0.7169604052391707
80th percentile,162,-0.7324759261229252,-0.7571398366020927,-0.7169604052391707
80th percentile,163,-0.7324994101322438,-0.7571398366020927,-0.7169604052391707
80th percentile,164,-0.7324994101322438,-0.7571398366020927,-0.7169604052391707
80th percentile,165,-0.7325549178053749,-0.7572647288666373,-0.7169604052391707
80th percentile,166,-0.7325549178053749,-0.7572647288666373,-0.7169604052391707
80th percentile,167,-0.7325549178053749,-0.7572647288666373,-0.7169604052391707
80th percentile,168,-0.7325549178053749,-0.7572647288666373,-0.7169604052391707
80th percentile,169,-0.733495884874311,-0.7572647288666373,-0.717049384526761
80th percentile,170,-0.733769348335269,-0.7572647288666373,-0.7186823586051299
80th percentile,171,-0.733852674536139,-0.7572647288666373,-0.7186823586051299
80th percentile,172,-0.7340169300408417,-0.7572647288666373,-0.7186823586051299
80th percentile,173,-0.7343615155724962,-0.7572647288666373,-0.7186823586051299
80th percentile,174,-0.7352075005873719,-0.7580174462352686,-0.7186823586051299
80th percentile,175,-0.7352464092544941,-0.7580174462352686,-0.7187699031061547
80th percentile,176,-0.7354327257858314,-0.7580174462352686,-0.7187699031061547
80th percentile,177,-0.7355212140694329,-0.7580174462352686,-0.719094487983165
80th percentile,178,-0.7360982638636446,-0.7580174462352686,-0.719094487983165
80th percentile,179,-0.736168444283706,-0.7580174462352686,-0.719094487983165
80th percentile,180,-0.7364249431184281,-0.7580174462352686,-0.719094487983165
80th percentile,181,-0.7364249431184281,-0.7580174462352686,-0.719094487983165
80th percentile,182,-0.7364249431184281,-0.7580174462352686,-0.719094487983165
80th percentile,183,-0.7365507885652727,-0.7589053176144291,-0.719094487983165
80th percentile,184,-0.7365507885652727,-0.7589053176144291,-0.719094487983165
80th percentile,185,-0.7365507885652727,-0.7589053176144291,-0.719094487983165
80th percentile,186,-0.7365507885652727,-0.7589053176144291,-0.719094487983165
80th percentile,187,-0.7365507885652727,-0.7589053176144291,-0.719094487983165
80th percentile,188,-0.7365507885652727,-0.7589053176144291,-0.719094487983165
80th percentile,189,-0.7365518218038739,-0.7589053176144291,-0.719094487983165
80th percentile,190,-0.7365518218038739,-0.7589053176144291,-0.719094487983165
80th percentile,191,-0.7368640965164657,-0.7589053176144291,-0.719094487983165
80th percentile,192,-0.7368672669000563,-0.7589053176144291,-0.7191190584559922
80th percentile,193,-0.736992601473619,-0.7591747703735421,-0.7191190584559922
80th percentile,194,-0.736992601473619,-0.7591747703735421,-0.7191190584559922
80th percentile,195,-0.7373876488701808,-0.7622363876968955,-0.7191190584559922
80th percentile,196,-0.7373876488701808,-0.7622363876968955,-0.7191190584559922
80th percentile,197,-0.7376981620367341,-0.7622363876968955,-0.7191190584559922
80th percentile,198,-0.7376981620367341,-0.7622363876968955,-0.7191190584559922
80th percentile,199,-0.7376981620367341,-0.7622363876968955,-0.7191190584559922
80th percentile,200,-0.7376981620367341,-0.7622363876968955,-0.7191190584559922
80th percentile,201,-0.737698163427885,-0.7622363876968955,-0.7191190584559922
80th percentile,202,-0.737698163427885,-0.7622363876968955,-0.7191190584559922
80th percentile,203,-0.7376981637197815,-0.7622363876968955,-0.7191190584559922
80th percentile,204,-0.7376981666912014,-0.7622363876968955,-0.7191190584559922
80th percentile,205,-0.7377209464133058,-0.7622363876968955,-0.7191190584559922
80th percentile,206,-0.7377209464133058,-0.7622363876968955,-0.7191190584559922
80th percentile,207,-0.7377209464133058,-0.7622363876968955,-0.7191190584559922
80th percentile,208,-0.7377209464133058,-0.7622363876968955,-0.7191190584559922
80th percentile,209,-0.7377209464133058,-0.7622363876968955,-0.7191190584559922
80th percentile,210,-0.7377209464133058,-0.7622363876968955,-0.7191190584559922
80th percentile,211,-0.7377209464133058,-0.7622363876968955,-0.7191190584559922
80th percentile,212,-0.7377209464133058,-0.7622363876968955,-0.7191190584559922
80th percentile,213,-0.7377334970160235,-0.762333654867958,-0.7191190584559922
80th percentile,214,-0.7377334970160235,-0.762333654867958,-0.7191190584559922
80th percentile,215,-0.7377334970160235,-0.762333654867958,-0.7191190584559922
80th percentile,216,-0.7377334970160235,-0.762333654867958,-0.7191190584559922
80th percentile,217,-0.7377334970160235,-0.762333654867958,-0.7191190584559922
80th percentile,218,-0.7377334970160235,-0.762333654867958,-0.7191190584559922
80th percentile,219,-0.7377334970160235,-0.762333654867958,-0.7191190584559922
80th percentile,220,-0.7377334970160235,-0.762333654867958,-0.7191190584559922
80th percentile,221,-0.7377334970160235,-0.762333654867958,-0.7191190584559922
80th percentile,222,-0.7377334970160235,-0.762333654867958,-0.7191190584559922
80th percentile,223,-0.7377334970160235,-0.762333654867958,-0.7191190584559922
80th percentile,224,-0.7377942269657737,-0.762333654867958,-0.7191190584559922
80th percentile,225,-0.7377942269657737,-0.762333654867958,-0.7191190584559922
80th percentile,226,-0.7377942269657737,-0.762333654867958,-0.7191190584559922
80th percentile,227,-0.7377942269657737,-0.762333654867958,-0.7191190584559922
80th percentile,228,-0.7377942269657737,-0.762333654867958,-0.7191190584559922
80th percentile,229,-0.7377942269657737,-0.762333654867958,-0.7191190584559922
80th percentile,230,-0.7377942269657737,-0.762333654867958,-0.7191190584559922
80th percentile,231,-0.7377942269657737,-0.762333654867958,-0.7191190584559922
80th percentile,232,-0.7377942269657737,-0.762333654867958,-0.7191190584559922
80th percentile,233,-0.7377942269657737,-0.762333654867958,-0.7191190584559922
80th percentile,234,-0.7377942269657737,-0.762333654867958,-0.7191190584559922
80th percentile,235,-0.7377942269657737,-0.762333654867958,-0.7191190584559922
80th percentile,236,-0.7377942269657737,-0.762333654867958,-0.7191190584559922
80th percentile,237,-0.7377942269657737,-0.762333654867958,-0.7191190584559922
80th percentile,238,-0.7385005684093091,-0.762333654867958,-0.7191190584559922
80th percentile,239,-0.7385005684093091,-0.762333654867958,-0.7191190584559922
80th percentile,240,-0.7385005684093091,-0.762333654867958,-0.7191190584559922
80th percentile,241,-0.7385005684093091,-0.762333654867958,-0.7191190584559922
80th percentile,242,-0.7385005684093091,-0.762333654867958,-0.7191190584559922
80th percentile,243,-0.7385005684093091,-0.762333654867958,-0.7191190584559922
80th percentile,244,-0.7385005684093091,-0.762333654867958,-0.7191190584559922
80th percentile,245,-0.7385005684093091,-0.762333654867958,-0.7191190584559922
80th percentile,246,-0.7385005684093091,-0.762333654867958,-0.7191190584559922
80th percentile,247,-0.7385021627679206,-0.762333654867958,-0.7191190584559922
80th percentile,248,-0.7385021627679206,-0.762333654867958,-0.7191190584559922
80th percentile,249,-0.7385021627679206,-0.762333654867958,-0.7191190584559922
80th percentile,250,-0.7385021627679206,-0.762333654867958,-0.7191190584559922
80th percentile,251,-0.7385021627679206,-0.762333654867958,-0.7191190584559922
80th percentile,252,-0.7385021627679206,-0.762333654867958,-0.7191190584559922
80th percentile,253,-0.7385021627679206,-0.762333654867958,-0.7191190584559922
80th percentile,254,-0.7385021627679206,-0.762333654867958,-0.7191190584559922
80th percentile,255,-0.7385021627679206,-0.762333654867958,-0.7191190584559922
80th percentile,256,-0.7385021627679206,-0.762333654867958,-0.7191190584559922
80th percentile,257,-0.7385021627679206,-0.762333654867958,-0.7191190584559922
80th percentile,258,-0.7385021627679206,-0.762333654867958,-0.7191190584559922
80th percentile,259,-0.7385021627679206,-0.762333654867958,-0.7191190584559922
80th percentile,260,-0.7385021627679206,-0.762333654867958,-0.7191190584559922
80th percentile,261,-0.7385021627679206,-0.762333654867958,-0.7191190584559922
80th percentile,262,-0.7385021627679206,-0.762333654867958,-0.7191190584559922
80th percentile,263,-0.7385021627679206,-0.762333654867958,-0.7191190584559922
80th percentile,264,-0.7385021627679206,-0.762333654867958,-0.7191190584559922
80th percentile,265,-0.7386350539051734,-0.7626326599267766,-0.7191190584559922
80th percentile,266,-0.7386350539051734,-0.7626326599267766,-0.7191190584559922
80th percentile,267,-0.7386350539051734,-0.7626326599267766,-0.7191190584559922
80th percentile,268,-0.7386350539051734,-0.7626326599267766,-0.7191190584559922
80th percentile,269,-0.7386350539051734,-0.7626326599267766,-0.7191190584559922
80th percentile,270,-0.7386350539051734,-0.7626326599267766,-0.7191190584559922
80th percentile,271,-0.7386350539051734,-0.7626326599267766,-0.7191190584559922
80th percentile,272,-0.7386350539051734,-0.7626326599267766,-0.7191190584559922
80th percentile,273,-0.7386774818948825,-0.7626326599267766,-0.7191190584559922
80th percentile,274,-0.7386774818948825,-0.7626326599267766,-0.7191190584559922
80th percentile,275,-0.7386774818948825,-0.7626326599267766,-0.7191190584559922
80th percentile,276,-0.7386774818948825,-0.7626326599267766,-0.7191190584559922
80th percentile,277,-0.7386774818948825,-0.7626326599267766,-0.7191190584559922
80th percentile,278,-0.7386774818948825,-0.7626326599267766,-0.7191190584559922
80th percentile,279,-0.7386774818948825,-0.7626326599267766,-0.7191190584559922
80th percentile,280,-0.7386774818948825,-0.7626326599267766,-0.7191190584559922
80th percentile,281,-0.7386774818948825,-0.7626326599267766,-0.7191190584559922
80th percentile,282,-0.7386774818948825,-0.7626326599267766,-0.7191190584559922
80th percentile,283,-0.7386774818948825,-0.7626326599267766,-0.7191190584559922
80th percentile,284,-0.7386774818948825,-0.7626326599267766,-0.7191190584559922
80th percentile,285,-0.7386774818948825,-0.7626326599267766,-0.7191190584559922
80th percentile,286,-0.7386774818948825,-0.7626326599267766,-0.7191190584559922
80th percentile,287,-0.7386774818948825,-0.7626326599267766,-0.7191190584559922
80th percentile,288,-0.7386774818948825,-0.7626326599267766,-0.7191190584559922
80th percentile,289,-0.7387329895680134,-0.7630628443935412,-0.7191190584559922
80th percentile,290,-0.7387329895680134,-0.7630628443935412,-0.7191190584559922
80th percentile,291,-0.7387329895680134,-0.7630628443935412,-0.7191190584559922
80th percentile,292,-0.7387329895680134,-0.7630628443935412,-0.7191190584559922
80th percentile,293,-0.7387329895680134,-0.7630628443935412,-0.7191190584559922
80th percentile,294,-0.7387329895680134,-0.7630628443935412,-0.7191190584559922
80th percentile,295,-0.7387329895680134,-0.7630628443935412,-0.7191190584559922
80th percentile,296,-0.7387329895680134,-0.7630628443935412,-0.7191190584559922
80th percentile,297,-0.7387329895680134,-0.7630628443935412,-0.7191190584559922
80th percentile,298,-0.7387329895680134,-0.7630628443935412,-0.7191190584559922
80th percentile,299,-0.7387329895680134,-0.7630628443935412,-0.7191190584559922
80th percentile,300,-0.7391718371790914,-0.7630628443935412,-0.7191190584559922
80th percentile,301,-0.7391718371790914,-0.7630628443935412,-0.7191190584559922
80th percentile,302,-0.7391718371790914,-0.7630628443935412,-0.7191190584559922
80th percentile,303,-0.7391718371790914,-0.7630628443935412,-0.7191190584559922
80th percentile,304,-0.7391718371790914,-0.7630628443935412,-0.7191190584559922
80th percentile,305,-0.7391718371790914,-0.7630628443935412,-0.7191190584559922
80th percentile,306,-0.7391718371790914,-0.7630628443935412,-0.7191190584559922
80th percentile,307,-0.7391718371790914,-0.7630628443935412,-0.7191190584559922
80th percentile,308,-0.7391922571764127,-0.7630628443935412,-0.7191190584559922
80th percentile,309,-0.7391922571764127,-0.7630628443935412,-0.7191190584559922
80th percentile,310,-0.7391922571764127,-0.7630628443935412,-0.7191190584559922
80th percentile,311,-0.7391922571764127,-0.7630628443935412,-0.7191190584559922
80th percentile,312,-0.7391922571764127,-0.7630628443935412,-0.7191190584559922
80th percentile,313,-0.7391922571764127,-0.7630628443935412,-0.7191190584559922
80th percentile,314,-0.7391922571764127,-0.7630628443935412,-0.7191190584559922
80th percentile,315,-0.7391922571764127,-0.7630628443935412,-0.7191190584559922
80th percentile,316,-0.7391922571764127,-0.7630628443935412,-0.7191190584559922
80th percentile,317,-0.7391922571764127,-0.7630628443935412,-0.7191190584559922
80th percentile,318,-0.7391922571764127,-0.7630628443935412,-0.7191190584559922
80th percentile,319,-0.7391922571764127,-0.7630628443935412,-0.7191190584559922
80th percentile,320,-0.7391922571764127,-0.7630628443935412,-0.7191190584559922
80th percentile,321,-0.7391922571764127,-0.7630628443935412,-0.7191190584559922
80th percentile,322,-0.7391922571764127,-0.7630628443935412,-0.7191190584559922
80th percentile,323,-0.7391922571764127,-0.7630628443935412,-0.7191190584559922
80th percentile,324,-0.7391922571764127,-0.7630628443935412,-0.7191190584559922
80th percentile,325,-0.7391922571764127,-0.7630628443935412,-0.7191190584559922
80th percentile,326,-0.7391922571764127,-0.7630628443935412,-0.7191190584559922
80th percentile,327,-0.7391922571764127,-0.7630628443935412,-0.7191190584559922
80th percentile,328,-0.7391922571764127,-0.7630628443935412,-0.7191190584559922
80th percentile,329,-0.7391922571764127,-0.7630628443935412,-0.7191190584559922
80th percentile,330,-0.7391922571764127,-0.7630628443935412,-0.7191190584559922
80th percentile,331,-0.7391922571764127,-0.7630628443935412,-0.7191190584559922
80th percentile,332,-0.7391922571764127,-0.7630628443935412,-0.7191190584559922
80th percentile,333,-0.7391922571764127,-0.7630628443935412,-0.7191190584559922
80th percentile,334,-0.7391922571764127,-0.7630628443935412,-0.7191190584559922
80th percentile,335,-0.7391922571764127,-0.7630628443935412,-0.7191190584559922
80th percentile,336,-0.7391922571764127,-0.7630628443935412,-0.7191190584559922
80th percentile,337,-0.7391922571764127,-0.7630628443935412,-0.7191190584559922
80th percentile,338,-0.7391922571764127,-0.7630628443935412,-0.7191190584559922
80th percentile,339,-0.7391922571764127,-0.7630628443935412,-0.7191190584559922
80th percentile,340,-0.7391922571764127,-0.7630628443935412,-0.7191190584559922
80th percentile,341,-0.7391922571764127,-0.7630628443935412,-0.7191190584559922
80th percentile,342,-0.7391922571764127,-0.7630628443935412,-0.7191190584559922
80th percentile,343,-0.7391922571764127,-0.7630628443935412,-0.7191190584559922
80th percentile,344,-0.7391922571764127,-0.7630628443935412,-0.7191190584559922
80th percentile,345,-0.7391922571764127,-0.7630628443935412,-0.7191190584559922
80th percentile,346,-0.7391922571764127,-0.7630628443935412,-0.7191190584559922
80th percentile,347,-0.7391922571764127,-0.7630628443935412,-0.7191190584559922
80th percentile,348,-0.7391922571764127,-0.7630628443935412,-0.7191190584559922
80th percentile,349,-0.7391922571764127,-0.7630628443935412,-0.7191190584559922
80th percentile,350,-0.7391922571764127,-0.7630628443935412,-0.7191190584559922
80th percentile,351,-0.7391922571764127,-0.7630628443935412,-0.7191190584559922
80th percentile,352,-0.7391922571764127,-0.7630628443935412,-0.7191190584559922
80th percentile,353,-0.7391922571764127,-0.7630628443935412,-0.7191190584559922
80th percentile,354,-0.7391922571764127,-0.7630628443935412,-0.7191190584559922
80th percentile,355,-0.7391945625140013,-0.7630628443935412,-0.7191190584559922
80th percentile,356,-0.7391945625140013,-0.7630628443935412,-0.7191190584559922
80th percentile,357,-0.7391945625140013,-0.7630628443935412,-0.7191190584559922
80th percentile,358,-0.7391945625140013,-0.7630628443935412,-0.7191190584559922
80th percentile,359,-0.7391945625140013,-0.7630628443935412,-0.7191190584559922
80th percentile,360,-0.7391945625140013,-0.7630628443935412,-0.7191190584559922
80th percentile,361,-0.7391945625140013,-0.7630628443935412,-0.7191190584559922
80th percentile,362,-0.7391945625140013,-0.7630628443935412,-0.7191190584559922
80th percentile,363,-0.7391945625140013,-0.7630628443935412,-0.7191190584559922
80th percentile,364,-0.7391945625140013,-0.7630628443935412,-0.7191190584559922
80th percentile,365,-0.7391945625140013,-0.7630628443935412,-0.7191190584559922
80th percentile,366,-0.7391945625140013,-0.7630628443935412,-0.7191190584559922
80th percentile,367,-0.7391945625140013,-0.7630628443935412,-0.7191190584559922
80th percentile,368,-0.7391945625140013,-0.7630628443935412,-0.7191190584559922
80th percentile,369,-0.7391945625140013,-0.7630628443935412,-0.7191190584559922
80th percentile,370,-0.7391945625140013,-0.7630628443935412,-0.7191190584559922
80th percentile,371,-0.7391945625140013,-0.7630628443935412,-0.7191190584559922
80th percentile,372,-0.7391945625140013,-0.7630628443935412,-0.7191190584559922
80th percentile,373,-0.7391945625140013,-0.7630628443935412,-0.7191190584559922
80th percentile,374,-0.7391945625140013,-0.7630628443935412,-0.7191190584559922
80th percentile,375,-0.7391945625140013,-0.7630628443935412,-0.7191190584559922
80th percentile,376,-0.7391945625140013,-0.7630628443935412,-0.7191190584559922
80th percentile,377,-0.7391945625140013,-0.7630628443935412,-0.7191190584559922
80th percentile,378,-0.7391945625140013,-0.7630628443935412,-0.7191190584559922
80th percentile,379,-0.7392213509691211,-0.7630628443935412,-0.7191190584559922
80th percentile,380,-0.7392213509691211,-0.7630628443935412,-0.7191190584559922
80th percentile,381,-0.7392213509691211,-0.7630628443935412,-0.7191190584559922
80th percentile,382,-0.7392213509691211,-0.7630628443935412,-0.7191190584559922
80th percentile,383,-0.7392213509691211,-0.7630628443935412,-0.7191190584559922
80th percentile,384,-0.7392213509691211,-0.7630628443935412,-0.7191190584559922
80th percentile,385,-0.7392213509691211,-0.7630628443935412,-0.7191190584559922
80th percentile,386,-0.7392213509691211,-0.7630628443935412,-0.7191190584559922
80th percentile,387,-0.7392213509691211,-0.7630628443935412,-0.7191190584559922
80th percentile,388,-0.7392213509691211,-0.7630628443935412,-0.7191190584559922
80th percentile,389,-0.7392213509691211,-0.7630628443935412,-0.7191190584559922
80th percentile,390,-0.7392272772324794,-0.7630628443935412,-0.7191190584559922
80th percentile,391,-0.7392272772324794,-0.7630628443935412,-0.7191190584559922
80th percentile,392,-0.7392272772324794,-0.7630628443935412,-0.7191190584559922
80th percentile,393,-0.7392272772324794,-0.7630628443935412,-0.7191190584559922
80th percentile,394,-0.7392272772324794,-0.7630628443935412,-0.7191190584559922
80th percentile,395,-0.7392272772324794,-0.7630628443935412,-0.7191190584559922
80th percentile,396,-0.7392354753177658,-0.7630628443935412,-0.7191190584559922
80th percentile,397,-0.7392354753177658,-0.7630628443935412,-0.7191190584559922
80th percentile,398,-0.7392354753177658,-0.7630628443935412,-0.7191190584559922
80th percentile,399,-0.7392354753177658,-0.7630628443935412,-0.7191190584559922
80th percentile,400,-0.7392354753177658,-0.7630628443935412,-0.7191190584559922
80th percentile,401,-0.7392354753177658,-0.7630628443935412,-0.7191190584559922
80th percentile,402,-0.7392354753177658,-0.7630628443935412,-0.7191190584559922
80th percentile,403,-0.7392354753177658,-0.7630628443935412,-0.7191190584559922
80th percentile,404,-0.7392354753177658,-0.7630628443935412,-0.7191190584559922
80th percentile,405,-0.7392354753177658,-0.7630628443935412,-0.7191190584559922
80th percentile,406,-0.7392354753177658,-0.7630628443935412,-0.7191190584559922
80th percentile,407,-0.7392354753177658,-0.7630628443935412,-0.7191190584559922
80th percentile,408,-0.7392354753177658,-0.7630628443935412,-0.7191190584559922
80th percentile,409,-0.7392354753177658,-0.7630628443935412,-0.7191190584559922
80th percentile,410,-0.7392354753177658,-0.7630628443935412,-0.7191190584559922
80th percentile,411,-0.7392354753177658,-0.7630628443935412,-0.7191190584559922
80th percentile,412,-0.7392354753177658,-0.7630628443935412,-0.7191190584559922
80th percentile,413,-0.7392354753177658,-0.7630628443935412,-0.7191190584559922
80th percentile,414,-0.7392354753177658,-0.7630628443935412,-0.7191190584559922
80th percentile,415,-0.7392354753177658,-0.7630628443935412,-0.7191190584559922
80th percentile,416,-0.7392354753177658,-0.7630628443935412,-0.7191190584559922
80th percentile,417,-0.7392354753177658,-0.7630628443935412,-0.7191190584559922
80th percentile,418,-0.7392354753177658,-0.7630628443935412,-0.7191190584559922
80th percentile,419,-0.7392354753177658,-0.7630628443935412,-0.7191190584559922
80th percentile,420,-0.7392354753177658,-0.7630628443935412,-0.7191190584559922
80th percentile,421,-0.7392354753177658,-0.7630628443935412,-0.7191190584559922
80th percentile,422,-0.7392354753177658,-0.7630628443935412,-0.7191190584559922
80th percentile,423,-0.7392354753177658,-0.7630628443935412,-0.7191190584559922
80th percentile,424,-0.7392354753177658,-0.7630628443935412,-0.7191190584559922
80th percentile,425,-0.7392354753177658,-0.7630628443935412,-0.7191190584559922
80th percentile,426,-0.7392354753177658,-0.7630628443935412,-0.7191190584559922
80th percentile,427,-0.7392354753177658,-0.7630628443935412,-0.7191190584559922
80th percentile,428,-0.7392354753177658,-0.7630628443935412,-0.7191190584559922
80th percentile,429,-0.7392354753177658,-0.7630628443935412,-0.7191190584559922
80th percentile,430,-0.7392354753177658,-0.7630628443935412,-0.7191190584559922
80th percentile,431,-0.739472989323862,-0.7630628443935412,-0.7191190584559922
80th percentile,432,-0.739472989323862,-0.7630628443935412,-0.7191190584559922
80th percentile,433,-0.739472989323862,-0.7630628443935412,-0.7191190584559922
80th percentile,434,-0.739472989323862,-0.7630628443935412,-0.7191190584559922
80th percentile,435,-0.739472989323862,-0.7630628443935412,-0.7191190584559922
80th percentile,436,-0.739472989323862,-0.7630628443935412,-0.7191190584559922
80th percentile,437,-0.739472989323862,-0.7630628443935412,-0.7191190584559922
80th percentile,438,-0.739472989323862,-0.7630628443935412,-0.7191190584559922
80th percentile,439,-0.739472989323862,-0.7630628443935412,-0.7191190584559922
80th percentile,440,-0.739472989323862,-0.7630628443935412,-0.7191190584559922
80th percentile,441,-0.739472989323862,-0.7630628443935412,-0.7191190584559922
80th percentile,442,-0.739472989323862,-0.7630628443935412,-0.7191190584559922
80th percentile,443,-0.739472989323862,-0.7630628443935412,-0.7191190584559922
80th percentile,444,-0.739472989323862,-0.7630628443935412,-0.7191190584559922
80th percentile,445,-0.739472989323862,-0.7630628443935412,-0.7191190584559922
80th percentile,446,-0.739472989323862,-0.7630628443935412,-0.7191190584559922
80th percentile,447,-0.739472989323862,-0.7630628443935412,-0.7191190584559922
80th percentile,448,-0.739472989323862,-0.7630628443935412,-0.7191190584559922
80th percentile,449,-0.739472989323862,-0.7630628443935412,-0.7191190584559922
80th percentile,450,-0.739472989323862,-0.7630628443935412,-0.7191190584559922
80th percentile,451,-0.739472989323862,-0.7630628443935412,-0.7191190584559922
80th percentile,452,-0.739472989323862,-0.7630628443935412,-0.7191190584559922
80th percentile,453,-0.739472989323862,-0.7630628443935412,-0.7191190584559922
80th percentile,454,-0.739472989323862,-0.7630628443935412,-0.7191190584559922
80th percentile,455,-0.739472989323862,-0.7630628443935412,-0.7191190584559922
80th percentile,456,-0.739472989323862,-0.7630628443935412,-0.7191190584559922
80th percentile,457,-0.739472989323862,-0.7630628443935412,-0.7191190584559922
80th percentile,458,-0.739472989323862,-0.7630628443935412,-0.7191190584559922
80th percentile,459,-0.739472989323862,-0.7630628443935412,-0.7191190584559922
80th percentile,460,-0.739472989323862,-0.7630628443935412,-0.7191190584559922
80th percentile,461,-0.739472989323862,-0.7630628443935412,-0.7191190584559922
80th percentile,462,-0.739472989323862,-0.7630628443935412,-0.7191190584559922
80th percentile,463,-0.739472989323862,-0.7630628443935412,-0.7191190584559922
80th percentile,464,-0.739472989323862,-0.7630628443935412,-0.7191190584559922
80th percentile,465,-0.739472989323862,-0.7630628443935412,-0.7191190584559922
80th percentile,466,-0.739472989323862,-0.7630628443935412,-0.7191190584559922
80th percentile,467,-0.739472989323862,-0.7630628443935412,-0.7191190584559922
80th percentile,468,-0.739472989323862,-0.7630628443935412,-0.7191190584559922
80th percentile,469,-0.739472989323862,-0.7630628443935412,-0.7191190584559922
80th percentile,470,-0.739472989323862,-0.7630628443935412,-0.7191190584559922
80th percentile,471,-0.739472989323862,-0.7630628443935412,-0.7191190584559922
80th percentile,472,-0.739472989323862,-0.7630628443935412,-0.7191190584559922
80th percentile,473,-0.7394881232368465,-0.7630628443935412,-0.7191190584559922
80th percentile,474,-0.7394881232368465,-0.7630628443935412,-0.7191190584559922
80th percentile,475,-0.7394881232368465,-0.7630628443935412,-0.7191190584559922
80th percentile,476,-0.7394881232368465,-0.7630628443935412,-0.7191190584559922
80th percentile,477,-0.7394881232368465,-0.7630628443935412,-0.7191190584559922
80th percentile,478,-0.7394881232368465,-0.7630628443935412,-0.7191190584559922
80th percentile,479,-0.7394881232368465,-0.7630628443935412,-0.7191190584559922
80th percentile,480,-0.7394881232368465,-0.7630628443935412,-0.7191190584559922
80th percentile,481,-0.7394881232368465,-0.7630628443935412,-0.7191190584559922
80th percentile,482,-0.7394881232368465,-0.7630628443935412,-0.7191190584559922
80th percentile,483,-0.7394881232368465,-0.7630628443935412,-0.7191190584559922
80th percentile,484,-0.7394881232368465,-0.7630628443935412,-0.7191190584559922
80th percentile,485,-0.7394881232368465,-0.7630628443935412,-0.7191190584559922
80th percentile,486,-0.7394881232368465,-0.7630628443935412,-0.7191190584559922
80th percentile,487,-0.7394881232368465,-0.7630628443935412,-0.7191190584559922
80th percentile,488,-0.7394881232368465,-0.7630628443935412,-0.7191190584559922
80th percentile,489,-0.7394881232368465,-0.7630628443935412,-0.7191190584559922
80th percentile,490,-0.7394881232368465,-0.7630628443935412,-0.7191190584559922
80th percentile,491,-0.7394881232368465,-0.7630628443935412,-0.7191190584559922
80th percentile,492,-0.7394881232368465,-0.7630628443935412,-0.7191190584559922
80th percentile,493,-0.7394881232368465,-0.7630628443935412,-0.7191190584559922
80th percentile,494,-0.7394881232368465,-0.7630628443935412,-0.7191190584559922
80th percentile,495,-0.7394881232368465,-0.7630628443935412,-0.7191190584559922
80th percentile,496,-0.7394881232368465,-0.7630628443935412,-0.7191190584559922
80th percentile,497,-0.7394881232368465,-0.7630628443935412,-0.7191190584559922
80th percentile,498,-0.7394881232368465,-0.7630628443935412,-0.7191190584559922
80th percentile,499,-0.7394881232368465,-0.7630628443935412,-0.7191190584559922
80th percentile,500,-0.7394881232368465,-0.7630628443935412,-0.7191190584559922
90th percentile,1,-0.559949014674211,-0.6727377033335337,-0.4252238153399807
90th percentile,2,-0.5788033087216655,-0.6727377033335337,-0.45600663979610956
90th percentile,3,-0.6330625966999547,-0.7679799553138799,-0.5254373420196231
90th percentile,4,-0.6530911884041257,-0.769938001546741,-0.5574616169759281
90th percentile,5,-0.6677022494477708,-0.7722416314804313,-0.5635784690771648
90th percentile,6,-0.6833638904564674,-0.775539208230287,-0.6318100695956878
90th percentile,7,-0.6863406412580794,-0.7767767879711974,-0.6318100695956878
90th percentile,8,-0.6950043433951938,-0.78099784279304,-0.6430614527531964
90th percentile,9,-0.7016589849610655,-0.7869289197474649,-0.6540871073916509
90th percentile,10,-0.7093582700608283,-0.7885312443607992,-0.6662515861570039
90th percentile,11,-0.7124687304781914,-0.7885312443607992,-0.6840804531169716
90th percentile,12,-0.714474557929416,-0.7885312443607992,-0.6854655789843734
90th percentile,13,-0.7182525403948553,-0.7912535721034121,-0.6854655789843734
90th percentile,14,-0.7244469372416213,-0.7933845679076234,-0.6876921903461155
90th percentile,15,-0.7341344295743067,-0.8092034955967236,-0.6921474924085779
90th percentile,16,-0.7430169693548415,-0.8426841043110237,-0.7052305017685572
90th percentile,17,-0.7471993368832897,-0.8599082872562296,-0.7052305017685572
90th percentile,18,-0.7471993368832897,-0.8599082872562296,-0.7052305017685572
90th percentile,19,-0.7483892352022353,-0.8691299992280577,-0.7052305017685572
90th percentile,20,-0.7513008168872297,-0.8742703198527092,-0.7052305017685572
90th percentile,21,-0.7525519683799328,-0.8782475354961253,-0.706997104640233
90th percentile,22,-0.7530119431513003,-0.8782475354961253,-0.7101645315135016
90th percentile,23,-0.7551002573950532,-0.8915060703368599,-0.7104637874567097
90th percentile,24,-0.7552107754521388,-0.8917481508192385,-0.7104703726027737
90th percentile,25,-0.7568911201816506,-0.8917481508192385,-0.7104703726027737
90th percentile,26,-0.756906803864019,-0.8918696993575934,-0.7104703726027737
90th percentile,27,-0.7573132208803962,-0.89198790758521,-0.7104703726027737
90th percentile,28,-0.7593721717832304,-0.8920102060361373,-0.7104703726027737
90th percentile,29,-0.7597003028912632,-0.8920102060361373,-0.7104784573460726
90th percentile,30,-0.7602321784230226,-0.8921629446675282,-0.7104784573460726
90th percentile,31,-0.7605440650443768,-0.8928236900844425,-0.7104784573460726
90th percentile,32,-0.7629141941985702,-0.9034833068098876,-0.7132495805363933
90th percentile,33,-0.7638137755721048,-0.9034833068098876,-0.7132495805363933
90th percentile,34,-0.7638328039640377,-0.9035261206917365,-0.7132495805363933
90th percentile,35,-0.7638627629645488,-0.9035556797388608,-0.7132495805363933
90th percentile,36,-0.7640665415994713,-0.9043607226625803,-0.7132495805363933
90th percentile,37,-0.7646205718809391,-0.9043607226625803,-0.7132495805363933
90th percentile,38,-0.7650320467635235,-0.9043607226625803,-0.716393207604538
90th percentile,39,-0.7653615767291748,-0.9043607226625803,-0.716393207604538
90th percentile,40,-0.7653615767291748,-0.9043607226625803,-0.716393207604538
90th percentile,41,-0.7669140286316904,-0.9043607226625803,-0.716393207604538
90th percentile,42,-0.7669669418812362,-0.9043607226625803,-0.716393207604538
90th percentile,43,-0.7669852890762232,-0.9043607226625803,-0.716393207604538
90th percentile,44,-0.7669852890762232,-0.9043607226625803,-0.716393207604538
90th percentile,45,-0.7669852890762232,-0.9043607226625803,-0.716393207604538
90th percentile,46,-0.7670445752558087,-0.9043607226625803,-0.716393207604538
90th percentile,47,-0.7670445752558087,-0.9043607226625803,-0.716393207604538
90th percentile,48,-0.7671094789917431,-0.9043607226625803,-0.716393207604538
90th percentile,49,-0.7684040227448381,-0.9043607226625803,-0.716393207604538
90th percentile,50,-0.7698207306692,-0.9043607226625803,-0.7188632777515985
90th percentile,51,-0.7698207306692,-0.9043607226625803,-0.7188632777515985
90th percentile,52,-0.7702733650923054,-0.9043607226625803,-0.7197241831132508
90th percentile,53,-0.7725099574454153,-0.9191014871070857,-0.7197241831132508
90th percentile,54,-0.7725769771207207,-0.9191014871070857,-0.7197241831132508
90th percentile,55,-0.7726087747056849,-0.9191014871070857,-0.7197241831132508
90th percentile,56,-0.7726090770504308,-0.9191014871070857,-0.7197265262850319
90th percentile,57,-0.7732902478966841,-0.9191014871070857,-0.7197265262850319
90th percentile,58,-0.7733213921133648,-0.9191014871070857,-0.7197265262850319
90th percentile,59,-0.7733213921133648,-0.9191014871070857,-0.7197265262850319
90th percentile,60,-0.773460882350806,-0.9191890316081106,-0.7197265262850319
90th percentile,61,-0.7734615181961251,-0.9191890316081106,-0.7197314540862542
90th percentile,62,-0.7734615181961251,-0.9191890316081106,-0.7197314540862542
90th percentile,63,-0.7795715920887897,-0.9191890316081106,-0.7197314540862542
90th percentile,64,-0.7804229201932918,-0.9191890316081106,-0.7199818966426865
90th percentile,65,-0.7807262992965855,-0.9191890316081106,-0.7199818966426865
90th percentile,66,-0.7810685567487866,-0.9191890316081106,-0.7226343918972442
90th percentile,67,-0.7810685567487866,-0.9191890316081106,-0.7226343918972442
90th percentile,68,-0.7832945778165776,-0.9191890316081106,-0.7282290006192527
90th percentile,69,-0.7839002656829048,-0.9191890316081106,-0.728839548228191
90th percentile,70,-0.7846152898429907,-0.9191890316081106,-0.7298298961255886
90th percentile,71,-0.7890885739932412,-0.9205834526303628,-0.7298298961255886
90th percentile,72,-0.7896182423684059,-0.9205834526303628,-0.7298298961255886
90th percentile,73,-0.7896182423684059,-0.9205834526303628,-0.7298298961255886
90th percentile,74,-0.7899891527322811,-0.9205834526303628,-0.7298298961255886
90th percentile,75,-0.7908882496968226,-0.9205834526303628,-0.7312186965437841
90th percentile,76,-0.7912458247673788,-0.9205834526303628,-0.7312186965437841
90th percentile,77,-0.7929854883028122,-0.9205834526303628,-0.7312186965437841
90th percentile,78,-0.7929854883028122,-0.9205834526303628,-0.7312186965437841
90th percentile,79,-0.7929906366557986,-0.9205834526303628,-0.7312186965437841
90th percentile,80,-0.7931966382658394,-0.9205834526303628,-0.7328152090216
90th percentile,81,-0.7951816118122623,-0.9205834526303628,-0.7342045103992318
90th percentile,82,-0.7951816118122623,-0.9205834526303628,-0.7342045103992318
90th percentile,83,-0.799260847278007,-0.9205834526303628,-0.7355330669567008
90th percentile,84,-0.7997119018753372,-0.9205834526303628,-0.7363702288262203
90th percentile,85,-0.8002814900980235,-0.9205834526303628,-0.7363702288262203
90th percentile,86,-0.8002814900980235,-0.9205834526303628,-0.7363702288262203
90th percentile,87,-0.8002814900980235,-0.9205834526303628,-0.7363702288262203
90th percentile,88,-0.8002898170385608,-0.9205834526303628,-0.7363702288262203
90th percentile,89,-0.8002898170385608,-0.9205834526303628,-0.7363702288262203
90th percentile,90,-0.8026429324003491,-0.9205834526303628,-0.7363702288262203
90th percentile,91,-0.8030825118788201,-0.9205834526303628,-0.7363702288262203
90th percentile,92,-0.8035193893829302,-0.9210826881859436,-0.7368539676548873
90th percentile,93,-0.803622536111002,-0.9210826881859436,-0.737086047793049
90th percentile,94,-0.8044488437348113,-0.9210826881859436,-0.7434158318620694
90th percentile,95,-0.8044518518149963,-0.9210826881859436,-0.7434226000424861
90th percentile,96,-0.8050677888704627,-0.9210826881859436,-0.7437201541790319
90th percentile,97,-0.8050680007937652,-0.9210826881859436,-0.7437201541790319
90th percentile,98,-0.8051655319303126,-0.9210826881859436,-0.7437201541790319
90th percentile,99,-0.8051703294117896,-0.9210826881859436,-0.7437201541790319
90th percentile,100,-0.8066371709328444,-0.9229704524916528,-0.7437201541790319
90th percentile,101,-0.8066409785168773,-0.9229704524916528,-0.7437201541790319
90th percentile,102,-0.8066410253660313,-0.9229704524916528,-0.7437201541790319
90th percentile,103,-0.8066410253660313,-0.9229704524916528,-0.7437201541790319
90th percentile,104,-0.8066410253660313,-0.9229704524916528,-0.7437201541790319
90th percentile,105,-0.8066519118375984,-0.9229704524916528,-0.7437201541790319
90th percentile,106,-0.8066519118375984,-0.9229704524916528,-0.7437201541790319
90th percentile,107,-0.8071483809310716,-0.9229704524916528,-0.7437201541790319
90th percentile,108,-0.8071483809310716,-0.9229704524916528,-0.7437201541790319
90th percentile,109,-0.8097638080060807,-0.9276943346972392,-0.7437201541790319
90th percentile,110,-0.8103295989729133,-0.9276943346972392,-0.7469426523117872
90th percentile,111,-0.8103515475975787,-0.9276943346972392,-0.7469920367172842
90th percentile,112,-0.8103752437482992,-0.9276943346972392,-0.7469920367172842
90th percentile,113,-0.8104398451878465,-0.9276943346972392,-0.7469920367172842
90th percentile,114,-0.8104398451878465,-0.9276943346972392,-0.7469920367172842
90th percentile,115,-0.8104398451878465,-0.9276943346972392,-0.7469920367172842
90th percentile,116,-0.8105389650672524,-0.9276943346972392,-0.7477602157826797
90th percentile,117,-0.8105443396100382,-0.9276943346972392,-0.7477602157826797
90th percentile,118,-0.8105760632979513,-0.9277640540975615,-0.7477602157826797
90th percentile,119,-0.8105760632979513,-0.9277640540975615,-0.7477602157826797
90th percentile,120,-0.8105760632979513,-0.9277640540975615,-0.7477602157826797
90th percentile,121,-0.8106438235301745,-0.9279165146200636,-0.7477602157826797
90th percentile,122,-0.8106438235301745,-0.9279165146200636,-0.7477602157826797
90th percentile,123,-0.8106904472668862,-0.9279165146200636,-0.7481215497421962
90th percentile,124,-0.8119739186474451,-0.9279165146200636,-0.7481215497421962
90th percentile,125,-0.8119739186474451,-0.9279165146200636,-0.7481215497421962
90th percentile,126,-0.8119750471174274,-0.9279165146200636,-0.7481215497421962
90th percentile,127,-0.8119750471174274,-0.9279165146200636,-0.7481215497421962
90th percentile,128,-0.8119750471174274,-0.9279165146200636,-0.7481215497421962
90th percentile,129,-0.8119755610735613,-0.9279165146200636,-0.7481215497421962
90th percentile,130,-0.811984083188144,-0.9279165146200636,-0.7481499136818073
90th percentile,131,-0.811984083188144,-0.9279165146200636,-0.7481499136818073
90th percentile,132,-0.8133012638777751,-0.9279165146200636,-0.7583580640264476
90th percentile,133,-0.8133012638777751,-0.9279165146200636,-0.7583580640264476
90th percentile,134,-0.8133012638777751,-0.9279165146200636,-0.7583580640264476
90th percentile,135,-0.8133831558924014,-0.9281007716529728,-0.7583580640264476
90th percentile,136,-0.8133831558924014,-0.9281007716529728,-0.7583580640264476
90th percentile,137,-0.8136283270254724,-0.9281007716529728,-0.7588981686206996
90th percentile,138,-0.8137412380084197,-0.9281007716529728,-0.7588981686206996
90th percentile,139,-0.8138556843662832,-0.9281007716529728,-0.7591556729258926
90th percentile,140,-0.8138921893757933,-0.9281007716529728,-0.7594252094048863
90th percentile,141,-0.8139201040431727,-0.9281007716529728,-0.7594880174064903
90th percentile,142,-0.8139201040431727,-0.9281007716529728,-0.7594880174064903
90th percentile,143,-0.8140143280925752,-0.9281007716529728,-0.7594880174064903
90th percentile,144,-0.8141596262624994,-0.9281007716529728,-0.7604589855836883
90th percentile,145,-0.8141596262624994,-0.9281007716529728,-0.7604589855836883
90th percentile,146,-0.8141765122066312,-0.9281007716529728,-0.7604589855836883
90th percentile,147,-0.8141776288653084,-0.9281007716529728,-0.7604589855836883
90th percentile,148,-0.8141776288653084,-0.9281007716529728,-0.7604589855836883
90th percentile,149,-0.8141776288653084,-0.9281007716529728,-0.7604589855836883
90th percentile,150,-0.814282812116434,-0.9281007716529728,-0.7605949813243693
90th percentile,151,-0.814282812116434,-0.9281007716529728,-0.7605949813243693
90th percentile,152,-0.8142834646479636,-0.9281007716529728,-0.7605949813243693
90th percentile,153,-0.8143239944915877,-0.9281007716529728,-0.7606861734725234
90th percentile,154,-0.8143239944915877,-0.9281007716529728,-0.7606861734725234
90th percentile,155,-0.8143239944915877,-0.9281007716529728,-0.7606861734725234
90th percentile,156,-0.8143239944915877,-0.9281007716529728,-0.7606861734725234
90th percentile,157,-0.8143379854112599,-0.9281007716529728,-0.7607946030999819
90th percentile,158,-0.8143379854112599,-0.9281007716529728,-0.7607946030999819
90th percentile,159,-0.8143738282356697,-0.9281007716529728,-0.7610723849891587
90th percentile,160,-0.8148487557877135,-0.9281007716529728,-0.7643228890507342
90th percentile,161,-0.8148487557877135,-0.9281007716529728,-0.7643228890507342
90th percentile,162,-0.8148487557877135,-0.9281007716529728,-0.7643228890507342
90th percentile,163,-0.814861613838086,-0.9281007716529728,-0.7644225389411194
90th percentile,164,-0.8148624046374044,-0.9281007716529728,-0.7644225389411194
90th percentile,165,-0.8149097329570013,-0.9281007716529728,-0.7647748093768025
90th percentile,166,-0.8149097329570013,-0.9281007716529728,-0.7647748093768025
90th percentile,167,-0.8149097329570013,-0.9281007716529728,-0.7647748093768025
90th percentile,168,-0.8149172648696836,-0.9281007716529728,-0.7647813677070778
90th percentile,169,-0.8149172648696836,-0.9281007716529728,-0.7647813677070778
90th percentile,170,-0.8149172648696836,-0.9281007716529728,-0.7647813677070778
90th percentile,171,-0.8149172648696836,-0.9281007716529728,-0.7647813677070778
90th percentile,172,-0.814917270211722,-0.9281007716529728,-0.7647813677070778
90th percentile,173,-0.814917270211722,-0.9281007716529728,-0.7647813677070778
90th percentile,174,-0.814917270211722,-0.9281007716529728,-0.7647813677070778
90th percentile,175,-0.814917270211722,-0.9281007716529728,-0.7647813677070778
90th percentile,176,-0.8174688466172995,-0.9281007716529728,-0.7647896652545659
90th percentile,177,-0.8178445452474884,-0.9281007716529728,-0.7647896652545659
90th percentile,178,-0.8178445452474884,-0.9281007716529728,-0.7647896652545659
90th percentile,179,-0.8178445452474884,-0.9281007716529728,-0.7647896652545659
90th percentile,180,-0.8178532385870604,-0.9281007716529728,-0.7648092252686026
90th percentile,181,-0.8178532385870604,-0.9281007716529728,-0.7648092252686026
90th percentile,182,-0.8178532385870604,-0.9281007716529728,-0.7648092252686026
90th percentile,183,-0.8178532385870604,-0.9281007716529728,-0.7648092252686026
90th percentile,184,-0.8186349654514358,-0.9298596570978173,-0.7648092252686026
90th percentile,185,-0.8186349654514358,-0.9298596570978173,-0.7648092252686026
90th percentile,186,-0.8186349654514358,-0.9298596570978173,-0.7648092252686026
90th percentile,187,-0.8186349654514358,-0.9298596570978173,-0.7648092252686026
90th percentile,188,-0.8186349654514358,-0.9298596570978173,-0.7648092252686026
90th percentile,189,-0.8186349654514358,-0.9298596570978173,-0.7648092252686026
90th percentile,190,-0.8186349654514358,-0.9298596570978173,-0.7648092252686026
90th percentile,191,-0.8186349654514358,-0.9298596570978173,-0.7648092252686026
90th percentile,192,-0.8186349654514358,-0.9298596570978173,-0.7648092252686026
90th percentile,193,-0.8186486530189994,-0.9298596570978173,-0.7649153039172213
90th percentile,194,-0.818651578058879,-0.9298596570978173,-0.7649153039172213
90th percentile,195,-0.818651578058879,-0.9298596570978173,-0.7649153039172213
90th percentile,196,-0.818651578058879,-0.9298596570978173,-0.7649153039172213
90th percentile,197,-0.818651578058879,-0.9298596570978173,-0.7649153039172213
90th percentile,198,-0.818651578058879,-0.9298596570978173,-0.7649153039172213
90th percentile,199,-0.818651578058879,-0.9298596570978173,-0.7649153039172213
90th percentile,200,-0.8186525792479443,-0.9298596570978173,-0.7649153039172213
90th percentile,201,-0.8186525792479443,-0.9298596570978173,-0.7649153039172213
90th percentile,202,-0.8186908761083451,-0.9298596570978173,-0.7652121045853272
90th percentile,203,-0.8186908761083451,-0.9298596570978173,-0.7652121045853272
90th percentile,204,-0.8186908761083451,-0.9298596570978173,-0.7652121045853272
90th percentile,205,-0.8186908761083451,-0.9298596570978173,-0.7652121045853272
90th percentile,206,-0.8186908761083451,-0.9298596570978173,-0.7652121045853272
90th percentile,207,-0.8186908761083451,-0.9298596570978173,-0.7652121045853272
90th percentile,208,-0.8186908761083451,-0.9298596570978173,-0.7652121045853272
90th percentile,209,-0.8186908761083451,-0.9298596570978173,-0.7652121045853272
90th percentile,210,-0.8186908761083451,-0.9298596570978173,-0.7652121045853272
90th percentile,211,-0.8186908761083451,-0.9298596570978173,-0.7652121045853272
90th percentile,212,-0.8186908761083451,-0.9298596570978173,-0.7652121045853272
90th percentile,213,-0.8186908761083451,-0.9298596570978173,-0.7652121045853272
90th percentile,214,-0.818854164143955,-0.9298596570978173,-0.7652121045853272
90th percentile,215,-0.818854164143955,-0.9298596570978173,-0.7652121045853272
90th percentile,216,-0.818854164143955,-0.9298596570978173,-0.7652121045853272
90th percentile,217,-0.8190902102543898,-0.9298596570978173,-0.7652121045853272
90th percentile,218,-0.8191294104041539,-0.9298596570978173,-0.7655159057459979
90th percentile,219,-0.8191294104041539,-0.9298596570978173,-0.7655159057459979
90th percentile,220,-0.8191294104041539,-0.9298596570978173,-0.7655159057459979
90th percentile,221,-0.8191294252593732,-0.9298596570978173,-0.7655159391702413
90th percentile,222,-0.8191501890811459,-0.9298596570978173,-0.7655181331443859
90th percentile,223,-0.8199517717601061,-0.9298596570978173,-0.7655181331443859
90th percentile,224,-0.8233833543458013,-0.9298596570978173,-0.7655181331443859
90th percentile,225,-0.8233833543458013,-0.9298596570978173,-0.7655181331443859
90th percentile,226,-0.8233833543458013,-0.9298596570978173,-0.7655181331443859
90th percentile,227,-0.8233833543458013,-0.9298596570978173,-0.7655181331443859
90th percentile,228,-0.8233833543458013,-0.9298596570978173,-0.7655181331443859
90th percentile,229,-0.8237997802892604,-0.9298596570978173,-0.7655181956254429
90th percentile,230,-0.8237997802892604,-0.9298596570978173,-0.7655181956254429
90th percentile,231,-0.8237997802892604,-0.9298596570978173,-0.7655181956254429
90th percentile,232,-0.8237997802892604,-0.9298596570978173,-0.7655181956254429
90th percentile,233,-0.8237997802892604,-0.9298596570978173,-0.7655181956254429
90th percentile,234,-0.8245209876084733,-0.9298596570978173,-0.7655181956254429
90th percentile,235,-0.8245213320923902,-0.9298596570978173,-0.7655181956254429
90th percentile,236,-0.8245213320923902,-0.9298596570978173,-0.7655181956254429
90th percentile,237,-0.8245284538471301,-0.9298596570978173,-0.7655181956254429
90th percentile,238,-0.8245284538471301,-0.9298596570978173,-0.7655181956254429
90th percentile,239,-0.8248580218714441,-0.9298596570978173,-0.7655181956254429
90th percentile,240,-0.8248580218714441,-0.9298596570978173,-0.7655181956254429
90th percentile,241,-0.8248580218714441,-0.9298596570978173,-0.7655181956254429
90th percentile,242,-0.8248580218714441,-0.9298596570978173,-0.7655181956254429
90th percentile,243,-0.8248580218714441,-0.9298596570978173,-0.7655181956254429
90th percentile,244,-0.8248587130454288,-0.9298596570978173,-0.7655235522238243
90th percentile,245,-0.8248587130454288,-0.9298596570978173,-0.7655235522238243
90th percentile,246,-0.8248587130454288,-0.9298596570978173,-0.7655235522238243
90th percentile,247,-0.8248587130454288,-0.9298596570978173,-0.7655235522238243
90th percentile,248,-0.8248587130454288,-0.9298596570978173,-0.7655235522238243
90th percentile,249,-0.8248587130454288,-0.9298596570978173,-0.7655235522238243
90th percentile,250,-0.8248587130454288,-0.9298596570978173,-0.7655235522238243
90th percentile,251,-0.8248589361853453,-0.9298596570978173,-0.7655235522238243
90th percentile,252,-0.8248589361853453,-0.9298596570978173,-0.7655235522238243
90th percentile,253,-0.8248589361853453,-0.9298596570978173,-0.7655235522238243
90th percentile,254,-0.8248590782937948,-0.9298596570978173,-0.7655235522238243
90th percentile,255,-0.8248590782937948,-0.9298596570978173,-0.7655235522238243
90th percentile,256,-0.8248590782937948,-0.9298596570978173,-0.7655235522238243
90th percentile,257,-0.8248591020345908,-0.9298596570978173,-0.7655237362149936
90th percentile,258,-0.8248591020345908,-0.9298596570978173,-0.7655237362149936
90th percentile,259,-0.8255759609640778,-0.9298596570978173,-0.7655237362149936
90th percentile,260,-0.8255759609640778,-0.9298596570978173,-0.7655237362149936
90th percentile,261,-0.8255765822798965,-0.9298596570978173,-0.7655237362149936
90th percentile,262,-0.8255765822798965,-0.9298596570978173,-0.7655237362149936
90th percentile,263,-0.8255765822798965,-0.9298596570978173,-0.7655237362149936
90th percentile,264,-0.8255765822798965,-0.9298596570978173,-0.7655237362149936
90th percentile,265,-0.8255765822798965,-0.9298596570978173,-0.7655237362149936
90th percentile,266,-0.8255765822798965,-0.9298596570978173,-0.7655237362149936
90th percentile,267,-0.8255765822798965,-0.9298596570978173,-0.7655237362149936
90th percentile,268,-0.8277532819625637,-0.9298596570978173,-0.7655815417785586
90th percentile,269,-0.8277532819625637,-0.9298596570978173,-0.7655815417785586
90th percentile,270,-0.8277532819625637,-0.9298596570978173,-0.7655815417785586
90th percentile,271,-0.8277532819625637,-0.9298596570978173,-0.7655815417785586
90th percentile,272,-0.8293600100816854,-0.9298596570978173,-0.7655815417785586
90th percentile,273,-0.8293600100816854,-0.9298596570978173,-0.7655815417785586
90th percentile,274,-0.8293600100816854,-0.9298596570978173,-0.7655815417785586
90th percentile,275,-0.8293600100816854,-0.9298596570978173,-0.7655815417785586
90th percentile,276,-0.8293600100816854,-0.9298596570978173,-0.7655815417785586
90th percentile,277,-0.8293600100816854,-0.9298596570978173,-0.7655815417785586
90th percentile,278,-0.8293600100816854,-0.9298596570978173,-0.7655815417785586
90th percentile,279,-0.8293600100816854,-0.9298596570978173,-0.7655815417785586
90th percentile,280,-0.8295131699202182,-0.9298596570978173,-0.7656088864906427
90th percentile,281,-0.8295131699202182,-0.9298596570978173,-0.7656088864906427
90th percentile,282,-0.8295131699202182,-0.9298596570978173,-0.7656088864906427
90th percentile,283,-0.8295131699202182,-0.9298596570978173,-0.7656088864906427
90th percentile,284,-0.833052975350752,-0.9298596570978173,-0.7656088864906427
90th percentile,285,-0.835705754716988,-0.9298596570978173,-0.7705059691503183
90th percentile,286,-0.8360942285963257,-0.9298596570978173,-0.7713800353788282
90th percentile,287,-0.8360942285963257,-0.9298596570978173,-0.7713800353788282
90th percentile,288,-0.8371540101298773,-0.9298596570978173,-0.7713800353788282
90th percentile,289,-0.8375938325070296,-0.9298596570978173,-0.7713800353788282
90th percentile,290,-0.8375938325070296,-0.9298596570978173,-0.7713800353788282
90th percentile,291,-0.8375938325070296,-0.9298596570978173,-0.7713800353788282
90th percentile,292,-0.8375938325070296,-0.9298596570978173,-0.7713800353788282
90th percentile,293,-0.838688017137527,-0.9298596570978173,-0.7724049517542269
90th percentile,294,-0.8387182747075462,-0.9298596570978173,-0.7724730312867699
90th percentile,295,-0.8387182747075462,-0.9298596570978173,-0.7724730312867699
90th percentile,296,-0.8387182747075462,-0.9298596570978173,-0.7724730312867699
90th percentile,297,-0.8395607342299117,-0.9298596570978173,-0.7743685652120923
90th percentile,298,-0.8416130468989238,-0.9341392338720287,-0.7743685652120923
90th percentile,299,-0.8433024622910599,-0.9341392338720287,-0.774388590104324
90th percentile,300,-0.8435843146252923,-0.9341392338720287,-0.774388590104324
90th percentile,301,-0.8436142228745401,-0.9341392338720287,-0.774388590104324
90th percentile,302,-0.8436896265643995,-0.9341392338720287,-0.774388590104324
90th percentile,303,-0.8443517561201748,-0.9341392338720287,-0.774388590104324
90th percentile,304,-0.8477077050177817,-0.9341392338720287,-0.795609413776773
90th percentile,305,-0.8488147355338626,-0.9341392338720287,-0.7978216434225948
90th percentile,306,-0.8499186315477478,-0.9341392338720287,-0.7978216434225948
90th percentile,307,-0.8503863819881191,-0.9341392338720287,-0.7982418290013318
90th percentile,308,-0.8503863819881191,-0.9341392338720287,-0.7982418290013318
90th percentile,309,-0.8505299559612945,-0.9341392338720287,-0.7985648704409765
90th percentile,310,-0.8505299559612945,-0.9341392338720287,-0.7985648704409765
90th percentile,311,-0.8511644403710965,-0.9341392338720287,-0.7987324853500531
90th percentile,312,-0.8511781750515457,-0.9341392338720287,-0.7987324853500531
90th percentile,313,-0.8515595138906391,-0.9341392338720287,-0.7988607698433997
90th percentile,314,-0.8515595138906391,-0.9341392338720287,-0.7988607698433997
90th percentile,315,-0.8516150215637701,-0.9341392338720287,-0.7988607698433997
90th percentile,316,-0.8516150215637701,-0.9341392338720287,-0.7988607698433997
90th percentile,317,-0.8516150215637701,-0.9341392338720287,-0.7988607698433997
90th percentile,318,-0.8516682766512103,-0.9341392338720287,-0.7988607698433997
90th percentile,319,-0.8517254824553806,-0.9341392338720287,-0.7988607698433997
90th percentile,320,-0.8517254824553806,-0.9341392338720287,-0.7988607698433997
90th percentile,321,-0.8517775148821561,-0.9341392338720287,-0.7988607698433997
90th percentile,322,-0.8517775148821561,-0.9341392338720287,-0.7988607698433997
90th percentile,323,-0.852723588076835,-0.9341392338720287,-0.8061928371021612
90th percentile,324,-0.852723588076835,-0.9341392338720287,-0.8061928371021612
90th percentile,325,-0.852723588076835,-0.9341392338720287,-0.8061928371021612
90th percentile,326,-0.8536470138297965,-0.9341392338720287,-0.8061928371021612
90th percentile,327,-0.8536470138297965,-0.9341392338720287,-0.8061928371021612
90th percentile,328,-0.8536470138297965,-0.9341392338720287,-0.8061928371021612
90th percentile,329,-0.854237114754089,-0.9341392338720287,-0.810766119265428
90th percentile,330,-0.854237114754089,-0.9341392338720287,-0.810766119265428
90th percentile,331,-0.8545469526336358,-0.9341392338720287,-0.8129504748557286
90th percentile,332,-0.8545503594703117,-0.9341392338720287,-0.8129504748557286
90th percentile,333,-0.8563092277177133,-0.9341392338720287,-0.8129504748557286
90th percentile,334,-0.8563092277177133,-0.9341392338720287,-0.8129504748557286
90th percentile,335,-0.8563092277177133,-0.9341392338720287,-0.8129504748557286
90th percentile,336,-0.8563092277177133,-0.9341392338720287,-0.8129504748557286
90th percentile,337,-0.8563092277177133,-0.9341392338720287,-0.8129504748557286
90th percentile,338,-0.8563092277177133,-0.9341392338720287,-0.8129504748557286
90th percentile,339,-0.8563092277177133,-0.9341392338720287,-0.8129504748557286
90th percentile,340,-0.8563092277177133,-0.9341392338720287,-0.8129504748557286
90th percentile,341,-0.8563092277177133,-0.9341392338720287,-0.8129504748557286
90th percentile,342,-0.8563633305567094,-0.9341392338720287,-0.8129504748557286
90th percentile,343,-0.8563633305567094,-0.9341392338720287,-0.8129504748557286
90th percentile,344,-0.8569576598195937,-0.9341392338720287,-0.8129504748557286
90th percentile,345,-0.8570146751499699,-0.9341392338720287,-0.8129504748557286
90th percentile,346,-0.8570146751499699,-0.9341392338720287,-0.8129504748557286
90th percentile,347,-0.8570716904803461,-0.9341392338720287,-0.8133923436661444
90th percentile,348,-0.8570716904803461,-0.9341392338720287,-0.8133923436661444
90th percentile,349,-0.8570716904803461,-0.9341392338720287,-0.8133923436661444
90th percentile,350,-0.8576612230805299,-0.9341392338720287,-0.8133923436661444
90th percentile,351,-0.8576612230805299,-0.9341392338720287,-0.8133923436661444
90th percentile,352,-0.8576813210048275,-0.9341392338720287,-0.8133923436661444
90th percentile,353,-0.8576813210048275,-0.9341392338720287,-0.8133923436661444
90th percentile,354,-0.8576813210048275,-0.9341392338720287,-0.8133923436661444
90th percentile,355,-0.8583910990333112,-0.9341392338720287,-0.8188931233868932
90th percentile,356,-0.8584723951033173,-0.9341392338720287,-0.8188931233868932
90th percentile,357,-0.8584805723830533,-0.9341392338720287,-0.8188931233868932
90th percentile,358,-0.8584805723830533,-0.9341392338720287,-0.8188931233868932
90th percentile,359,-0.858994322788479,-0.9341392338720287,-0.8188931233868932
90th percentile,360,-0.858994322788479,-0.9341392338720287,-0.8188931233868932
90th percentile,361,-0.858994322788479,-0.9341392338720287,-0.8188931233868932
90th percentile,362,-0.858994322788479,-0.9341392338720287,-0.8188931233868932
90th percentile,363,-0.8602321508582346,-0.9341392338720287,-0.8188931233868932
90th percentile,364,-0.8612163644349607,-0.9341392338720287,-0.8188931233868932
90th percentile,365,-0.8612163644349607,-0.9341392338720287,-0.8188931233868932
90th percentile,366,-0.8615718864850989,-0.9341392338720287,-0.8188931233868932
90th percentile,367,-0.8653500324289176,-0.9341392338720287,-0.8188931233868932
90th percentile,368,-0.8653500324289176,-0.9341392338720287,-0.8188931233868932
90th percentile,369,-0.8653500324289176,-0.9341392338720287,-0.8188931233868932
90th percentile,370,-0.8653500324289176,-0.9341392338720287,-0.8188931233868932
90th percentile,371,-0.8653567990158116,-0.9341392338720287,-0.8188931233868932
90th percentile,372,-0.8653580656571658,-0.9341392338720287,-0.8188931233868932
90th percentile,373,-0.8660502777694662,-0.9341392338720287,-0.8188931233868932
90th percentile,374,-0.8663376705205474,-0.9341392338720287,-0.8188931233868932
90th percentile,375,-0.8663376705205474,-0.9341392338720287,-0.8188931233868932
90th percentile,376,-0.866706956376938,-0.9341392338720287,-0.8188931233868932
90th percentile,377,-0.8667970471426452,-0.9341392338720287,-0.8188931233868932
90th percentile,378,-0.8667970471426452,-0.9341392338720287,-0.8188931233868932
90th percentile,379,-0.8667970471426452,-0.9341392338720287,-0.8188931233868932
90th percentile,380,-0.8667970471426452,-0.9341392338720287,-0.8188931233868932
90th percentile,381,-0.8667970471426452,-0.9341392338720287,-0.8188931233868932
90th percentile,382,-0.8667970471426452,-0.9341392338720287,-0.8188931233868932
90th percentile,383,-0.8669395727502944,-0.9341392338720287,-0.8188931233868932
90th percentile,384,-0.8669950804234254,-0.9341392338720287,-0.8188931233868932
90th percentile,385,-0.8671234249683467,-0.9341392338720287,-0.8188931233868932
90th percentile,386,-0.8676698453893753,-0.9341392338720287,-0.8188931233868932
90th percentile,387,-0.8677441863306383,-0.9341392338720287,-0.8188931233868932
90th percentile,388,-0.8677730512001292,-0.9341392338720287,-0.8188931233868932
90th percentile,389,-0.8679587784544216,-0.9341392338720287,-0.8188931233868932
90th percentile,390,-0.8679672664494257,-0.9341392338720287,-0.8188931233868932
90th percentile,391,-0.8679672664494257,-0.9341392338720287,-0.8188931233868932
90th percentile,392,-0.868152328471852,-0.9341392338720287,-0.8188931233868932
90th percentile,393,-0.868152328471852,-0.9341392338720287,-0.8188931233868932
90th percentile,394,-0.868152328471852,-0.9341392338720287,-0.8188931233868932
90th percentile,395,-0.868152328471852,-0.9341392338720287,-0.8188931233868932
90th percentile,396,-0.868152328471852,-0.9341392338720287,-0.8188931233868932
90th percentile,397,-0.8681874984397592,-0.9341392338720287,-0.8188931233868932
90th percentile,398,-0.8681874984397592,-0.9341392338720287,-0.8188931233868932
90th percentile,399,-0.8700895325616308,-0.9341392338720287,-0.8188931233868932
90th percentile,400,-0.8700895325616308,-0.9341392338720287,-0.8188931233868932
90th percentile,401,-0.8711136273960761,-0.9341392338720287,-0.8188931233868932
90th percentile,402,-0.8712497821111056,-0.9341392338720287,-0.8188931233868932
90th percentile,403,-0.8715848049670853,-0.9341392338720287,-0.8188931233868932
90th percentile,404,-0.871710619725404,-0.9341392338720287,-0.8188931233868932
90th percentile,405,-0.871710619725404,-0.9341392338720287,-0.8188931233868932
90th percentile,406,-0.8718094489380016,-0.9341392338720287,-0.8188931233868932
90th percentile,407,-0.8718094489380016,-0.9341392338720287,-0.8188931233868932
90th percentile,408,-0.8718094489380016,-0.9341392338720287,-0.8188931233868932
90th percentile,409,-0.8718094489380016,-0.9341392338720287,-0.8188931233868932
90th percentile,410,-0.8718094489380016,-0.9341392338720287,-0.8188931233868932
90th percentile,411,-0.8718094489380016,-0.9341392338720287,-0.8188931233868932
90th percentile,412,-0.8732122406737064,-0.9341392338720287,-0.8188931233868932
90th percentile,413,-0.8755385576462267,-0.9341392338720287,-0.8188931233868932
90th percentile,414,-0.8762321797402579,-0.9341392338720287,-0.8188931233868932
90th percentile,415,-0.8762321797402579,-0.9341392338720287,-0.8188931233868932
90th percentile,416,-0.8762321797402579,-0.9341392338720287,-0.8188931233868932
90th percentile,417,-0.8762639133035981,-0.9341392338720287,-0.8188931233868932
90th percentile,418,-0.8763511991529238,-0.9341392338720287,-0.8188931233868932
90th percentile,419,-0.8763511991529238,-0.9341392338720287,-0.8188931233868932
90th percentile,420,-0.8763511991529238,-0.9341392338720287,-0.8188931233868932
90th percentile,421,-0.8763511991529238,-0.9341392338720287,-0.8188931233868932
90th percentile,422,-0.8763511991529238,-0.9341392338720287,-0.8188931233868932
90th percentile,423,-0.8763511991529238,-0.9341392338720287,-0.8188931233868932
90th percentile,424,-0.8774126971216146,-0.9341392338720287,-0.8188931233868932
90th percentile,425,-0.8774126971216146,-0.9341392338720287,-0.8188931233868932
90th percentile,426,-0.877426984730068,-0.9341392338720287,-0.8188931233868932
90th percentile,427,-0.877426984730068,-0.9341392338720287,-0.8188931233868932
90th percentile,428,-0.877426984730068,-0.9341392338720287,-0.8188931233868932
90th percentile,429,-0.877426984730068,-0.9341392338720287,-0.8188931233868932
90th percentile,430,-0.877426984730068,-0.9341392338720287,-0.8188931233868932
90th percentile,431,-0.877426984730068,-0.9341392338720287,-0.8188931233868932
90th percentile,432,-0.877426984730068,-0.9341392338720287,-0.8188931233868932
90th percentile,433,-0.877426984730068,-0.9341392338720287,-0.8188931233868932
90th percentile,434,-0.877426984730068,-0.9341392338720287,-0.8188931233868932
90th percentile,435,-0.877426984730068,-0.9341392338720287,-0.8188931233868932
90th percentile,436,-0.877426984730068,-0.9341392338720287,-0.8188931233868932
90th percentile,437,-0.877426984730068,-0.9341392338720287,-0.8188931233868932
90th percentile,438,-0.877426984730068,-0.9341392338720287,-0.8188931233868932
90th percentile,439,-0.877426984730068,-0.9341392338720287,-0.8188931233868932
90th percentile,440,-0.877426984730068,-0.9341392338720287,-0.8188931233868932
90th percentile,441,-0.877426984730068,-0.9341392338720287,-0.8188931233868932
90th percentile,442,-0.877426984730068,-0.9341392338720287,-0.8188931233868932
90th percentile,443,-0.877426984730068,-0.9341392338720287,-0.8188931233868932
90th percentile,444,-0.877426984730068,-0.9341392338720287,-0.8188931233868932
90th percentile,445,-0.877426984730068,-0.9341392338720287,-0.8188931233868932
90th percentile,446,-0.877426984730068,-0.9341392338720287,-0.8188931233868932
90th percentile,447,-0.877426984730068,-0.9341392338720287,-0.8188931233868932
90th percentile,448,-0.877426984730068,-0.9341392338720287,-0.8188931233868932
90th percentile,449,-0.877426984730068,-0.9341392338720287,-0.8188931233868932
90th percentile,450,-0.877426984730068,-0.9341392338720287,-0.8188931233868932
90th percentile,451,-0.877426984730068,-0.9341392338720287,-0.8188931233868932
90th percentile,452,-0.877426984730068,-0.9341392338720287,-0.8188931233868932
90th percentile,453,-0.877426984730068,-0.9341392338720287,-0.8188931233868932
90th percentile,454,-0.877426984730068,-0.9341392338720287,-0.8188931233868932
90th percentile,455,-0.877426984730068,-0.9341392338720287,-0.8188931233868932
90th percentile,456,-0.877426984730068,-0.9341392338720287,-0.8188931233868932
90th percentile,457,-0.877426984730068,-0.9341392338720287,-0.8188931233868932
90th percentile,458,-0.8792855901271291,-0.9341392338720287,-0.8230749855302809
90th percentile,459,-0.8844798063209719,-0.9341392338720287,-0.8263809654573843
90th percentile,460,-0.8844798063209719,-0.9341392338720287,-0.8263809654573843
90th percentile,461,-0.8844798063209719,-0.9341392338720287,-0.8263809654573843
90th percentile,462,-0.8844798063209719,-0.9341392338720287,-0.8263809654573843
90th percentile,463,-0.8844798063209719,-0.9341392338720287,-0.8263809654573843
90th percentile,464,-0.8844798063209719,-0.9341392338720287,-0.8263809654573843
90th percentile,465,-0.8848490921773624,-0.9341392338720287,-0.8263809654573843
90th percentile,466,-0.8848490921773624,-0.9341392338720287,-0.8263809654573843
90th percentile,467,-0.8848490921773624,-0.9341392338720287,-0.8263809654573843
90th percentile,468,-0.8855413042896629,-0.9341392338720287,-0.8263809654573843
90th percentile,469,-0.8859105901460532,-0.9341392338720287,-0.8263809654573843
90th percentile,470,-0.8859105901460532,-0.9341392338720287,-0.8263809654573843
90th percentile,471,-0.8859105901460532,-0.9341392338720287,-0.8263809654573843
90th percentile,472,-0.8859105901460532,-0.9341392338720287,-0.8263809654573843
90th percentile,473,-0.8859105901460532,-0.9341392338720287,-0.8263809654573843
90th percentile,474,-0.8859105901460532,-0.9341392338720287,-0.8263809654573843
90th percentile,475,-0.8859105901460532,-0.9341392338720287,-0.8263809654573843
90th percentile,476,-0.8859105901460532,-0.9341392338720287,-0.8263809654573843
90th percentile,477,-0.8859105901460532,-0.9341392338720287,-0.8263809654573843
90th percentile,478,-0.8859105901460532,-0.9341392338720287,-0.8263809654573843
90th percentile,479,-0.8859105901460532,-0.9341392338720287,-0.8263809654573843
90th percentile,480,-0.8859105901460532,-0.9341392338720287,-0.8263809654573843
90th percentile,481,-0.8859105901460532,-0.9341392338720287,-0.8263809654573843
90th percentile,482,-0.8859105901460532,-0.9341392338720287,-0.8263809654573843
90th percentile,483,-0.8859105901460532,-0.9341392338720287,-0.8263809654573843
90th percentile,484,-0.8859106407993321,-0.9341392338720287,-0.826381079427262
90th percentile,485,-0.8859106407993321,-0.9341392338720287,-0.826381079427262
90th percentile,486,-0.8859106407993321,-0.9341392338720287,-0.826381079427262
90th percentile,487,-0.8859106407993321,-0.9341392338720287,-0.826381079427262
90th percentile,488,-0.8859106407993321,-0.9341392338720287,-0.826381079427262
90th percentile,489,-0.8859106407993321,-0.9341392338720287,-0.826381079427262
90th percentile,490,-0.8859106407993321,-0.9341392338720287,-0.826381079427262
90th percentile,491,-0.8859106407993321,-0.9341392338720287,-0.826381079427262
90th percentile,492,-0.8859106407993321,-0.9341392338720287,-0.826381079427262
90th percentile,493,-0.8859106407993321,-0.9341392338720287,-0.826381079427262
90th percentile,494,-0.8859106407993321,-0.9341392338720287,-0.826381079427262
90th percentile,495,-0.887812674921204,-0.9341392338720287,-0.826381079427262
90th percentile,496,-0.887812674921204,-0.9341392338720287,-0.826381079427262
90th percentile,497,-0.887812674921204,-0.9341392338720287,-0.826381079427262
90th percentile,498,-0.887812674921204,-0.9341392338720287,-0.826381079427262
90th percentile,499,-0.887812674921204,-0.9341392338720287,-0.826381079427262
90th percentile,500,-0.887812674921204,-0.9341392338720287,-0.826381079427262
100th percentile,1,-0.5980536260298582,-0.6836340185059632,-0.5256028131766621
100th percentile,2,-0.6529171127839625,-0.6986124954394726,-0.5542468875689988
100th percentile,3,-0.668298466107604,-0.7049083968050502,-0.5602428458187907
100th percentile,4,-0.6858987193298853,-0.7208457683277962,-0.5739533157526369
100th percentile,5,-0.7031098108740532,-0.7650602192200124,-0.6059030083758596
100th percentile,6,-0.7156210045124097,-0.7694769200356798,-0.6278733754846085
100th percentile,7,-0.7198074753427824,-0.7694769200356798,-0.6282514996423431
100th percentile,8,-0.723559724845386,-0.7716725062373796,-0.6354802658417994
100th percentile,9,-0.7315684239336445,-0.7736931554431358,-0.6474276209616605
100th percentile,10,-0.7366189146908284,-0.7855053004024937,-0.6597846818209029
100th percentile,11,-0.7405050690666851,-0.7858467526966336,-0.6647065109457235
100th percentile,12,-0.7435782837445912,-0.7858467526966336,-0.6747124781865949
100th percentile,13,-0.7476387973482497,-0.7879490038148649,-0.6773504895207015
100th percentile,14,-0.7519427447553451,-0.8124116895462246,-0.677655628408731
100th percentile,15,-0.7544227971873981,-0.8150803355215102,-0.6852293310320702
100th percentile,16,-0.7552424451221574,-0.820613607851853,-0.6852293310320702
100th percentile,17,-0.7614612134829558,-0.8282113532022572,-0.6867118547337595
100th percentile,18,-0.7686818387955661,-0.8454078553449025,-0.6869910892986303
100th percentile,19,-0.7718629422087955,-0.8687187025208039,-0.6869910892986303
100th percentile,20,-0.7817724222577446,-0.8807563478400477,-0.7486653085974551
100th percentile,21,-0.7854094877397902,-0.8932858417126156,-0.7490756332184284
100th percentile,22,-0.7856906781535824,-0.8932858417126156,-0.7490756332184284
100th percentile,23,-0.7877974373783985,-0.8932858417126156,-0.7507812229942636
100th percentile,24,-0.792043557866503,-0.9150813445259532,-0.7518168693598942
100th percentile,25,-0.7927911450452891,-0.9150813445259532,-0.7570105784793111
100th percentile,26,-0.7951235850509835,-0.9150813445259532,-0.7582323160521707
100th percentile,27,-0.8004808750551075,-0.9206361995820872,-0.7582323160521707
100th percentile,28,-0.8016991820671857,-0.9206361995820872,-0.7597342011569617
100th percentile,29,-0.8030733256356832,-0.9258858142601766,-0.7597342011569617
100th percentile,30,-0.8050398403807236,-0.9363310931410717,-0.7597342011569617
100th percentile,31,-0.8050453103228209,-0.9363310931410717,-0.7597460954625439
100th percentile,32,-0.8124600824695468,-0.941503175307293,-0.7597460954625439
100th percentile,33,-0.8126012778531919,-0.941503175307293,-0.7597460954625439
100th percentile,34,-0.8126237961266275,-0.941503175307293,-0.7597460954625439
100th percentile,35,-0.8126237961266275,-0.941503175307293,-0.7597460954625439
100th percentile,36,-0.8139361786025118,-0.941503175307293,-0.7632013323685979
100th percentile,37,-0.8145961743183289,-0.94204294075621,-0.7636603982085887
100th percentile,38,-0.8147578024581887,-0.94204294075621,-0.7636603982085887
100th percentile,39,-0.8164059417266266,-0.9440811880703057,-0.7655207703338092
100th percentile,40,-0.8168021862066748,-0.9440811880703057,-0.7657320478777885
100th percentile,41,-0.816822119562449,-0.9441260381207978,-0.7657320478777885
100th percentile,42,-0.8201647960579714,-0.949357686812988,-0.7657320478777885
100th percentile,43,-0.8201647960579714,-0.949357686812988,-0.7657320478777885
100th percentile,44,-0.8201647960579714,-0.949357686812988,-0.7657320478777885
100th percentile,45,-0.8218087821985588,-0.9495426209701151,-0.7666072406614155
100th percentile,46,-0.8218087821985588,-0.9495426209701151,-0.7666072406614155
100th percentile,47,-0.8218087832467136,-0.9495426209701151,-0.7666072406614155
100th percentile,48,-0.8219467273125239,-0.9495426209701151,-0.767672202005478
100th percentile,49,-0.8222244063040692,-0.9495426209701151,-0.7689084066861793
100th percentile,50,-0.8222244063040692,-0.9495426209701151,-0.7689084066861793
100th percentile,51,-0.8223056730690148,-0.9495426209701151,-0.769004592664352
100th percentile,52,-0.8234489909604108,-0.9495426209701151,-0.770453931151118
100th percentile,53,-0.8235042072661913,-0.9495426209701151,-0.7708818575209184
100th percentile,54,-0.8245749892816855,-0.9495426209701151,-0.7708818575209184
100th percentile,55,-0.8264077868328604,-0.9553937484240103,-0.7709121407467165
100th percentile,56,-0.8276399948977314,-0.9553937484240103,-0.7717159193957401
100th percentile,57,-0.8280965843892097,-0.9553937484240103,-0.7717159193957401
100th percentile,58,-0.8282180974359606,-0.9553937484240103,-0.771893907788862
100th percentile,59,-0.8289423846411961,-0.9553937484240103,-0.771893907788862
100th percentile,60,-0.8291700221167402,-0.9553937484240103,-0.7724060921088363
100th percentile,61,-0.8291700221167402,-0.9553937484240103,-0.7724060921088363
100th percentile,62,-0.8295346969929804,-0.9553937484240103,-0.7724060921088363
100th percentile,63,-0.830044226229697,-0.959342600008565,-0.7724060921088363
100th percentile,64,-0.830044226229697,-0.959342600008565,-0.7724060921088363
100th percentile,65,-0.8383356134672704,-0.9599513499305045,-0.7757995543041117
100th percentile,66,-0.8393000475483128,-0.961191750358976,-0.7778982243767151
100th percentile,67,-0.8394246694983739,-0.96215757047195,-0.7778982243767151
100th percentile,68,-0.8424701095559499,-0.9629122703816027,-0.7778982243767151
100th percentile,69,-0.843013732106475,-0.9630328962075303,-0.7778982243767151
100th percentile,70,-0.8430252113921192,-0.9630587246002297,-0.7778982243767151
100th percentile,71,-0.8458570453162977,-0.9630587246002297,-0.7779991674675922
100th percentile,72,-0.8458570453162977,-0.9630587246002297,-0.7779991674675922
100th percentile,73,-0.8465246151954295,-0.9630587246002297,-0.7785699586406467
100th percentile,74,-0.8475317310937994,-0.9630587246002297,-0.7785699586406467
100th percentile,75,-0.848687718634397,-0.9639219509622549,-0.7785807499926191
100th percentile,76,-0.8489203076355333,-0.9642558485322467,-0.7785807499926191
100th percentile,77,-0.8489869174780994,-0.9642558485322467,-0.7786221719450309
100th percentile,78,-0.8489869174780994,-0.9642558485322467,-0.7786221719450309
100th percentile,79,-0.8556388618109253,-0.9662247996773844,-0.7896285069265222
100th percentile,80,-0.8558520852470718,-0.9662247996773844,-0.7896285069265222
100th percentile,81,-0.8558614105078991,-0.9662970704487961,-0.7896285069265222
100th percentile,82,-0.8560886183434722,-0.9662970704487961,-0.7896285069265222
100th percentile,83,-0.8562946671184196,-0.9667606801924281,-0.7896285069265222
100th percentile,84,-0.8565184339016904,-0.9667606801924281,-0.7900452156131198
100th percentile,85,-0.8588286622341836,-0.9671165739285856,-0.7900452156131198
100th percentile,86,-0.8588879121900961,-0.9672498863293888,-0.7900452156131198
100th percentile,87,-0.8588879121900961,-0.9672498863293888,-0.7900452156131198
100th percentile,88,-0.8618637013825478,-0.9674064169924909,-0.7900452156131198
100th percentile,89,-0.8618788523259019,-0.9674064169924909,-0.7900855369362041
100th percentile,90,-0.87530783806976,-0.9696821907976585,-0.7900855369362041
100th percentile,91,-0.8810577395421261,-0.9696821907976585,-0.7900855369362041
100th percentile,92,-0.882301050026791,-0.9703658068381549,-0.7900855369362041
100th percentile,93,-0.8868830484771898,-0.9703658068381549,-0.7900855369362041
100th percentile,94,-0.895016203877798,-0.9703658068381549,-0.7914351170450602
100th percentile,95,-0.8965877049331258,-0.9703658068381549,-0.7914351170450602
100th percentile,96,-0.9021659147561959,-0.9703658068381549,-0.7914351170450602
100th percentile,97,-0.9022247240877521,-0.9703658068381549,-0.7914351170450602
100th percentile,98,-0.9022906809939031,-0.9703658068381549,-0.7914351170450602
100th percentile,99,-0.9023662209936447,-0.9703658068381549,-0.7914351170450602
100th percentile,100,-0.9034726688509533,-0.9720621321090599,-0.7914351170450602
100th percentile,101,-0.9039100346327953,-0.9720621321090599,-0.7914351170450602
100th percentile,102,-0.9048988764964336,-0.9720621321090599,-0.7914351170450602
100th percentile,103,-0.9061111077081924,-0.9720621321090599,-0.7914351170450602
100th percentile,104,-0.907029112531702,-0.9722229623965268,-0.7914351170450602
100th percentile,105,-0.9075319234170853,-0.9722229623965268,-0.7914351170450602
100th percentile,106,-0.9075870098146208,-0.9722367222792567,-0.7914351170450602
100th percentile,107,-0.9099048663232526,-0.9722367222792567,-0.7914351170450602
100th percentile,108,-0.9099624299883994,-0.9723372132510456,-0.7914351170450602
100th percentile,109,-0.9101030834887684,-0.9723372132510456,-0.7914351170450602
100th percentile,110,-0.9112749209207529,-0.9723372132510456,-0.7914351170450602
100th percentile,111,-0.9113474328863805,-0.9723372132510456,-0.7914351170450602
100th percentile,112,-0.9116390489828798,-0.9723372132510456,-0.7914351170450602
100th percentile,113,-0.9116887753657213,-0.9723372132510456,-0.7914351170450602
100th percentile,114,-0.9117755137685963,-0.9723372132510456,-0.7914351170450602
100th percentile,115,-0.9119899506162339,-0.9723372132510456,-0.7914351170450602
100th percentile,116,-0.9122569568460195,-0.9723372132510456,-0.7914351170450602
100th percentile,117,-0.9123755322173588,-0.9723372132510456,-0.7914351170450602
100th percentile,118,-0.913067398590645,-0.9723372132510456,-0.7929532333042294
100th percentile,119,-0.913285789051017,-0.9723372132510456,-0.7929532333042294
100th percentile,120,-0.913285789051017,-0.9723372132510456,-0.7929532333042294
100th percentile,121,-0.913285789051017,-0.9723372132510456,-0.7929532333042294
100th percentile,122,-0.9136831688363619,-0.9723372132510456,-0.7929795535567707
100th percentile,123,-0.9136888036428846,-0.9723372132510456,-0.792992231871447
100th percentile,124,-0.9143678436628324,-0.9723372132510456,-0.792992231871447
100th percentile,125,-0.914389700563097,-0.9723687181565758,-0.792992231871447
100th percentile,126,-0.9144049542987259,-0.9723687181565758,-0.792992231871447
100th percentile,127,-0.914872617912837,-0.9723687181565758,-0.792992231871447
100th percentile,128,-0.914872617912837,-0.9723687181565758,-0.792992231871447
100th percentile,129,-0.9151575079667363,-0.9723687181565758,-0.792992231871447
100th percentile,130,-0.9151575079667363,-0.9723687181565758,-0.792992231871447
100th percentile,131,-0.9152217765629155,-0.9723687181565758,-0.792992231871447
100th percentile,132,-0.9152217765629155,-0.9723687181565758,-0.792992231871447
100th percentile,133,-0.9152217765629155,-0.9723687181565758,-0.792992231871447
100th percentile,134,-0.9152217765629155,-0.9723687181565758,-0.792992231871447
100th percentile,135,-0.9152217765629155,-0.9723687181565758,-0.792992231871447
100th percentile,136,-0.9154066103959924,-0.9723687181565758,-0.792992231871447
100th percentile,137,-0.9183780236793344,-0.9723687181565758,-0.7996779117589666
100th percentile,138,-0.9187754025633087,-0.9723687181565758,-0.7996779117589666
100th percentile,139,-0.9187884096923185,-0.9723687181565758,-0.7996779117589666
100th percentile,140,-0.918792416026152,-0.9723777324077014,-0.7996779117589666
100th percentile,141,-0.9188331853885071,-0.9723777324077014,-0.7996779117589666
100th percentile,142,-0.9188331853885071,-0.9723777324077014,-0.7996779117589666
100th percentile,143,-0.9188331853885071,-0.9723777324077014,-0.7996779117589666
100th percentile,144,-0.9206297581014035,-0.9723777324077014,-0.7996779117589666
100th percentile,145,-0.9232783019652675,-0.9723777324077014,-0.8056371354526615
100th percentile,146,-0.926051250991734,-0.9723777324077014,-0.8118762707622104
100th percentile,147,-0.9260518318761617,-0.9723777324077014,-0.8118762707622104
100th percentile,148,-0.9260519563904275,-0.9723777324077014,-0.8118762707622104
100th percentile,149,-0.9264238813160663,-0.9723777324077014,-0.8147586889359119
100th percentile,150,-0.9289977847950486,-0.9723777324077014,-0.8147586889359119
100th percentile,151,-0.9289977847950486,-0.9723777324077014,-0.8147586889359119
100th percentile,152,-0.9290037207372185,-0.9723777324077014,-0.8147586889359119
100th percentile,153,-0.9290037207372185,-0.9723777324077014,-0.8147586889359119
100th percentile,154,-0.9294670777826857,-0.9723777324077014,-0.8147586889359119
100th percentile,155,-0.9297788290708517,-0.9723777324077014,-0.8147586889359119
100th percentile,156,-0.930912944333641,-0.9723777441970588,-0.8172253485651949
100th percentile,157,-0.9309636105183807,-0.9723777441970588,-0.8172253485651949
100th percentile,158,-0.9309636105183807,-0.9723777441970588,-0.8172253485651949
100th percentile,159,-0.9315767617918949,-0.9723777441970588,-0.8184955942340891
100th percentile,160,-0.9316186562951257,-0.9723777441970588,-0.8185898568663584
100th percentile,161,-0.9317602069515752,-0.9723777441970588,-0.8189083458433698
100th percentile,162,-0.932178111891256,-0.9723777441970588,-0.8198486319576513
100th percentile,163,-0.932178111891256,-0.9723777441970588,-0.8198486319576513
100th percentile,164,-0.9322107744576712,-0.9723777441970588,-0.8199221227320856
100th percentile,165,-0.9334413408923228,-0.9723777441970588,-0.8219839920015412
100th percentile,166,-0.9334413408923228,-0.9723777441970588,-0.8219839920015412
100th percentile,167,-0.9334413408923228,-0.9723777441970588,-0.8219839920015412
100th percentile,168,-0.9335890061317418,-0.9723777441970588,-0.822316238790234
100th percentile,169,-0.9340633840650924,-0.9723777441970588,-0.8233835891402727
100th percentile,170,-0.9340840000637918,-0.9723777441970588,-0.8234299751373466
100th percentile,171,-0.9341439808604297,-0.9723777441970588,-0.8235649319297819
100th percentile,172,-0.9341439808604297,-0.9723777441970588,-0.8235649319297819
100th percentile,173,-0.9368915318935901,-0.9816795829984579,-0.8235649319297819
100th percentile,174,-0.9368915318935901,-0.9816795829984579,-0.8235649319297819
100th percentile,175,-0.9372058358072207,-0.9816795829984579,-0.8237030764858264
100th percentile,176,-0.9372116931427058,-0.9816795829984579,-0.823716255490668
100th percentile,177,-0.9372116931427058,-0.9816795829984579,-0.823716255490668
100th percentile,178,-0.9373651296266126,-0.9816795829984579,-0.823716255490668
100th percentile,179,-0.9374320440832438,-0.9816795829984579,-0.823716255490668
100th percentile,180,-0.9374726862775657,-0.9816795829984579,-0.8237951519200905
100th percentile,181,-0.9376390889786315,-0.9816795829984579,-0.8237951519200905
100th percentile,182,-0.9380507372900191,-0.9816795829984579,-0.8247213606207124
100th percentile,183,-0.9381007149860678,-0.9816795829984579,-0.8247213606207124
100th percentile,184,-0.9381015496870699,-0.9816795829984579,-0.8247213606207124
100th percentile,185,-0.9382538618615838,-0.9816795829984579,-0.8250640630133689
100th percentile,186,-0.9382538618615838,-0.9816795829984579,-0.8250640630133689
100th percentile,187,-0.9382538618615838,-0.9816795829984579,-0.8250640630133689
100th percentile,188,-0.9382538618615838,-0.9816795829984579,-0.8250640630133689
100th percentile,189,-0.9384327136675676,-0.9830656844948313,-0.8250640630133689
100th percentile,190,-0.9389681236752763,-0.987215112054574,-0.8250640630133689
100th percentile,191,-0.9389829359957877,-0.987215112054574,-0.8250640630133689
100th percentile,192,-0.9389829359957877,-0.987215112054574,-0.8250640630133689
100th percentile,193,-0.9389829359957877,-0.987215112054574,-0.8250640630133689
100th percentile,194,-0.9389829359957877,-0.987215112054574,-0.8250640630133689
100th percentile,195,-0.9389829359957877,-0.987215112054574,-0.8250640630133689
100th percentile,196,-0.9390119351902444,-0.9874398558116131,-0.8250640630133689
100th percentile,197,-0.9390119351902444,-0.9874398558116131,-0.8250640630133689
100th percentile,198,-0.9390119351902444,-0.9874398558116131,-0.8250640630133689
100th percentile,199,-0.9390119351902444,-0.9874398558116131,-0.8250640630133689
100th percentile,200,-0.9390119351902444,-0.9874398558116131,-0.8250640630133689
100th percentile,201,-0.9390119351902444,-0.9874398558116131,-0.8250640630133689
100th percentile,202,-0.9390119351902444,-0.9874398558116131,-0.8250640630133689
100th percentile,203,-0.9390119351902444,-0.9874398558116131,-0.8250640630133689
100th percentile,204,-0.9390119351902444,-0.9874398558116131,-0.8250640630133689
100th percentile,205,-0.9407816142307265,-0.9874398558116131,-0.8250640630133689
100th percentile,206,-0.9408674614119799,-0.9876364061601454,-0.8250640630133689
100th percentile,207,-0.9410653684271895,-0.9891701855280196,-0.8250640630133689
100th percentile,208,-0.9410653684271895,-0.9891701855280196,-0.8250640630133689
100th percentile,209,-0.9410653684271895,-0.9891701855280196,-0.8250640630133689
100th percentile,210,-0.9410653684271895,-0.9891701855280196,-0.8250640630133689
100th percentile,211,-0.9410653684271895,-0.9891701855280196,-0.8250640630133689
100th percentile,212,-0.9423189869673312,-0.9891701855280196,-0.8347796066994682
100th percentile,213,-0.9423211197939096,-0.9891867149340023,-0.8347796066994682
100th percentile,214,-0.9423211197939096,-0.9891867149340023,-0.8347796066994682
100th percentile,215,-0.9423211197939096,-0.9891867149340023,-0.8347796066994682
100th percentile,216,-0.9423211197939096,-0.9891867149340023,-0.8347796066994682
100th percentile,217,-0.9432454079196182,-0.9907507182032088,-0.8365557173019982
100th percentile,218,-0.9432454079196182,-0.9907507182032088,-0.8365557173019982
100th percentile,219,-0.9432626086530295,-0.990884023887147,-0.8365557173019982
100th percentile,220,-0.9432626086530295,-0.990884023887147,-0.8365557173019982
100th percentile,221,-0.9432626086530295,-0.990884023887147,-0.8365557173019982
100th percentile,222,-0.9432626086530295,-0.990884023887147,-0.8365557173019982
100th percentile,223,-0.9432626086530295,-0.990884023887147,-0.8365557173019982
100th percentile,224,-0.9432626086530295,-0.990884023887147,-0.8365557173019982
100th percentile,225,-0.9432626086530295,-0.990884023887147,-0.8365557173019982
100th percentile,226,-0.9432626086530295,-0.990884023887147,-0.8365557173019982
100th percentile,227,-0.9432626086530295,-0.990884023887147,-0.8365557173019982
100th percentile,228,-0.9432626086530295,-0.990884023887147,-0.8365557173019982
100th percentile,229,-0.9436584161527911,-0.9917745907616107,-0.8365557173019982
100th percentile,230,-0.9436584161527911,-0.9917745907616107,-0.8365557173019982
100th percentile,231,-0.9436675264642227,-0.9917950889623316,-0.8365557173019982
100th percentile,232,-0.9436675264642227,-0.9917950889623316,-0.8365557173019982
100th percentile,233,-0.9436675264642227,-0.9917950889623316,-0.8365557173019982
100th percentile,234,-0.9436675264642227,-0.9917950889623316,-0.8365557173019982
100th percentile,235,-0.9436675264642227,-0.9917950889623316,-0.8365557173019982
100th percentile,236,-0.94459763943325,-0.9922663881667788,-0.8365557173019982
100th percentile,237,-0.9446024043484232,-0.9923033162593715,-0.8365557173019982
100th percentile,238,-0.9446024043484232,-0.9923033162593715,-0.8365557173019982
100th percentile,239,-0.948267180069063,-0.9923437089707463,-0.8648185986866657
100th percentile,240,-0.9488484911053969,-0.9923437089707463,-0.8693237592182534
100th percentile,241,-0.9488484911053969,-0.9923437089707463,-0.8693237592182534
100th percentile,242,-0.9500511633882237,-0.9923437089707463,-0.8786439950744326
100th percentile,243,-0.9503933518151142,-0.9923437089707463,-0.8812959553828341
100th percentile,244,-0.957242692174108,-0.9923437089707463,-0.9281581473470749
100th percentile,245,-0.9584904284830709,-0.9923437089707463,-0.9301204999389262
100th percentile,246,-0.9590237871811237,-0.9923437089707463,-0.9301204999389262
100th percentile,247,-0.9590237871811237,-0.9923437089707463,-0.9301204999389262
100th percentile,248,-0.9590237871811237,-0.9923437089707463,-0.9301204999389262
100th percentile,249,-0.9597577964299748,-0.9923437089707463,-0.9301204999389262
100th percentile,250,-0.9607610144960864,-0.9928057102333885,-0.9301204999389262
100th percentile,251,-0.9607679397481693,-0.9928057102333885,-0.9301204999389262
100th percentile,252,-0.9607903463938972,-0.9928057102333885,-0.9301204999389262
100th percentile,253,-0.9611766425788939,-0.9928057102333885,-0.9301204999389262
100th percentile,254,-0.9615582519154271,-0.9928057102333885,-0.9301204999389262
100th percentile,255,-0.9615582519154271,-0.9928057102333885,-0.9301204999389262
100th percentile,256,-0.9615582519154271,-0.9928057102333885,-0.9301204999389262
100th percentile,257,-0.9615582519154271,-0.9928057102333885,-0.9301204999389262
100th percentile,258,-0.9615582519154271,-0.9928057102333885,-0.9301204999389262
100th percentile,259,-0.9615582519154271,-0.9928057102333885,-0.9301204999389262
100th percentile,260,-0.9615582519154271,-0.9928057102333885,-0.9301204999389262
100th percentile,261,-0.9615654192679036,-0.9928057102333885,-0.9301204999389262
100th percentile,262,-0.9616633380253428,-0.9928057102333885,-0.9301204999389262
100th percentile,263,-0.9617506305990171,-0.9928057102333885,-0.9301204999389262
100th percentile,264,-0.9617506305990171,-0.9928057102333885,-0.9301204999389262
100th percentile,265,-0.9617506305990171,-0.9928057102333885,-0.9301204999389262
100th percentile,266,-0.9617561763428372,-0.9928057102333885,-0.9301204999389262
100th percentile,267,-0.9617566142066531,-0.992809103677962,-0.9301204999389262
100th percentile,268,-0.9623156202933745,-0.992809103677962,-0.9301204999389262
100th percentile,269,-0.9623156202933745,-0.992809103677962,-0.9301204999389262
100th percentile,270,-0.9623156202933745,-0.992809103677962,-0.9301204999389262
100th percentile,271,-0.9625816081513594,-0.992809103677962,-0.9301204999389262
100th percentile,272,-0.9625816081513594,-0.992809103677962,-0.9301204999389262
100th percentile,273,-0.9625816081513594,-0.992809103677962,-0.9301204999389262
100th percentile,274,-0.9656212332612881,-0.992809103677962,-0.9477611064323614
100th percentile,275,-0.9656212332612881,-0.992809103677962,-0.9477611064323614
100th percentile,276,-0.9656212332612881,-0.992809103677962,-0.9477611064323614
100th percentile,277,-0.9656212332612881,-0.992809103677962,-0.9477611064323614
100th percentile,278,-0.9657061363830748,-0.992809103677962,-0.9477611064323614
100th percentile,279,-0.9657061363830748,-0.992809103677962,-0.9477611064323614
100th percentile,280,-0.9657094987269739,-0.992809103677962,-0.9477611064323614
100th percentile,281,-0.966243305159486,-0.992809103677962,-0.9477611064323614
100th percentile,282,-0.966243305159486,-0.992809103677962,-0.9477611064323614
100th percentile,283,-0.966243305159486,-0.992809103677962,-0.9477611064323614
100th percentile,284,-0.966243305159486,-0.992809103677962,-0.9477611064323614
100th percentile,285,-0.966243305159486,-0.992809103677962,-0.9477611064323614
100th percentile,286,-0.966243305159486,-0.992809103677962,-0.9477611064323614
100th percentile,287,-0.966243305159486,-0.992809103677962,-0.9477611064323614
100th percentile,288,-0.966243305159486,-0.992809103677962,-0.9477611064323614
100th percentile,289,-0.966243305159486,-0.992809103677962,-0.9477611064323614
100th percentile,290,-0.966243305159486,-0.992809103677962,-0.9477611064323614
100th percentile,291,-0.966243305159486,-0.992809103677962,-0.9477611064323614
100th percentile,292,-0.966243305159486,-0.992809103677962,-0.9477611064323614
100th percentile,293,-0.966243305159486,-0.992809103677962,-0.9477611064323614
100th percentile,294,-0.966243305159486,-0.992809103677962,-0.9477611064323614
100th percentile,295,-0.966243305159486,-0.992809103677962,-0.9477611064323614
100th percentile,296,-0.966243305159486,-0.992809103677962,-0.9477611064323614
100th percentile,297,-0.966243305159486,-0.992809103677962,-0.9477611064323614
100th percentile,298,-0.966243305159486,-0.992809103677962,-0.9477611064323614
100th percentile,299,-0.9662757678465763,-0.992809103677962,-0.9477611064323614
100th percentile,300,-0.9662757678465763,-0.992809103677962,-0.9477611064323614
100th percentile,301,-0.9662757678465763,-0.992809103677962,-0.9477611064323614
100th percentile,302,-0.9662757678465763,-0.992809103677962,-0.9477611064323614
100th percentile,303,-0.9662757678465763,-0.992809103677962,-0.9477611064323614
100th percentile,304,-0.9662757678465763,-0.992809103677962,-0.9477611064323614
100th percentile,305,-0.9671351721883463,-0.992809103677962,-0.9477611064323614
100th percentile,306,-0.9672655006954758,-0.9928152061479343,-0.9477611064323614
100th percentile,307,-0.9672677395562191,-0.9928152061479343,-0.9477784576031218
100th percentile,308,-0.9672677395562191,-0.9928152061479343,-0.9477784576031218
100th percentile,309,-0.9672677395562191,-0.9928152061479343,-0.9477784576031218
100th percentile,310,-0.9680924408012217,-0.9928152061479343,-0.9477784576031218
100th percentile,311,-0.9681198394141075,-0.9928152061479343,-0.9477784576031218
100th percentile,312,-0.9681198394141075,-0.9928152061479343,-0.9477784576031218
100th percentile,313,-0.9681198394141075,-0.9928152061479343,-0.9477784576031218
100th percentile,314,-0.9681198394141075,-0.9928152061479343,-0.9477784576031218
100th percentile,315,-0.9681198394141075,-0.9928152061479343,-0.9477784576031218
100th percentile,316,-0.9681198394141075,-0.9928152061479343,-0.9477784576031218
100th percentile,317,-0.9681198394141075,-0.9928152061479343,-0.9477784576031218
100th percentile,318,-0.9681198394141075,-0.9928152061479343,-0.9477784576031218
100th percentile,319,-0.9681198394141075,-0.9928152061479343,-0.9477784576031218
100th percentile,320,-0.9681198394141075,-0.9928152061479343,-0.9477784576031218
100th percentile,321,-0.9681198394141075,-0.9928152061479343,-0.9477784576031218
100th percentile,322,-0.9681198394141075,-0.9928152061479343,-0.9477784576031218
100th percentile,323,-0.9681198394141075,-0.9928152061479343,-0.9477784576031218
100th percentile,324,-0.9681198394141075,-0.9928152061479343,-0.9477784576031218
100th percentile,325,-0.9681198394141075,-0.9928152061479343,-0.9477784576031218
100th percentile,326,-0.9681198394141075,-0.9928152061479343,-0.9477784576031218
100th percentile,327,-0.9681198394141075,-0.9928152061479343,-0.9477784576031218
100th percentile,328,-0.9681198394141075,-0.9928152061479343,-0.9477784576031218
100th percentile,329,-0.9681198394141075,-0.9928152061479343,-0.9477784576031218
100th percentile,330,-0.9681198394141075,-0.9928152061479343,-0.9477784576031218
100th percentile,331,-0.9681198394141075,-0.9928152061479343,-0.9477784576031218
100th percentile,332,-0.9681198394141075,-0.9928152061479343,-0.9477784576031218
100th percentile,333,-0.9681991171515609,-0.9928152061479343,-0.9477784576031218
100th percentile,334,-0.9682832845164011,-0.9928152061479343,-0.9477784576031218
100th percentile,335,-0.9684164426135087,-0.9928152061479343,-0.9477784576031218
100th percentile,336,-0.9685282039246111,-0.9928152061479343,-0.9477784576031218
100th percentile,337,-0.9685282039246111,-0.9928152061479343,-0.9477784576031218
100th percentile,338,-0.9685282039246111,-0.9928152061479343,-0.9477784576031218
100th percentile,339,-0.9686398245097962,-0.9928152061479343,-0.9477784576031218
100th percentile,340,-0.9686398245097962,-0.9928152061479343,-0.9477784576031218
100th percentile,341,-0.9686398245097962,-0.9928152061479343,-0.9477784576031218
100th percentile,342,-0.9686398245097962,-0.9928152061479343,-0.9477784576031218
100th percentile,343,-0.9689199473140319,-0.9928152061479343,-0.9477784576031218
100th percentile,344,-0.9689199473140319,-0.9928152061479343,-0.9477784576031218
100th percentile,345,-0.9689199473140319,-0.9928152061479343,-0.9477784576031218
100th percentile,346,-0.9689199473140319,-0.9928152061479343,-0.9477784576031218
100th percentile,347,-0.9689199473140319,-0.9928152061479343,-0.9477784576031218
100th percentile,348,-0.9689199473140319,-0.9928152061479343,-0.9477784576031218
100th percentile,349,-0.9689199473140319,-0.9928152061479343,-0.9477784576031218
100th percentile,350,-0.9689199473140319,-0.9928152061479343,-0.9477784576031218
100th percentile,351,-0.9689199473140319,-0.9928152061479343,-0.9477784576031218
100th percentile,352,-0.9689199473140319,-0.9928152061479343,-0.9477784576031218
100th percentile,353,-0.9689199473140319,-0.9928152061479343,-0.9477784576031218
100th percentile,354,-0.9689223613081364,-0.9928152061479343,-0.9477784576031218
100th percentile,355,-0.9689223613081364,-0.9928152061479343,-0.9477784576031218
100th percentile,356,-0.9689223613081364,-0.9928152061479343,-0.9477784576031218
100th percentile,357,-0.9689258431938219,-0.9928152061479343,-0.9477784576031218
100th percentile,358,-0.9689258431938219,-0.9928152061479343,-0.9477784576031218
100th percentile,359,-0.9689258431938219,-0.9928152061479343,-0.9477784576031218
100th percentile,360,-0.9689258431938219,-0.9928152061479343,-0.9477784576031218
100th percentile,361,-0.9689258431938219,-0.9928152061479343,-0.9477784576031218
100th percentile,362,-0.9689260300952555,-0.9928152061479343,-0.9477784576031218
100th percentile,363,-0.9689260300952555,-0.9928152061479343,-0.9477784576031218
100th percentile,364,-0.9689260300952555,-0.9928152061479343,-0.9477784576031218
100th percentile,365,-0.9689260300952555,-0.9928152061479343,-0.9477784576031218
100th percentile,366,-0.9689260300952555,-0.9928152061479343,-0.9477784576031218
100th percentile,367,-0.9689260300952555,-0.9928152061479343,-0.9477784576031218
100th percentile,368,-0.9689278263548949,-0.9928152061479343,-0.9477810353354832
100th percentile,369,-0.9689278263548949,-0.9928152061479343,-0.9477810353354832
100th percentile,370,-0.9689278263548949,-0.9928152061479343,-0.9477810353354832
100th percentile,371,-0.9689278263548949,-0.9928152061479343,-0.9477810353354832
100th percentile,372,-0.9689278263548949,-0.9928152061479343,-0.9477810353354832
100th percentile,373,-0.9689278263548949,-0.9928152061479343,-0.9477810353354832
100th percentile,374,-0.9689278263548949,-0.9928152061479343,-0.9477810353354832
100th percentile,375,-0.9689278263548949,-0.9928152061479343,-0.9477810353354832
100th percentile,376,-0.9689278263548949,-0.9928152061479343,-0.9477810353354832
100th percentile,377,-0.9689278263548949,-0.9928152061479343,-0.9477810353354832
100th percentile,378,-0.9689278263548949,-0.9928152061479343,-0.9477810353354832
100th percentile,379,-0.9689278263548949,-0.9928152061479343,-0.9477810353354832
100th percentile,380,-0.9689278263548949,-0.9928152061479343,-0.9477810353354832
100th percentile,381,-0.9689283076438582,-0.9928152061479343,-0.9477810353354832
100th percentile,382,-0.9689284417460143,-0.9928152061479343,-0.9477810353354832
100th percentile,383,-0.9689284417460143,-0.9928152061479343,-0.9477810353354832
100th percentile,384,-0.9689284417460143,-0.9928152061479343,-0.9477810353354832
100th percentile,385,-0.9689284417460143,-0.9928152061479343,-0.9477810353354832
100th percentile,386,-0.9689284417460143,-0.9928152061479343,-0.9477810353354832
100th percentile,387,-0.9689284417460143,-0.9928152061479343,-0.9477810353354832
100th percentile,388,-0.9689396299650616,-0.9928152061479343,-0.9477810353354832
100th percentile,389,-0.9689396299650616,-0.9928152061479343,-0.9477810353354832
100th percentile,390,-0.9689396299650616,-0.9928152061479343,-0.9477810353354832
100th percentile,391,-0.9689398156464873,-0.9928152061479343,-0.9477810353354832
100th percentile,392,-0.9689398156464873,-0.9928152061479343,-0.9477810353354832
100th percentile,393,-0.9689398156464873,-0.9928152061479343,-0.9477810353354832
100th percentile,394,-0.9689399233122196,-0.9928152061479343,-0.9477810353354832
100th percentile,395,-0.9689399233122196,-0.9928152061479343,-0.9477810353354832
100th percentile,396,-0.9689399233122196,-0.9928152061479343,-0.9477810353354832
100th percentile,397,-0.9689399233122196,-0.9928152061479343,-0.9477810353354832
100th percentile,398,-0.9689399233122196,-0.9928152061479343,-0.9477810353354832
100th percentile,399,-0.9689399233122196,-0.9928152061479343,-0.9477810353354832
100th percentile,400,-0.9689399233122196,-0.9928152061479343,-0.9477810353354832
100th percentile,401,-0.9689399233122196,-0.9928152061479343,-0.9477810353354832
100th percentile,402,-0.9689399233122196,-0.9928152061479343,-0.9477810353354832
100th percentile,403,-0.9689399233122196,-0.9928152061479343,-0.9477810353354832
100th percentile,404,-0.9689399233122196,-0.9928152061479343,-0.9477810353354832
100th percentile,405,-0.9689399233122196,-0.9928152061479343,-0.9477810353354832
100th percentile,406,-0.9689399233122196,-0.9928152061479343,-0.9477810353354832
100th percentile,407,-0.9689399233122196,-0.9928152061479343,-0.9477810353354832
100th percentile,408,-0.9689399233122196,-0.9928152061479343,-0.9477810353354832
100th percentile,409,-0.9689399233122196,-0.9928152061479343,-0.9477810353354832
100th percentile,410,-0.9689399233122196,-0.9928152061479343,-0.9477810353354832
100th percentile,411,-0.9689399233122196,-0.9928152061479343,-0.9477810353354832
100th percentile,412,-0.9689399233122196,-0.9928152061479343,-0.9477810353354832
100th percentile,413,-0.9689399233122196,-0.9928152061479343,-0.9477810353354832
100th percentile,414,-0.9689399233122196,-0.9928152061479343,-0.9477810353354832
100th percentile,415,-0.9689399233122196,-0.9928152061479343,-0.9477810353354832
100th percentile,416,-0.968940876514937,-0.9928155828026858,-0.9477810353354832
100th percentile,417,-0.968940876514937,-0.9928155828026858,-0.9477810353354832
100th percentile,418,-0.9691056471737916,-0.9928155828026858,-0.9477810353354832
100th percentile,419,-0.9691056471737916,-0.9928155828026858,-0.9477810353354832
100th percentile,420,-0.9691056471737916,-0.9928155828026858,-0.9477810353354832
100th percentile,421,-0.9691068180691167,-0.9928155828026858,-0.9477810353354832
100th percentile,422,-0.9691068180691167,-0.9928155828026858,-0.9477810353354832
100th percentile,423,-0.9691068180691167,-0.9928155828026858,-0.9477810353354832
100th percentile,424,-0.9691068180691167,-0.9928155828026858,-0.9477810353354832
100th percentile,425,-0.9691068180691167,-0.9928155828026858,-0.9477810353354832
100th percentile,426,-0.9691068180691167,-0.9928155828026858,-0.9477810353354832
100th percentile,427,-0.969106843055331,-0.9928155828026858,-0.9477810353354832
100th percentile,428,-0.969106843055331,-0.9928155828026858,-0.9477810353354832
100th percentile,429,-0.969106843055331,-0.9928155828026858,-0.9477810353354832
100th percentile,430,-0.969106843055331,-0.9928155828026858,-0.9477810353354832
100th percentile,431,-0.9704178404881076,-0.9928155828026858,-0.9477810353354832
100th percentile,432,-0.9704178404881076,-0.9928155828026858,-0.9477810353354832
100th percentile,433,-0.9704178404881076,-0.9928155828026858,-0.9477810353354832
100th percentile,434,-0.9704178404881076,-0.9928155828026858,-0.9477810353354832
100th percentile,435,-0.9704178404881076,-0.9928155828026858,-0.9477810353354832
100th percentile,436,-0.9704178404881076,-0.9928155828026858,-0.9477810353354832
100th percentile,437,-0.9704178404881076,-0.9928155828026858,-0.9477810353354832
100th percentile,438,-0.9704178404881076,-0.9928155828026858,-0.9477810353354832
100th percentile,439,-0.9704178404881076,-0.9928155828026858,-0.9477810353354832
100th percentile,440,-0.9704178404881076,-0.9928155828026858,-0.9477810353354832
100th percentile,441,-0.9704178404881076,-0.9928155828026858,-0.9477810353354832
100th percentile,442,-0.9704178404881076,-0.9928155828026858,-0.9477810353354832
100th percentile,443,-0.9704178404881076,-0.9928155828026858,-0.9477810353354832
100th percentile,444,-0.9704178404881076,-0.9928155828026858,-0.9477810353354832
100th percentile,445,-0.9704366632970975,-0.9928155828026858,-0.9477810353354832
100th percentile,446,-0.9704366632970975,-0.9928155828026858,-0.9477810353354832
100th percentile,447,-0.9704366632970975,-0.9928155828026858,-0.9477810353354832
100th percentile,448,-0.9704366632970975,-0.9928155828026858,-0.9477810353354832
100th percentile,449,-0.9704369748875472,-0.9928155828026858,-0.9477810353354832
100th percentile,450,-0.9704369748875472,-0.9928155828026858,-0.9477810353354832
100th percentile,451,-0.9704369748875472,-0.9928155828026858,-0.9477810353354832
100th percentile,452,-0.9704369748875472,-0.9928155828026858,-0.9477810353354832
100th percentile,453,-0.9704372718538762,-0.9928155828026858,-0.9477810353354832
100th percentile,454,-0.9704372718538762,-0.9928155828026858,-0.9477810353354832
100th percentile,455,-0.9704372718538762,-0.9928155828026858,-0.9477810353354832
100th percentile,456,-0.9704378670216991,-0.9928155828026858,-0.9477810353354832
100th percentile,457,-0.9704378670216991,-0.9928155828026858,-0.9477810353354832
100th percentile,458,-0.9704378670216991,-0.9928155828026858,-0.9477810353354832
100th percentile,459,-0.9704378670216991,-0.9928155828026858,-0.9477810353354832
100th percentile,460,-0.9704378670216991,-0.9928155828026858,-0.9477810353354832
100th percentile,461,-0.9704583689888955,-0.9928155828026858,-0.9477810353354832
100th percentile,462,-0.9704583689888955,-0.9928155828026858,-0.9477810353354832
100th percentile,463,-0.9704583689888955,-0.9928155828026858,-0.9477810353354832
100th percentile,464,-0.9704583689888955,-0.9928155828026858,-0.9477810353354832
100th percentile,465,-0.9704583689888955,-0.9928155828026858,-0.9477810353354832
100th percentile,466,-0.9704583689888955,-0.9928155828026858,-0.9477810353354832
100th percentile,467,-0.9704583689888955,-0.9928155828026858,-0.9477810353354832
100th percentile,468,-0.9704583689888955,-0.9928155828026858,-0.9477810353354832
100th percentile,469,-0.9704583689888955,-0.9928155828026858,-0.9477810353354832
100th percentile,470,-0.9704583689888955,-0.9928155828026858,-0.9477810353354832
100th percentile,471,-0.9704737901140283,-0.9928155828026858,-0.9477810353354832
100th percentile,472,-0.9704737901140283,-0.9928155828026858,-0.9477810353354832
100th percentile,473,-0.9704737901140283,-0.9928155828026858,-0.9477810353354832
100th percentile,474,-0.9704737901140283,-0.9928155828026858,-0.9477810353354832
100th percentile,475,-0.9704737901140283,-0.9928155828026858,-0.9477810353354832
100th percentile,476,-0.9704737901140283,-0.9928155828026858,-0.9477810353354832
100th percentile,477,-0.9704737901140283,-0.9928155828026858,-0.9477810353354832
100th percentile,478,-0.9704737901140283,-0.9928155828026858,-0.9477810353354832
100th percentile,479,-0.9704737901140283,-0.9928155828026858,-0.9477810353354832
100th percentile,480,-0.9704737901140283,-0.9928155828026858,-0.9477810353354832
100th percentile,481,-0.9704737901140283,-0.9928155828026858,-0.9477810353354832
100th percentile,482,-0.9704737901140283,-0.9928155828026858,-0.9477810353354832
100th percentile,483,-0.9704737901140283,-0.9928155828026858,-0.9477810353354832
100th percentile,484,-0.9704737901140283,-0.9928155828026858,-0.9477810353354832
100th percentile,485,-0.9704737901140283,-0.9928155828026858,-0.9477810353354832
100th percentile,486,-0.9704737901140283,-0.9928155828026858,-0.9477810353354832
100th percentile,487,-0.9704737901140283,-0.9928155828026858,-0.9477810353354832
100th percentile,488,-0.9704862908407129,-0.9928235506858772,-0.9477810353354832
100th percentile,489,-0.9704862908407129,-0.9928235506858772,-0.9477810353354832
100th percentile,490,-0.9704862908407129,-0.9928235506858772,-0.9477810353354832
100th percentile,491,-0.9704862908407129,-0.9928235506858772,-0.9477810353354832
100th percentile,492,-0.9704862908407129,-0.9928235506858772,-0.9477810353354832
100th percentile,493,-0.9704862908407129,-0.9928235506858772,-0.9477810353354832
100th percentile,494,-0.9704862908407129,-0.9928235506858772,-0.9477810353354832
100th percentile,495,-0.9704862908407129,-0.9928235506858772,-0.9477810353354832
100th percentile,496,-0.9704862908407129,-0.9928235506858772,-0.9477810353354832
100th percentile,497,-0.9704862908407129,-0.9928235506858772,-0.9477810353354832
100th percentile,498,-0.9704862908407129,-0.9928235506858772,-0.9477810353354832
100th percentile,499,-0.9704862908407129,-0.9928235506858772,-0.9477810353354832
100th percentile,500,-0.9709026503865793,-0.9928235506858772,-0.9477810353354832
Practical range (≤500 mg/L),1,-0.6206049319919329,-0.7145404950862729,-0.49211244680202904
Practical range (≤500 mg/L),2,-0.6368744421336772,-0.7265170187657042,-0.5139418742441156
Practical range (≤500 mg/L),3,-0.6883709260595356,-0.7490036372730196,-0.6025446997543483
Practical range (≤500 mg/L),4,-0.7148431431765001,-0.7648553018625098,-0.6302704979703123
Practical range (≤500 mg/L),5,-0.720753500346936,-0.7750345519764962,-0.6418484260318089
Practical range (≤500 mg/L),6,-0.7305945761340701,-0.7750345519764962,-0.6497819900671817
Practical range (≤500 mg/L),7,-0.7397620002388988,-0.7750345519764962,-0.6740441883317775
Practical range (≤500 mg/L),8,-0.7550851156724774,-0.8014218215831111,-0.6985276017002632
Practical range (≤500 mg/L),9,-0.7596282832882634,-0.8014218215831111,-0.7135829123267711
Practical range (≤500 mg/L),10,-0.7614188707192566,-0.8015070985573323,-0.7169217580637114
Practical range (≤500 mg/L),11,-0.7678052622994258,-0.8022944627627813,-0.7286411101336467
Practical range (≤500 mg/L),12,-0.7701389982635231,-0.8022944627627813,-0.7459285982050647
Practical range (≤500 mg/L),13,-0.7718251520605265,-0.8034317756626389,-0.7459285982050647
Practical range (≤500 mg/L),14,-0.7745920913334333,-0.8034317756626389,-0.7497714597139332
Practical range (≤500 mg/L),15,-0.7773541820220118,-0.8034317756626389,-0.7497714597139332
Practical range (≤500 mg/L),16,-0.7796851940035061,-0.8034317756626389,-0.7505276747946196
Practical range (≤500 mg/L),17,-0.7817001106778634,-0.8039442885092962,-0.7516808986727053
Practical range (≤500 mg/L),18,-0.7851170335142282,-0.8129856257796183,-0.7516808986727053
Practical range (≤500 mg/L),19,-0.7928080428956059,-0.864323825629866,-0.7538136795851299
Practical range (≤500 mg/L),20,-0.7942121956847286,-0.8668958015250422,-0.7587062173752298
Practical range (≤500 mg/L),21,-0.8001484663260376,-0.8839905315677177,-0.7704154023595667
Practical range (≤500 mg/L),22,-0.8024241316330993,-0.8861553037728502,-0.7708889706634081
Practical range (≤500 mg/L),23,-0.8040141368747676,-0.8931803603195699,-0.7708889706634081
Practical range (≤500 mg/L),24,-0.8045279649925459,-0.893293338038742,-0.77117065093207
Practical range (≤500 mg/L),25,-0.8083346183464739,-0.9148011497830788,-0.7757479210787877
Practical range (≤500 mg/L),26,-0.8085925860910222,-0.9148011497830788,-0.7757479210787877
Practical range (≤500 mg/L),27,-0.8087436594630348,-0.9148011497830788,-0.7757479210787877
Practical range (≤500 mg/L),28,-0.8098214364276515,-0.9155441486227415,-0.7757479210787877
Practical range (≤500 mg/L),29,-0.8102508397387593,-0.9155441486227415,-0.7757479210787877
Practical range (≤500 mg/L),30,-0.8102508397387593,-0.9155441486227415,-0.7757479210787877
Practical range (≤500 mg/L),31,-0.813245249728735,-0.926572452778257,-0.7757479210787877
Practical range (≤500 mg/L),32,-0.814668714100287,-0.9293892117107193,-0.777077600302057
Practical range (≤500 mg/L),33,-0.8147054947670554,-0.9293892117107193,-0.7771603568022859
Practical range (≤500 mg/L),34,-0.8197164976363455,-0.9342911134806637,-0.7771603568022859
Practical range (≤500 mg/L),35,-0.8197191897814605,-0.9342911134806637,-0.7771603568022859
Practical range (≤500 mg/L),36,-0.8207774602913354,-0.9342911134806637,-0.7853619532538166
Practical range (≤500 mg/L),37,-0.8207774602913354,-0.9342911134806637,-0.7853619532538166
Practical range (≤500 mg/L),38,-0.8247032926722797,-0.9347288699001008,-0.7853619532538166
Practical range (≤500 mg/L),39,-0.8261857330372233,-0.942691981002811,-0.7853948744278944
Practical range (≤500 mg/L),40,-0.8328169779690947,-0.9452493951174005,-0.787079528448477
Practical range (≤500 mg/L),41,-0.8328171358002298,-0.9452493951174005,-0.7870807516397741
Practical range (≤500 mg/L),42,-0.8328187642184517,-0.9452493951174005,-0.7870807516397741
Practical range (≤500 mg/L),43,-0.8330484934935928,-0.9463423469341372,-0.7870807516397741
Practical range (≤500 mg/L),44,-0.8422904889006411,-0.9466358773632888,-0.7870818633651719
Practical range (≤500 mg/L),45,-0.8428337308726939,-0.9474051755089568,-0.787548502059945
Practical range (≤500 mg/L),46,-0.8438707166742072,-0.9488013159377103,-0.7890704500692011
Practical range (≤500 mg/L),47,-0.8438975803832098,-0.9488013159377103,-0.7890704500692011
Practical range (≤500 mg/L),48,-0.8456106858997211,-0.9488013159377103,-0.7890704500692011
Practical range (≤500 mg/L),49,-0.8483528072729586,-0.9488013159377103,-0.7890704500692011
Practical range (≤500 mg/L),50,-0.848792279394684,-0.9488430799317908,-0.7890704500692011
Practical range (≤500 mg/L),51,-0.8487924495685839,-0.9488434628230656,-0.7890704500692011
Practical range (≤500 mg/L),52,-0.8492885075364199,-0.9488434628230656,-0.7890704500692011
Practical range (≤500 mg/L),53,-0.8511910957824226,-0.950326286512262,-0.7890704500692011
Practical range (≤500 mg/L),54,-0.8519846682740546,-0.9503474923522643,-0.7890704500692011
Practical range (≤500 mg/L),55,-0.8552957525295929,-0.9503474923522643,-0.7890704500692011
Practical range (≤500 mg/L),56,-0.8554562712897065,-0.9503474923522643,-0.7890704500692011
Practical range (≤500 mg/L),57,-0.8565262740531534,-0.9503476431095279,-0.7890707057255579
Practical range (≤500 mg/L),58,-0.8566109597997723,-0.9504506415383954,-0.7891582502265828
Practical range (≤500 mg/L),59,-0.8566109597997723,-0.9504506415383954,-0.7891582502265828
Practical range (≤500 mg/L),60,-0.8587413470152716,-0.9527174926796234,-0.7891582502265828
Practical range (≤500 mg/L),61,-0.8591542699251221,-0.9527174926796234,-0.7891582502265828
Practical range (≤500 mg/L),62,-0.8594902649724988,-0.9527174926796234,-0.7895224349486456
Practical range (≤500 mg/L),63,-0.8594902649724988,-0.9527174926796234,-0.7895224349486456
Practical range (≤500 mg/L),64,-0.8615988790054778,-0.9529122607560077,-0.7923128002729005
Practical range (≤500 mg/L),65,-0.8616127687494959,-0.9529122607560077,-0.7923128002729005
Practical range (≤500 mg/L),66,-0.8620367964844922,-0.953500604148199,-0.7923128002729005
Practical range (≤500 mg/L),67,-0.862059588572284,-0.953500604148199,-0.7923128002729005
Practical range (≤500 mg/L),68,-0.8635194558641655,-0.953500604148199,-0.7923128002729005
Practical range (≤500 mg/L),69,-0.8635194558641655,-0.953500604148199,-0.7923128002729005
Practical range (≤500 mg/L),70,-0.8635335520799547,-0.9536098498205654,-0.7923128002729005
Practical range (≤500 mg/L),71,-0.8637215240312253,-0.9540327867109245,-0.7923128002729005
Practical range (≤500 mg/L),72,-0.8637215240312253,-0.9540327867109245,-0.7923128002729005
Practical range (≤500 mg/L),73,-0.8637215240312253,-0.9540327867109245,-0.7923128002729005
Practical range (≤500 mg/L),74,-0.8637420233526841,-0.9540628675209883,-0.7923128002729005
Practical range (≤500 mg/L),75,-0.8637594343075914,-0.9540899625389697,-0.7923128002729005
Practical range (≤500 mg/L),76,-0.8637868908536195,-0.9540899625389697,-0.7925255885046186
Practical range (≤500 mg/L),77,-0.8643294572305698,-0.9550300686988685,-0.7934923344863313
Practical range (≤500 mg/L),78,-0.8655390551084119,-0.9550300686988685,-0.7968845187223177
Practical range (≤500 mg/L),79,-0.8658545837404528,-0.9550300686988685,-0.7983763499840577
Practical range (≤500 mg/L),80,-0.8658703536187289,-0.9550551728965082,-0.7983763499840577
Practical range (≤500 mg/L),81,-0.8658956252714576,-0.9550551728965082,-0.7983763499840577
Practical range (≤500 mg/L),82,-0.8659605511033049,-0.9550551728965082,-0.7984660534606061
Practical range (≤500 mg/L),83,-0.8663603604529134,-0.9550551728965082,-0.7984660534606061
Practical range (≤500 mg/L),84,-0.8663648761387271,-0.9550551728965082,-0.7984660534606061
Practical range (≤500 mg/L),85,-0.8664832979920437,-0.9550551728965082,-0.7984660534606061
Practical range (≤500 mg/L),86,-0.8664851414443036,-0.9550551728965082,-0.7984660534606061
Practical range (≤500 mg/L),87,-0.8680721177097483,-0.9550551728965082,-0.7984660534606061
Practical range (≤500 mg/L),88,-0.8680721177097483,-0.9550551728965082,-0.7984660534606061
Practical range (≤500 mg/L),89,-0.8680839039607111,-0.9551465163414697,-0.7984660534606061
Practical range (≤500 mg/L),90,-0.8683179197015315,-0.9556730517583159,-0.7984660534606061
Practical range (≤500 mg/L),91,-0.8683179197015315,-0.9556730517583159,-0.7984660534606061
Practical range (≤500 mg/L),92,-0.8688768827502991,-0.9569207593514482,-0.7984660534606061
Practical range (≤500 mg/L),93,-0.8688768827502991,-0.9569207593514482,-0.7984660534606061
Practical range (≤500 mg/L),94,-0.8705788951069048,-0.9569207593514482,-0.7984660534606061
Practical range (≤500 mg/L),95,-0.870721255207316,-0.9572410695773734,-0.7984660534606061
Practical range (≤500 mg/L),96,-0.8707780442268716,-0.9572410695773734,-0.7984660534606061
Practical range (≤500 mg/L),97,-0.8708614619821272,-0.9572410695773734,-0.7984660534606061
Practical range (≤500 mg/L),98,-0.8708739556658447,-0.9572410695773734,-0.7984941642489702
Practical range (≤500 mg/L),99,-0.8710051864475087,-0.9572410695773734,-0.7987615765310421
Practical range (≤500 mg/L),100,-0.8710092904555207,-0.9572410695773734,-0.7987708105490693
Practical range (≤500 mg/L),101,-0.8710879116773492,-0.9573700783356754,-0.7987708105490693
Practical range (≤500 mg/L),102,-0.8719491223423372,-0.9579483726917899,-0.7987708105490693
Practical range (≤500 mg/L),103,-0.8719889987864606,-0.9579483726917899,-0.7987708105490693
Practical range (≤500 mg/L),104,-0.8721035872885894,-0.9579483726917899,-0.7987708105490693
Practical range (≤500 mg/L),105,-0.8721035872885894,-0.9579483726917899,-0.7987708105490693
Practical range (≤500 mg/L),106,-0.8721082731757732,-0.9579483726917899,-0.7987708105490693
Practical range (≤500 mg/L),107,-0.8721294170076865,-0.9579483726917899,-0.7989346752463966
Practical range (≤500 mg/L),108,-0.8721294170076865,-0.9579483726917899,-0.7989346752463966
Practical range (≤500 mg/L),109,-0.8721294170076865,-0.9579483726917899,-0.7989346752463966
Practical range (≤500 mg/L),110,-0.8727507205464384,-0.9593323176981944,-0.7989346752463966
Practical range (≤500 mg/L),111,-0.8727507205464384,-0.9593323176981944,-0.7989346752463966
Practical range (≤500 mg/L),112,-0.8727510241251062,-0.9593323176981944,-0.7989353582983995
Practical range (≤500 mg/L),113,-0.8727510241251062,-0.9593323176981944,-0.7989353582983995
Practical range (≤500 mg/L),114,-0.8727510241251062,-0.9593323176981944,-0.7989353582983995
Practical range (≤500 mg/L),115,-0.8727510241251062,-0.9593323176981944,-0.7989353582983995
Practical range (≤500 mg/L),116,-0.8727514726621391,-0.9593323176981944,-0.7989363675067235
Practical range (≤500 mg/L),117,-0.8727875062668652,-0.9593323176981944,-0.7989363675067235
Practical range (≤500 mg/L),118,-0.8727884230500971,-0.9593323176981944,-0.7989363675067235
Practical range (≤500 mg/L),119,-0.8728056266795031,-0.9593323176981944,-0.7989363675067235
Practical range (≤500 mg/L),120,-0.8728056266795031,-0.9593323176981944,-0.7989363675067235
Practical range (≤500 mg/L),121,-0.8729387606566033,-0.9593323176981944,-0.7989363675067235
Practical range (≤500 mg/L),122,-0.8730563808310803,-0.9593323176981944,-0.7989363675067235
Practical range (≤500 mg/L),123,-0.8736048060455508,-0.9600713263652874,-0.7989363675067235
Practical range (≤500 mg/L),124,-0.8736704548341233,-0.9600713263652874,-0.7989363675067235
Practical range (≤500 mg/L),125,-0.8737726637097222,-0.9603012963353846,-0.7989363675067235
Practical range (≤500 mg/L),126,-0.8737726637097222,-0.9603012963353846,-0.7989363675067235
Practical range (≤500 mg/L),127,-0.8737727179238461,-0.9603012963353846,-0.7989364894885024
Practical range (≤500 mg/L),128,-0.8737727179238461,-0.9603012963353846,-0.7989364894885024
Practical range (≤500 mg/L),129,-0.8737727179238461,-0.9603012963353846,-0.7989364894885024
Practical range (≤500 mg/L),130,-0.8738454781206112,-0.9603012963353846,-0.7989364894885024
Practical range (≤500 mg/L),131,-0.8743145446702416,-0.9603823514136458,-0.8017167304586951
Practical range (≤500 mg/L),132,-0.8743358675901861,-0.9604303279835213,-0.8017167304586951
Practical range (≤500 mg/L),133,-0.8743494120290922,-0.9604303279835213,-0.8017167304586951
Practical range (≤500 mg/L),134,-0.8743494120290922,-0.9604303279835213,-0.8017167304586951
Practical range (≤500 mg/L),135,-0.874462988271725,-0.9604303279835213,-0.8017167304586951
Practical range (≤500 mg/L),136,-0.874465732169225,-0.9604303279835213,-0.8017167304586951
Practical range (≤500 mg/L),137,-0.874465732169225,-0.9604303279835213,-0.8017167304586951
Practical range (≤500 mg/L),138,-0.8751515644471347,-0.9604303279835213,-0.8017167304586951
Practical range (≤500 mg/L),139,-0.8753052900813619,-0.9604303279835213,-0.8017167304586951
Practical range (≤500 mg/L),140,-0.8753460376972517,-0.9604303279835213,-0.8017167304586951
Practical range (≤500 mg/L),141,-0.8754241956401259,-0.9604303279835213,-0.8017167304586951
Practical range (≤500 mg/L),142,-0.8754254197471987,-0.9604303279835213,-0.8017167304586951
Practical range (≤500 mg/L),143,-0.875448810713995,-0.9604303279835213,-0.8017167304586951
Practical range (≤500 mg/L),144,-0.875458481795025,-0.9604303279835213,-0.8017167304586951
Practical range (≤500 mg/L),145,-0.8814327594271809,-0.9604469317775643,-0.8017167304586951
Practical range (≤500 mg/L),146,-0.8817190083853225,-0.9604469317775643,-0.8017167304586951
Practical range (≤500 mg/L),147,-0.8817202328127914,-0.9604471773229595,-0.8017167304586951
Practical range (≤500 mg/L),148,-0.8817261239295574,-0.9604471773229595,-0.8017261917317979
Practical range (≤500 mg/L),149,-0.8817261239295574,-0.9604471773229595,-0.8017261917317979
Practical range (≤500 mg/L),150,-0.8817306582757096,-0.9604471773229595,-0.8017261917317979
Practical range (≤500 mg/L),151,-0.8818546497037987,-0.9604471773229595,-0.8017261917317979
Practical range (≤500 mg/L),152,-0.8818546497037987,-0.9604471773229595,-0.8017261917317979
Practical range (≤500 mg/L),153,-0.8838052186491024,-0.9604471773229595,-0.8032693143570948
Practical range (≤500 mg/L),154,-0.8838052186491024,-0.9604471773229595,-0.8032693143570948
Practical range (≤500 mg/L),155,-0.883987565043301,-0.9604471773229595,-0.8032693143570948
Practical range (≤500 mg/L),156,-0.8839941398782155,-0.9604471773229595,-0.8032693143570948
Practical range (≤500 mg/L),157,-0.8839941398782155,-0.9604471773229595,-0.8032693143570948
Practical range (≤500 mg/L),158,-0.8839941398782155,-0.9604471773229595,-0.8032693143570948
Practical range (≤500 mg/L),159,-0.8839941398782155,-0.9604471773229595,-0.8032693143570948
Practical range (≤500 mg/L),160,-0.8842712284633937,-0.9604471773229595,-0.8032693143570948
Practical range (≤500 mg/L),161,-0.8897193936674178,-0.9604471773229595,-0.8113566605722348
Practical range (≤500 mg/L),162,-0.8897193936674178,-0.9604471773229595,-0.8113566605722348
Practical range (≤500 mg/L),163,-0.8898184736770652,-0.9604471773229595,-0.8113566605722348
Practical range (≤500 mg/L),164,-0.8898184736770652,-0.9604471773229595,-0.8113566605722348
Practical range (≤500 mg/L),165,-0.8898184736770652,-0.9604471773229595,-0.8113566605722348
Practical range (≤500 mg/L),166,-0.8898315755234982,-0.9604471773229595,-0.8113566605722348
Practical range (≤500 mg/L),167,-0.8898315755234982,-0.9604471773229595,-0.8113566605722348
Practical range (≤500 mg/L),168,-0.8912864094455225,-0.9604471773229595,-0.8113566605722348
Practical range (≤500 mg/L),169,-0.8912864094455225,-0.9604471773229595,-0.8113566605722348
Practical range (≤500 mg/L),170,-0.8912864094455225,-0.9604471773229595,-0.8113566605722348
Practical range (≤500 mg/L),171,-0.8912901011391829,-0.9604471773229595,-0.8113649668829704
Practical range (≤500 mg/L),172,-0.8964195948590756,-0.9604471773229595,-0.8113649668829704
Practical range (≤500 mg/L),173,-0.8972681187184801,-0.9604471773229595,-0.8113649668829704
Practical range (≤500 mg/L),174,-0.8972681187184801,-0.9604471773229595,-0.8113649668829704
Practical range (≤500 mg/L),175,-0.8973199077488301,-0.9604471773229595,-0.8113657526550171
Practical range (≤500 mg/L),176,-0.8973199077488301,-0.9604471773229595,-0.8113657526550171
Practical range (≤500 mg/L),177,-0.8974098965172399,-0.9604471773229595,-0.8113657526550171
Practical range (≤500 mg/L),178,-0.8974360304893224,-0.9604471773229595,-0.8113657526550171
Practical range (≤500 mg/L),179,-0.8974749391564447,-0.9604471773229595,-0.8113657526550171
Practical range (≤500 mg/L),180,-0.8975332478473081,-0.9604471773229595,-0.8113657526550171
Practical range (≤500 mg/L),181,-0.8975383114384489,-0.9604471773229595,-0.8113771457350836
Practical range (≤500 mg/L),182,-0.8975383114384489,-0.9604471773229595,-0.8113771457350836
Practical range (≤500 mg/L),183,-0.8975383114384489,-0.9604471773229595,-0.8113771457350836
Practical range (≤500 mg/L),184,-0.8975383114384489,-0.9604471773229595,-0.8113771457350836
Practical range (≤500 mg/L),185,-0.8975383114384489,-0.9604471773229595,-0.8113771457350836
Practical range (≤500 mg/L),186,-0.8975493628589785,-0.9604862827347878,-0.8113771457350836
Practical range (≤500 mg/L),187,-0.8975493628589785,-0.9604862827347878,-0.8113771457350836
Practical range (≤500 mg/L),188,-0.8975493628589785,-0.9604862827347878,-0.8113771457350836
Practical range (≤500 mg/L),189,-0.897551007477176,-0.9604862827347878,-0.811380846126028
Practical range (≤500 mg/L),190,-0.897551007477176,-0.9604862827347878,-0.811380846126028
Practical range (≤500 mg/L),191,-0.8975642033087219,-0.9604862827347878,-0.811380846126028
Practical range (≤500 mg/L),192,-0.8975650971203301,-0.9604862827347878,-0.811380846126028
Practical range (≤500 mg/L),193,-0.8975704229691381,-0.9604862827347878,-0.8113928292858458
Practical range (≤500 mg/L),194,-0.8975704229691381,-0.9604862827347878,-0.8113928292858458
Practical range (≤500 mg/L),195,-0.8984635410733048,-0.9645077564836645,-0.8113928292858458
Practical range (≤500 mg/L),196,-0.8984636319327602,-0.9645077564836645,-0.8113930337196207
Practical range (≤500 mg/L),197,-0.8986034121163013,-0.9645077564836645,-0.8113930337196207
Practical range (≤500 mg/L),198,-0.8986034121163013,-0.9645077564836645,-0.8113930337196207
Practical range (≤500 mg/L),199,-0.8986304774857545,-0.9646280582866614,-0.8113930337196207
Practical range (≤500 mg/L),200,-0.8986304774857545,-0.9646280582866614,-0.8113930337196207
Practical range (≤500 mg/L),201,-0.8986304774857545,-0.9646280582866614,-0.8113930337196207
Practical range (≤500 mg/L),202,-0.89865164836056,-0.9646280582866614,-0.8113930337196207
Practical range (≤500 mg/L),203,-0.9085900866891918,-0.9646280582866614,-0.8119520479661289
Practical range (≤500 mg/L),204,-0.9086647159698721,-0.9646280582866614,-0.8119520479661289
Practical range (≤500 mg/L),205,-0.908665638401874,-0.9646352071346762,-0.8119520479661289
Practical range (≤500 mg/L),206,-0.9089927674713978,-0.9646352071346762,-0.8119520479661289
Practical range (≤500 mg/L),207,-0.9089927674713978,-0.9646352071346762,-0.8119520479661289
Practical range (≤500 mg/L),208,-0.9089927674713978,-0.9646352071346762,-0.8119520479661289
Practical range (≤500 mg/L),209,-0.9089927674713978,-0.9646352071346762,-0.8119520479661289
Practical range (≤500 mg/L),210,-0.9089927674713978,-0.9646352071346762,-0.8119520479661289
Practical range (≤500 mg/L),211,-0.9095058836474609,-0.9646352071346762,-0.8119520479661289
Practical range (≤500 mg/L),212,-0.909508160795786,-0.9646352071346762,-0.8119520479661289
Practical range (≤500 mg/L),213,-0.9101413518411796,-0.9658455589115684,-0.8119520479661289
Practical range (≤500 mg/L),214,-0.9101413518411796,-0.9658455589115684,-0.8119520479661289
Practical range (≤500 mg/L),215,-0.910306899572336,-0.9671285538280309,-0.8119520479661289
Practical range (≤500 mg/L),216,-0.910306899572336,-0.9671285538280309,-0.8119520479661289
Practical range (≤500 mg/L),217,-0.911687604176017,-0.9671285538280309,-0.8119520479661289
Practical range (≤500 mg/L),218,-0.9118531519071735,-0.9675010362231329,-0.8119520479661289
Practical range (≤500 mg/L),219,-0.9118531519071735,-0.9675010362231329,-0.8119520479661289
Practical range (≤500 mg/L),220,-0.9118531519071735,-0.9675010362231329,-0.8119520479661289
Practical range (≤500 mg/L),221,-0.9118531519071735,-0.9675010362231329,-0.8119520479661289
Practical range (≤500 mg/L),222,-0.9118531519071735,-0.9675010362231329,-0.8119520479661289
Practical range (≤500 mg/L),223,-0.9124711291106596,-0.9675010362231329,-0.8119520479661289
Practical range (≤500 mg/L),224,-0.91403807056214,-0.9713976444186576,-0.8119520479661289
Practical range (≤500 mg/L),225,-0.9142720458711995,-0.9732109530638685,-0.8119520479661289
Practical range (≤500 mg/L),226,-0.9142723247352645,-0.9732109530638685,-0.8119520479661289
Practical range (≤500 mg/L),227,-0.915657309755194,-0.9732109530638685,-0.8119520479661289
Practical range (≤500 mg/L),228,-0.915657309755194,-0.9732109530638685,-0.8119520479661289
Practical range (≤500 mg/L),229,-0.9162569288051634,-0.9746364772378799,-0.8119520479661289
Practical range (≤500 mg/L),230,-0.9162569288051634,-0.9746364772378799,-0.8119520479661289
Practical range (≤500 mg/L),231,-0.9164651941704566,-0.9753434769223099,-0.8119520479661289
Practical range (≤500 mg/L),232,-0.9164767413472642,-0.9753694580701268,-0.8119520479661289
Practical range (≤500 mg/L),233,-0.9164767413472642,-0.9753694580701268,-0.8119520479661289
Practical range (≤500 mg/L),234,-0.9164814198197752,-0.975405716232087,-0.8119520479661289
Practical range (≤500 mg/L),235,-0.9164814198197752,-0.975405716232087,-0.8119520479661289
Practical range (≤500 mg/L),236,-0.9164815288383507,-0.975405716232087,-0.8119520479661289
Practical range (≤500 mg/L),237,-0.9164815288383507,-0.975405716232087,-0.8119520479661289
Practical range (≤500 mg/L),238,-0.9164815288383507,-0.975405716232087,-0.8119520479661289
Practical range (≤500 mg/L),239,-0.9164815288383507,-0.975405716232087,-0.8119520479661289
Practical range (≤500 mg/L),240,-0.9164815288383507,-0.975405716232087,-0.8119520479661289
Practical range (≤500 mg/L),241,-0.9164815288383507,-0.975405716232087,-0.8119520479661289
Practical range (≤500 mg/L),242,-0.9164815288383507,-0.975405716232087,-0.8119520479661289
Practical range (≤500 mg/L),243,-0.9164815288383507,-0.975405716232087,-0.8119520479661289
Practical range (≤500 mg/L),244,-0.9164863967404597,-0.975405716232087,-0.8119630007458742
Practical range (≤500 mg/L),245,-0.9168024181869481,-0.975405716232087,-0.8119630007458742
Practical range (≤500 mg/L),246,-0.9168024181869481,-0.975405716232087,-0.8119630007458742
Practical range (≤500 mg/L),247,-0.9168024181869481,-0.975405716232087,-0.8119630007458742
Practical range (≤500 mg/L),248,-0.9169109472241009,-0.975405716232087,-0.8119630007458742
Practical range (≤500 mg/L),249,-0.9169109472241009,-0.975405716232087,-0.8119630007458742
Practical range (≤500 mg/L),250,-0.9169109472241009,-0.975405716232087,-0.8119630007458742
Practical range (≤500 mg/L),251,-0.9169109472241009,-0.975405716232087,-0.8119630007458742
Practical range (≤500 mg/L),252,-0.9169109472241009,-0.975405716232087,-0.8119630007458742
Practical range (≤500 mg/L),253,-0.9169109472241009,-0.975405716232087,-0.8119630007458742
Practical range (≤500 mg/L),254,-0.9169330429685372,-0.9754554316570689,-0.8119630007458742
Practical range (≤500 mg/L),255,-0.9169330429685372,-0.9754554316570689,-0.8119630007458742
Practical range (≤500 mg/L),256,-0.916954879101695,-0.9754554316570689,-0.8119630007458742
Practical range (≤500 mg/L),257,-0.916954879101695,-0.9754554316570689,-0.8119630007458742
Practical range (≤500 mg/L),258,-0.9187302298482434,-0.9754554316570689,-0.8119630007458742
Practical range (≤500 mg/L),259,-0.9188520208930093,-0.9754554316570689,-0.8119630007458742
Practical range (≤500 mg/L),260,-0.9188887490765939,-0.9754554316570689,-0.8119630007458742
Practical range (≤500 mg/L),261,-0.9188887490765939,-0.9754554316570689,-0.8119630007458742
Practical range (≤500 mg/L),262,-0.9188887490765939,-0.9754554316570689,-0.8119630007458742
Practical range (≤500 mg/L),263,-0.9188887490765939,-0.9754554316570689,-0.8119630007458742
Practical range (≤500 mg/L),264,-0.9189418099248702,-0.9756195792038075,-0.8119630007458742
Practical range (≤500 mg/L),265,-0.9189496181220906,-0.9756195792038075,-0.8119630007458742
Practical range (≤500 mg/L),266,-0.9189496181220906,-0.9756195792038075,-0.8119630007458742
Practical range (≤500 mg/L),267,-0.918951673651421,-0.9756355095561177,-0.8119630007458742
Practical range (≤500 mg/L),268,-0.918951673651421,-0.9756355095561177,-0.8119630007458742
Practical range (≤500 mg/L),269,-0.918951673651421,-0.9756355095561177,-0.8119630007458742
Practical range (≤500 mg/L),270,-0.918951673651421,-0.9756355095561177,-0.8119630007458742
Practical range (≤500 mg/L),271,-0.918951673651421,-0.9756355095561177,-0.8119630007458742
Practical range (≤500 mg/L),272,-0.9189770695533459,-0.9756355095561177,-0.8119630007458742
Practical range (≤500 mg/L),273,-0.9190009968624867,-0.9756893460016842,-0.8119630007458742
Practical range (≤500 mg/L),274,-0.9190009968624867,-0.9756893460016842,-0.8119630007458742
Practical range (≤500 mg/L),275,-0.9190009968624867,-0.9756893460016842,-0.8119630007458742
Practical range (≤500 mg/L),276,-0.9190009968624867,-0.9756893460016842,-0.8119630007458742
Practical range (≤500 mg/L),277,-0.9190087778980921,-0.9756893460016842,-0.8119630007458742
Practical range (≤500 mg/L),278,-0.9190087778980921,-0.9756893460016842,-0.8119630007458742
Practical range (≤500 mg/L),279,-0.9190087778980921,-0.9756893460016842,-0.8119630007458742
Practical range (≤500 mg/L),280,-0.9197037816668102,-0.9756893460016842,-0.8119630007458742
Practical range (≤500 mg/L),281,-0.9197037816668102,-0.9756893460016842,-0.8119630007458742
Practical range (≤500 mg/L),282,-0.9197037816668102,-0.9756893460016842,-0.8119630007458742
Practical range (≤500 mg/L),283,-0.9197037816668102,-0.9756893460016842,-0.8119630007458742
Practical range (≤500 mg/L),284,-0.9197037816668102,-0.9756893460016842,-0.8119630007458742
Practical range (≤500 mg/L),285,-0.9197037816668102,-0.9756893460016842,-0.8119630007458742
Practical range (≤500 mg/L),286,-0.9197040301398015,-0.9756899050659148,-0.8119630007458742
Practical range (≤500 mg/L),287,-0.9197040301398015,-0.9756899050659148,-0.8119630007458742
Practical range (≤500 mg/L),288,-0.9197040301398015,-0.9756899050659148,-0.8119630007458742
Practical range (≤500 mg/L),289,-0.9197040301398015,-0.9756899050659148,-0.8119630007458742
Practical range (≤500 mg/L),290,-0.9197040301398015,-0.9756899050659148,-0.8119630007458742
Practical range (≤500 mg/L),291,-0.9197040301398015,-0.9756899050659148,-0.8119630007458742
Practical range (≤500 mg/L),292,-0.9197040301398015,-0.9756899050659148,-0.8119630007458742
Practical range (≤500 mg/L),293,-0.9197100800293201,-0.9757367917096839,-0.8119630007458742
Practical range (≤500 mg/L),294,-0.9197100800293201,-0.9757367917096839,-0.8119630007458742
Practical range (≤500 mg/L),295,-0.9197100800293201,-0.9757367917096839,-0.8119630007458742
Practical range (≤500 mg/L),296,-0.9197100800293201,-0.9757367917096839,-0.8119630007458742
Practical range (≤500 mg/L),297,-0.9197100800293201,-0.9757367917096839,-0.8119630007458742
Practical range (≤500 mg/L),298,-0.9197100800293201,-0.9757367917096839,-0.8119630007458742
Practical range (≤500 mg/L),299,-0.9197102264134056,-0.9757367917096839,-0.8119630007458742
Practical range (≤500 mg/L),300,-0.9197102264134056,-0.9757367917096839,-0.8119630007458742
Practical range (≤500 mg/L),301,-0.9263597334272774,-0.9757367917096839,-0.8331198199249187
Practical range (≤500 mg/L),302,-0.9263597334272774,-0.9757367917096839,-0.8331198199249187
Practical range (≤500 mg/L),303,-0.9263597334272774,-0.9757367917096839,-0.8331198199249187
Practical range (≤500 mg/L),304,-0.9263597334272774,-0.9757367917096839,-0.8331198199249187
Practical range (≤500 mg/L),305,-0.9269074472774795,-0.9757367917096839,-0.8331198199249187
Practical range (≤500 mg/L),306,-0.926917901185182,-0.9757367917096839,-0.8332008377096133
Practical range (≤500 mg/L),307,-0.926917901185182,-0.9757367917096839,-0.8332008377096133
Practical range (≤500 mg/L),308,-0.926917901185182,-0.9757367917096839,-0.8332008377096133
Practical range (≤500 mg/L),309,-0.926917901185182,-0.9757367917096839,-0.8332008377096133
Practical range (≤500 mg/L),310,-0.926918033569063,-0.9757367917096839,-0.8332008377096133
Practical range (≤500 mg/L),311,-0.926918033569063,-0.9757367917096839,-0.8332008377096133
Practical range (≤500 mg/L),312,-0.926918033569063,-0.9757367917096839,-0.8332008377096133
Practical range (≤500 mg/L),313,-0.926918033569063,-0.9757367917096839,-0.8332008377096133
Practical range (≤500 mg/L),314,-0.926918033569063,-0.9757367917096839,-0.8332008377096133
Practical range (≤500 mg/L),315,-0.926918033569063,-0.9757367917096839,-0.8332008377096133
Practical range (≤500 mg/L),316,-0.926918033569063,-0.9757367917096839,-0.8332008377096133
Practical range (≤500 mg/L),317,-0.926918039890032,-0.9757367917096839,-0.8332008377096133
Practical range (≤500 mg/L),318,-0.9269214928705944,-0.9757367917096839,-0.8332008377096133
Practical range (≤500 mg/L),319,-0.9269214928705944,-0.9757367917096839,-0.8332008377096133
Practical range (≤500 mg/L),320,-0.9269214928705944,-0.9757367917096839,-0.8332008377096133
Practical range (≤500 mg/L),321,-0.9277333394821158,-0.9757367917096839,-0.8332008377096133
Practical range (≤500 mg/L),322,-0.9277333394821158,-0.9757367917096839,-0.8332008377096133
Practical range (≤500 mg/L),323,-0.9277390946009992,-0.9757367917096839,-0.8332454398809604
Practical range (≤500 mg/L),324,-0.9277390946009992,-0.9757367917096839,-0.8332454398809604
Practical range (≤500 mg/L),325,-0.9277390946009992,-0.9757367917096839,-0.8332454398809604
Practical range (≤500 mg/L),326,-0.9277390946009992,-0.9757367917096839,-0.8332454398809604
Practical range (≤500 mg/L),327,-0.9277390946009992,-0.9757367917096839,-0.8332454398809604
Practical range (≤500 mg/L),328,-0.9277535357431187,-0.9757367917096839,-0.8332454398809604
Practical range (≤500 mg/L),329,-0.9277535357431187,-0.9757367917096839,-0.8332454398809604
Practical range (≤500 mg/L),330,-0.9277535357431187,-0.9757367917096839,-0.8332454398809604
Practical range (≤500 mg/L),331,-0.9277603123931666,-0.9757367917096839,-0.8332454398809604
Practical range (≤500 mg/L),332,-0.9278428768003035,-0.9757367917096839,-0.8332454398809604
Practical range (≤500 mg/L),333,-0.9278428768003035,-0.9757367917096839,-0.8332454398809604
Practical range (≤500 mg/L),334,-0.9278428768003035,-0.9757367917096839,-0.8332454398809604
Practical range (≤500 mg/L),335,-0.9278428768003035,-0.9757367917096839,-0.8332454398809604
Practical range (≤500 mg/L),336,-0.9278428768003035,-0.9757367917096839,-0.8332454398809604
Practical range (≤500 mg/L),337,-0.9278428768003035,-0.9757367917096839,-0.8332454398809604
Practical range (≤500 mg/L),338,-0.9278428768003035,-0.9757367917096839,-0.8332454398809604
Practical range (≤500 mg/L),339,-0.9278432324701473,-0.9757367917096839,-0.8332454398809604
Practical range (≤500 mg/L),340,-0.9278432324701473,-0.9757367917096839,-0.8332454398809604
Practical range (≤500 mg/L),341,-0.9278432324701473,-0.9757367917096839,-0.8332454398809604
Practical range (≤500 mg/L),342,-0.9278432324701473,-0.9757367917096839,-0.8332454398809604
Practical range (≤500 mg/L),343,-0.9278432324701473,-0.9757367917096839,-0.8332454398809604
Practical range (≤500 mg/L),344,-0.9279072282207756,-0.9757494078025943,-0.8332454398809604
Practical range (≤500 mg/L),345,-0.9279072282207756,-0.9757494078025943,-0.8332454398809604
Practical range (≤500 mg/L),346,-0.928712507827143,-0.9757494078025943,-0.8350573189952867
Practical range (≤500 mg/L),347,-0.9287196360716605,-0.9757494078025943,-0.8350573189952867
Practical range (≤500 mg/L),348,-0.9287196360716605,-0.9757494078025943,-0.8350573189952867
Practical range (≤500 mg/L),349,-0.9287196360716605,-0.9757494078025943,-0.8350573189952867
Practical range (≤500 mg/L),350,-0.9310537005427924,-0.9757494078025943,-0.837611501134497
Practical range (≤500 mg/L),351,-0.9310537005427924,-0.9757494078025943,-0.837611501134497
Practical range (≤500 mg/L),352,-0.9310537005427924,-0.9757494078025943,-0.837611501134497
Practical range (≤500 mg/L),353,-0.9323131649708717,-0.9757494078025943,-0.837611501134497
Practical range (≤500 mg/L),354,-0.9323131649708717,-0.9757494078025943,-0.837611501134497
Practical range (≤500 mg/L),355,-0.9323131649708717,-0.9757494078025943,-0.837611501134497
Practical range (≤500 mg/L),356,-0.9323131649708717,-0.9757494078025943,-0.837611501134497
Practical range (≤500 mg/L),357,-0.9323131649708717,-0.9757494078025943,-0.837611501134497
Practical range (≤500 mg/L),358,-0.9323131649708717,-0.9757494078025943,-0.837611501134497
Practical range (≤500 mg/L),359,-0.9328201179334241,-0.9757494078025943,-0.837611501134497
Practical range (≤500 mg/L),360,-0.9341374737910764,-0.9757494078025943,-0.837611501134497
Practical range (≤500 mg/L),361,-0.9341477896740857,-0.9757494078025943,-0.837611501134497
Practical range (≤500 mg/L),362,-0.9341477896740857,-0.9757494078025943,-0.837611501134497
Practical range (≤500 mg/L),363,-0.9346203853041997,-0.9757494078025943,-0.837611501134497
Practical range (≤500 mg/L),364,-0.9349297152681786,-0.9757494078025943,-0.837611501134497
Practical range (≤500 mg/L),365,-0.9349297152681786,-0.9757494078025943,-0.837611501134497
Practical range (≤500 mg/L),366,-0.9353009190906123,-0.9757494078025943,-0.837611501134497
Practical range (≤500 mg/L),367,-0.9353009190906123,-0.9757494078025943,-0.837611501134497
Practical range (≤500 mg/L),368,-0.9353009190906123,-0.9757494078025943,-0.837611501134497
Practical range (≤500 mg/L),369,-0.9353009190906123,-0.9757494078025943,-0.837611501134497
Practical range (≤500 mg/L),370,-0.9353593735042656,-0.9757494078025943,-0.837611501134497
Practical range (≤500 mg/L),371,-0.9353593735042656,-0.9757494078025943,-0.837611501134497
Practical range (≤500 mg/L),372,-0.9353593735042656,-0.9757494078025943,-0.837611501134497
Practical range (≤500 mg/L),373,-0.9353593735042656,-0.9757494078025943,-0.837611501134497
Practical range (≤500 mg/L),374,-0.9353593735042656,-0.9757494078025943,-0.837611501134497
Practical range (≤500 mg/L),375,-0.9353593735042656,-0.9757494078025943,-0.837611501134497
Practical range (≤500 mg/L),376,-0.9353644441154305,-0.9757494078025943,-0.837611501134497
Practical range (≤500 mg/L),377,-0.9353644441154305,-0.9757494078025943,-0.837611501134497
Practical range (≤500 mg/L),378,-0.9353644441154305,-0.9757494078025943,-0.837611501134497
Practical range (≤500 mg/L),379,-0.9353644441154305,-0.9757494078025943,-0.837611501134497
Practical range (≤500 mg/L),380,-0.9353644441154305,-0.9757494078025943,-0.837611501134497
Practical range (≤500 mg/L),381,-0.9353644441154305,-0.9757494078025943,-0.837611501134497
Practical range (≤500 mg/L),382,-0.9354660737052664,-0.9757494078025943,-0.8378401677116276
Practical range (≤500 mg/L),383,-0.9354660737052664,-0.9757494078025943,-0.8378401677116276
Practical range (≤500 mg/L),384,-0.9354660737052664,-0.9757494078025943,-0.8378401677116276
Practical range (≤500 mg/L),385,-0.9354660737052664,-0.9757494078025943,-0.8378401677116276
Practical range (≤500 mg/L),386,-0.9354660737052664,-0.9757494078025943,-0.8378401677116276
Practical range (≤500 mg/L),387,-0.9354660737052664,-0.9757494078025943,-0.8378401677116276
Practical range (≤500 mg/L),388,-0.9354660737052664,-0.9757494078025943,-0.8378401677116276
Practical range (≤500 mg/L),389,-0.9354660737052664,-0.9757494078025943,-0.8378401677116276
Practical range (≤500 mg/L),390,-0.9354660737052664,-0.9757494078025943,-0.8378401677116276
Practical range (≤500 mg/L),391,-0.9354828508085452,-0.9757494078025943,-0.8378401677116276
Practical range (≤500 mg/L),392,-0.9354828508085452,-0.9757494078025943,-0.8378401677116276
Practical range (≤500 mg/L),393,-0.9354828508085452,-0.9757494078025943,-0.8378401677116276
Practical range (≤500 mg/L),394,-0.9354828508085452,-0.9757494078025943,-0.8378401677116276
Practical range (≤500 mg/L),395,-0.9355161423943537,-0.9757494078025943,-0.8378401677116276
Practical range (≤500 mg/L),396,-0.9360620320482926,-0.9757744054625799,-0.8378401677116276
Practical range (≤500 mg/L),397,-0.9360620320482926,-0.9757744054625799,-0.8378401677116276
Practical range (≤500 mg/L),398,-0.9360620320482926,-0.9757744054625799,-0.8378401677116276
Practical range (≤500 mg/L),399,-0.9360620320482926,-0.9757744054625799,-0.8378401677116276
Practical range (≤500 mg/L),400,-0.9360620320482926,-0.9757744054625799,-0.8378401677116276
Practical range (≤500 mg/L),401,-0.9360620320482926,-0.9757744054625799,-0.8378401677116276
Practical range (≤500 mg/L),402,-0.936073569083835,-0.9757744054625799,-0.8379295797370822
Practical range (≤500 mg/L),403,-0.936073569083835,-0.9757744054625799,-0.8379295797370822
Practical range (≤500 mg/L),404,-0.936073569083835,-0.9757744054625799,-0.8379295797370822
Practical range (≤500 mg/L),405,-0.936073569083835,-0.9757744054625799,-0.8379295797370822
Practical range (≤500 mg/L),406,-0.936073569083835,-0.9757744054625799,-0.8379295797370822
Practical range (≤500 mg/L),407,-0.9364079160506604,-0.9758033922766279,-0.8379295797370822
Practical range (≤500 mg/L),408,-0.9364079160506604,-0.9758033922766279,-0.8379295797370822
Practical range (≤500 mg/L),409,-0.9364079160506604,-0.9758033922766279,-0.8379295797370822
Practical range (≤500 mg/L),410,-0.9364079160506604,-0.9758033922766279,-0.8379295797370822
Practical range (≤500 mg/L),411,-0.9364079160506604,-0.9758033922766279,-0.8379295797370822
Practical range (≤500 mg/L),412,-0.9364327144820166,-0.9758033922766279,-0.8379295797370822
Practical range (≤500 mg/L),413,-0.9364327144820166,-0.9758033922766279,-0.8379295797370822
Practical range (≤500 mg/L),414,-0.9364327144820166,-0.9758033922766279,-0.8379295797370822
Practical range (≤500 mg/L),415,-0.9364327144820166,-0.9758033922766279,-0.8379295797370822
Practical range (≤500 mg/L),416,-0.9364327144820166,-0.9758033922766279,-0.8379295797370822
Practical range (≤500 mg/L),417,-0.9365802735853919,-0.9758033922766279,-0.8382615877196765
Practical range (≤500 mg/L),418,-0.9365802735853919,-0.9758033922766279,-0.8382615877196765
Practical range (≤500 mg/L),419,-0.9365802735853919,-0.9758033922766279,-0.8382615877196765
Practical range (≤500 mg/L),420,-0.9365821178176965,-0.9758033922766279,-0.8382615877196765
Practical range (≤500 mg/L),421,-0.9365821178176965,-0.9758033922766279,-0.8382615877196765
Practical range (≤500 mg/L),422,-0.9366133524677354,-0.9758033922766279,-0.838331865682264
Practical range (≤500 mg/L),423,-0.9366600053341466,-0.9758033922766279,-0.838331865682264
Practical range (≤500 mg/L),424,-0.9366600053341466,-0.9758033922766279,-0.838331865682264
Practical range (≤500 mg/L),425,-0.9366600053341466,-0.9758033922766279,-0.838331865682264
Practical range (≤500 mg/L),426,-0.9366617329329872,-0.9758033922766279,-0.838331865682264
Practical range (≤500 mg/L),427,-0.9366617329329872,-0.9758033922766279,-0.838331865682264
Practical range (≤500 mg/L),428,-0.9366617454544107,-0.9758033922766279,-0.838331865682264
Practical range (≤500 mg/L),429,-0.9366617454544107,-0.9758033922766279,-0.838331865682264
Practical range (≤500 mg/L),430,-0.9366617454544107,-0.9758033922766279,-0.838331865682264
Practical range (≤500 mg/L),431,-0.9366617454544107,-0.9758033922766279,-0.838331865682264
Practical range (≤500 mg/L),432,-0.9366617454544107,-0.9758033922766279,-0.838331865682264
Practical range (≤500 mg/L),433,-0.9366617454544107,-0.9758033922766279,-0.838331865682264
Practical range (≤500 mg/L),434,-0.9366617454544107,-0.9758033922766279,-0.838331865682264
Practical range (≤500 mg/L),435,-0.9366617454544107,-0.9758033922766279,-0.838331865682264
Practical range (≤500 mg/L),436,-0.9366617454544107,-0.9758033922766279,-0.838331865682264
Practical range (≤500 mg/L),437,-0.9366617454544107,-0.9758033922766279,-0.838331865682264
Practical range (≤500 mg/L),438,-0.9366760985782798,-0.9758033922766279,-0.838331865682264
Practical range (≤500 mg/L),439,-0.9366760985782798,-0.9758033922766279,-0.838331865682264
Practical range (≤500 mg/L),440,-0.9366760985782798,-0.9758033922766279,-0.838331865682264
Practical range (≤500 mg/L),441,-0.9366760985782798,-0.9758033922766279,-0.838331865682264
Practical range (≤500 mg/L),442,-0.9366760985782798,-0.9758033922766279,-0.838331865682264
Practical range (≤500 mg/L),443,-0.9366760985782798,-0.9758033922766279,-0.838331865682264
Practical range (≤500 mg/L),444,-0.9366760985782798,-0.9758033922766279,-0.838331865682264
Practical range (≤500 mg/L),445,-0.9366760985782798,-0.9758033922766279,-0.838331865682264
Practical range (≤500 mg/L),446,-0.9373761274519371,-0.9758033922766279,-0.838331865682264
Practical range (≤500 mg/L),447,-0.9373761274519371,-0.9758033922766279,-0.838331865682264
Practical range (≤500 mg/L),448,-0.9373761274519371,-0.9758033922766279,-0.838331865682264
Practical range (≤500 mg/L),449,-0.9373761274519371,-0.9758033922766279,-0.838331865682264
Practical range (≤500 mg/L),450,-0.9373761274519371,-0.9758033922766279,-0.838331865682264
Practical range (≤500 mg/L),451,-0.9373761274519371,-0.9758033922766279,-0.838331865682264
Practical range (≤500 mg/L),452,-0.9373761274519371,-0.9758033922766279,-0.838331865682264
Practical range (≤500 mg/L),453,-0.9373761274519371,-0.9758033922766279,-0.838331865682264
Practical range (≤500 mg/L),454,-0.9373761274519371,-0.9758033922766279,-0.838331865682264
Practical range (≤500 mg/L),455,-0.9373828612898498,-0.9758033922766279,-0.838331865682264
Practical range (≤500 mg/L),456,-0.9373828612898498,-0.9758033922766279,-0.838331865682264
Practical range (≤500 mg/L),457,-0.9373828612898498,-0.9758033922766279,-0.838331865682264
Practical range (≤500 mg/L),458,-0.9373828612898498,-0.9758033922766279,-0.838331865682264
Practical range (≤500 mg/L),459,-0.9373828612898498,-0.9758033922766279,-0.838331865682264
Practical range (≤500 mg/L),460,-0.9374011525761625,-0.9758033922766279,-0.8384736231511872
Practical range (≤500 mg/L),461,-0.9374011525761625,-0.9758033922766279,-0.8384736231511872
Practical range (≤500 mg/L),462,-0.9374011525761625,-0.9758033922766279,-0.8384736231511872
Practical range (≤500 mg/L),463,-0.9374011525761625,-0.9758033922766279,-0.8384736231511872
Practical range (≤500 mg/L),464,-0.9374011525761625,-0.9758033922766279,-0.8384736231511872
Practical range (≤500 mg/L),465,-0.9374011525761625,-0.9758033922766279,-0.8384736231511872
Practical range (≤500 mg/L),466,-0.9374011525761625,-0.9758033922766279,-0.8384736231511872
Practical range (≤500 mg/L),467,-0.9374011525761625,-0.9758033922766279,-0.8384736231511872
Practical range (≤500 mg/L),468,-0.9374011525761625,-0.9758033922766279,-0.8384736231511872
Practical range (≤500 mg/L),469,-0.9374011525761625,-0.9758033922766279,-0.8384736231511872
Practical range (≤500 mg/L),470,-0.938117808396305,-0.9758033922766279,-0.8384736231511872
Practical range (≤500 mg/L),471,-0.938117808396305,-0.9758033922766279,-0.8384736231511872
Practical range (≤500 mg/L),472,-0.938117808396305,-0.9758033922766279,-0.8384736231511872
Practical range (≤500 mg/L),473,-0.938117808396305,-0.9758033922766279,-0.8384736231511872
Practical range (≤500 mg/L),474,-0.938117808396305,-0.9758033922766279,-0.8384736231511872
Practical range (≤500 mg/L),475,-0.938117808396305,-0.9758033922766279,-0.8384736231511872
Practical range (≤500 mg/L),476,-0.938117808396305,-0.9758033922766279,-0.8384736231511872
Practical range (≤500 mg/L),477,-0.938117808396305,-0.9758033922766279,-0.8384736231511872
Practical range (≤500 mg/L),478,-0.938117808396305,-0.9758033922766279,-0.8384736231511872
Practical range (≤500 mg/L),479,-0.938117808396305,-0.9758033922766279,-0.8384736231511872
Practical range (≤500 mg/L),480,-0.938117808396305,-0.9758033922766279,-0.8384736231511872
Practical range (≤500 mg/L),481,-0.938823522811069,-0.9758033922766279,-0.8384736231511872
Practical range (≤500 mg/L),482,-0.938823522811069,-0.9758033922766279,-0.8384736231511872
Practical range (≤500 mg/L),483,-0.9388273811096071,-0.9758120734483388,-0.8384736231511872
Practical range (≤500 mg/L),484,-0.9388273811096071,-0.9758120734483388,-0.8384736231511872
Practical range (≤500 mg/L),485,-0.9388273811096071,-0.9758120734483388,-0.8384736231511872
Practical range (≤500 mg/L),486,-0.9388273811096071,-0.9758120734483388,-0.8384736231511872
Practical range (≤500 mg/L),487,-0.9388273811096071,-0.9758120734483388,-0.8384736231511872
Practical range (≤500 mg/L),488,-0.9388273811096071,-0.9758120734483388,-0.8384736231511872
Practical range (≤500 mg/L),489,-0.9388273811096071,-0.9758120734483388,-0.8384736231511872
Practical range (≤500 mg/L),490,-0.939171671948273,-0.9758120734483388,-0.8384736231511872
Practical range (≤500 mg/L),491,-0.939171671948273,-0.9758120734483388,-0.8384736231511872
Practical range (≤500 mg/L),492,-0.939171671948273,-0.9758120734483388,-0.8384736231511872
Practical range (≤500 mg/L),493,-0.9391902769630225,-0.9758120734483388,-0.8384736231511872
Practical range (≤500 mg/L),494,-0.9391902769630225,-0.9758120734483388,-0.8384736231511872
Practical range (≤500 mg/L),495,-0.9396077620019865,-0.9758207960198458,-0.8384736231511872
Practical range (≤500 mg/L),496,-0.9396077620019865,-0.9758207960198458,-0.8384736231511872
Practical range (≤500 mg/L),497,-0.9396077620019865,-0.9758207960198458,-0.8384736231511872
Practical range (≤500 mg/L),498,-0.9396573900116577,-0.9758207960198458,-0.8384736231511872
Practical range (≤500 mg/L),499,-0.9396573900116577,-0.9758207960198458,-0.8384736231511872
Practical range (≤500 mg/L),500,-0.9396573900116577,-0.9758207960198458,-0.8384736231511872
